ISO-10303-21;
HEADER;
/* Generated by software containing ST-Developer
 * from STEP Tools, Inc. (www.steptools.com) 
 */
/* OPTION: using custom renumber hook */

FILE_DESCRIPTION(
/* description */ ('STEP AP242 Edition 2',
'CAx-IF Rec.Pracs.---Representation and Presentation of Product Manufa
cturing Information (PMI)---4.0---2014-10-13',
'CAx-IF Rec.Pracs.---3D Tessellated Geometry---0.4---2014-09-14','2;1',
'CAx-IF Rec.Pracs.---User Defined Attributes---1.5---2016-08-15'),
/* implementation_level */ '2;1');

FILE_NAME(
/* name */ 'Remote - Body - Remote - Body',
/* time_stamp */ '2026-08-13T07:40:02Z',
/* author */ (''),
/* organization */ (''),
/* preprocessor_version */ 'ST-DEVELOPER v20',
/* originating_system */ 'ONSHAPE BY PTC INC, 1.219',
/* authorisation */ '  ');

FILE_SCHEMA (('AP242_MANAGED_MODEL_BASED_3D_ENGINEERING_MIM_LF { 1 0 10303 442 3 1 4 }'));
ENDSEC;

DATA;
#10=SHAPE_REPRESENTATION_RELATIONSHIP('','',#3244,#11);
#11=ADVANCED_BREP_SHAPE_REPRESENTATION('',(#3242),#5500);
#12=CONICAL_SURFACE('',#3467,0.003,0.321750554396642);
#13=CONICAL_SURFACE('',#3468,0.003,0.321750554396643);
#14=CONICAL_SURFACE('',#3469,0.003,0.321750554396643);
#15=CONICAL_SURFACE('',#3470,0.003,0.321750554396642);
#16=CONICAL_SURFACE('',#3471,0.003,0.321750554396642);
#17=CONICAL_SURFACE('',#3472,0.003,0.321750554396642);
#18=CONICAL_SURFACE('',#3473,0.003,0.321750554396642);
#19=CONICAL_SURFACE('',#3474,0.003,0.321750554396642);
#20=CONICAL_SURFACE('',#3475,0.00364707174771089,0.896055384571345);
#21=CONICAL_SURFACE('',#3478,0.0016470717477109,0.896055384571345);
#22=CONICAL_SURFACE('',#3479,0.0005,0.896055384571345);
#23=CONICAL_SURFACE('',#3482,0.000499999999999993,0.896055384571345);
#24=CONICAL_SURFACE('',#3483,0.0005,0.896055384571345);
#25=CONICAL_SURFACE('',#3486,0.000499999999999983,0.896055384571345);
#26=CONICAL_SURFACE('',#3543,0.001625,0.896055384571345);
#27=CONICAL_SURFACE('',#3544,0.003625,0.896055384571345);
#28=CONICAL_SURFACE('',#3547,0.001625,0.896055384571345);
#29=CONICAL_SURFACE('',#3548,0.003625,0.896055384571345);
#30=TOROIDAL_SURFACE('',#3425,0.005,0.001);
#31=TOROIDAL_SURFACE('',#3428,0.005,0.001);
#32=TOROIDAL_SURFACE('',#3431,0.005,0.001);
#33=TOROIDAL_SURFACE('',#3434,0.005,0.001);
#34=ELLIPSE('',#3285,0.00367695526217005,0.0026);
#35=ELLIPSE('',#3286,0.00367695526217004,0.0026);
#36=ELLIPSE('',#3287,0.00367695526217005,0.0026);
#37=B_SPLINE_CURVE_WITH_KNOTS('',3,(#4603,#4604,#4605,#4606),
 .UNSPECIFIED.,.F.,.F.,(4,4),(0.,0.00298477857668853),.UNSPECIFIED.);
#38=B_SPLINE_CURVE_WITH_KNOTS('',3,(#5103,#5104,#5105,#5106),
 .UNSPECIFIED.,.F.,.F.,(4,4),(1.0444418402013E-17,0.00298477857668847),
 .UNSPECIFIED.);
#39=B_SPLINE_CURVE_WITH_KNOTS('',3,(#5214,#5215,#5216,#5217),
 .UNSPECIFIED.,.F.,.F.,(4,4),(0.,0.00257353675461664),.UNSPECIFIED.);
#40=B_SPLINE_CURVE_WITH_KNOTS('',3,(#5224,#5225,#5226,#5227),
 .UNSPECIFIED.,.F.,.F.,(4,4),(0.,0.00257353675461772),.UNSPECIFIED.);
#41=CYLINDRICAL_SURFACE('',#3253,0.014);
#42=CYLINDRICAL_SURFACE('',#3284,0.0026);
#43=CYLINDRICAL_SURFACE('',#3326,0.00115);
#44=CYLINDRICAL_SURFACE('',#3329,0.003);
#45=CYLINDRICAL_SURFACE('',#3334,0.00115);
#46=CYLINDRICAL_SURFACE('',#3337,0.003);
#47=CYLINDRICAL_SURFACE('',#3342,0.00115);
#48=CYLINDRICAL_SURFACE('',#3345,0.003);
#49=CYLINDRICAL_SURFACE('',#3350,0.00115);
#50=CYLINDRICAL_SURFACE('',#3353,0.003);
#51=CYLINDRICAL_SURFACE('',#3358,0.00115);
#52=CYLINDRICAL_SURFACE('',#3361,0.003);
#53=CYLINDRICAL_SURFACE('',#3366,0.00115);
#54=CYLINDRICAL_SURFACE('',#3369,0.003);
#55=CYLINDRICAL_SURFACE('',#3374,0.00115);
#56=CYLINDRICAL_SURFACE('',#3377,0.003);
#57=CYLINDRICAL_SURFACE('',#3382,0.00115);
#58=CYLINDRICAL_SURFACE('',#3385,0.003);
#59=CYLINDRICAL_SURFACE('',#3390,0.00115);
#60=CYLINDRICAL_SURFACE('',#3393,0.004);
#61=CYLINDRICAL_SURFACE('',#3407,0.001);
#62=CYLINDRICAL_SURFACE('',#3410,0.001);
#63=CYLINDRICAL_SURFACE('',#3413,0.001);
#64=CYLINDRICAL_SURFACE('',#3416,0.001);
#65=CYLINDRICAL_SURFACE('',#3419,0.014);
#66=CYLINDRICAL_SURFACE('',#3420,0.014);
#67=CYLINDRICAL_SURFACE('',#3421,0.014);
#68=CYLINDRICAL_SURFACE('',#3423,0.006);
#69=CYLINDRICAL_SURFACE('',#3426,0.006);
#70=CYLINDRICAL_SURFACE('',#3429,0.006);
#71=CYLINDRICAL_SURFACE('',#3432,0.006);
#72=CYLINDRICAL_SURFACE('',#3436,0.001625);
#73=CYLINDRICAL_SURFACE('',#3439,0.001625);
#74=CYLINDRICAL_SURFACE('',#3442,0.001625);
#75=CYLINDRICAL_SURFACE('',#3446,0.001625);
#76=CYLINDRICAL_SURFACE('',#3450,0.0005);
#77=CYLINDRICAL_SURFACE('',#3452,0.0016470717477109);
#78=CYLINDRICAL_SURFACE('',#3455,0.0005);
#79=CYLINDRICAL_SURFACE('',#3458,0.000499999999999983);
#80=CYLINDRICAL_SURFACE('',#3461,0.000499999999999993);
#81=CYLINDRICAL_SURFACE('',#3464,0.0016470717477109);
#82=CYLINDRICAL_SURFACE('',#3487,0.00114);
#83=CYLINDRICAL_SURFACE('',#3512,0.00115);
#84=CYLINDRICAL_SURFACE('',#3515,0.00115);
#85=CYLINDRICAL_SURFACE('',#3518,0.00115);
#86=CYLINDRICAL_SURFACE('',#3521,0.00115);
#87=CYLINDRICAL_SURFACE('',#3524,0.0065);
#88=CYLINDRICAL_SURFACE('',#3527,0.01);
#89=CYLINDRICAL_SURFACE('',#3533,0.0065);
#90=CYLINDRICAL_SURFACE('',#3536,0.01);
#91=CYLINDRICAL_SURFACE('',#3555,0.004);
#92=CYLINDRICAL_SURFACE('',#3556,0.004);
#93=CYLINDRICAL_SURFACE('',#3557,0.00849999999999989);
#94=CYLINDRICAL_SURFACE('',#3563,0.00849999999999984);
#95=CYLINDRICAL_SURFACE('',#3568,0.0085);
#96=CYLINDRICAL_SURFACE('',#3572,0.0085);
#97=CYLINDRICAL_SURFACE('',#3577,0.00865);
#98=CYLINDRICAL_SURFACE('',#3583,0.00865);
#99=LINE('',#4574,#372);
#100=LINE('',#4579,#373);
#101=LINE('',#4583,#374);
#102=LINE('',#4585,#375);
#103=LINE('',#4587,#376);
#104=LINE('',#4589,#377);
#105=LINE('',#4591,#378);
#106=LINE('',#4595,#379);
#107=LINE('',#4599,#380);
#108=LINE('',#4601,#381);
#109=LINE('',#4610,#382);
#110=LINE('',#4614,#383);
#111=LINE('',#4621,#384);
#112=LINE('',#4625,#385);
#113=LINE('',#4629,#386);
#114=LINE('',#4633,#387);
#115=LINE('',#4637,#388);
#116=LINE('',#4641,#389);
#117=LINE('',#4642,#390);
#118=LINE('',#4645,#391);
#119=LINE('',#4647,#392);
#120=LINE('',#4649,#393);
#121=LINE('',#4651,#394);
#122=LINE('',#4653,#395);
#123=LINE('',#4655,#396);
#124=LINE('',#4657,#397);
#125=LINE('',#4659,#398);
#126=LINE('',#4661,#399);
#127=LINE('',#4663,#400);
#128=LINE('',#4665,#401);
#129=LINE('',#4667,#402);
#130=LINE('',#4671,#403);
#131=LINE('',#4675,#404);
#132=LINE('',#4679,#405);
#133=LINE('',#4683,#406);
#134=LINE('',#4685,#407);
#135=LINE('',#4687,#408);
#136=LINE('',#4689,#409);
#137=LINE('',#4691,#410);
#138=LINE('',#4693,#411);
#139=LINE('',#4695,#412);
#140=LINE('',#4697,#413);
#141=LINE('',#4699,#414);
#142=LINE('',#4701,#415);
#143=LINE('',#4703,#416);
#144=LINE('',#4705,#417);
#145=LINE('',#4706,#418);
#146=LINE('',#4708,#419);
#147=LINE('',#4710,#420);
#148=LINE('',#4711,#421);
#149=LINE('',#4713,#422);
#150=LINE('',#4715,#423);
#151=LINE('',#4718,#424);
#152=LINE('',#4719,#425);
#153=LINE('',#4721,#426);
#154=LINE('',#4723,#427);
#155=LINE('',#4724,#428);
#156=LINE('',#4726,#429);
#157=LINE('',#4728,#430);
#158=LINE('',#4729,#431);
#159=LINE('',#4731,#432);
#160=LINE('',#4733,#433);
#161=LINE('',#4734,#434);
#162=LINE('',#4736,#435);
#163=LINE('',#4738,#436);
#164=LINE('',#4742,#437);
#165=LINE('',#4745,#438);
#166=LINE('',#4747,#439);
#167=LINE('',#4749,#440);
#168=LINE('',#4757,#441);
#169=LINE('',#4759,#442);
#170=LINE('',#4761,#443);
#171=LINE('',#4763,#444);
#172=LINE('',#4764,#445);
#173=LINE('',#4767,#446);
#174=LINE('',#4769,#447);
#175=LINE('',#4771,#448);
#176=LINE('',#4774,#449);
#177=LINE('',#4777,#450);
#178=LINE('',#4779,#451);
#179=LINE('',#4781,#452);
#180=LINE('',#4798,#453);
#181=LINE('',#4801,#454);
#182=LINE('',#4803,#455);
#183=LINE('',#4805,#456);
#184=LINE('',#4813,#457);
#185=LINE('',#4817,#458);
#186=LINE('',#4821,#459);
#187=LINE('',#4826,#460);
#188=LINE('',#4830,#461);
#189=LINE('',#4834,#462);
#190=LINE('',#4838,#463);
#191=LINE('',#4844,#464);
#192=LINE('',#4847,#465);
#193=LINE('',#4849,#466);
#194=LINE('',#4851,#467);
#195=LINE('',#4853,#468);
#196=LINE('',#4856,#469);
#197=LINE('',#4858,#470);
#198=LINE('',#4860,#471);
#199=LINE('',#4865,#472);
#200=LINE('',#4869,#473);
#201=LINE('',#4873,#474);
#202=LINE('',#4877,#475);
#203=LINE('',#4878,#476);
#204=LINE('',#4883,#477);
#205=LINE('',#4887,#478);
#206=LINE('',#4891,#479);
#207=LINE('',#4895,#480);
#208=LINE('',#4899,#481);
#209=LINE('',#4902,#482);
#210=LINE('',#4905,#483);
#211=LINE('',#4907,#484);
#212=LINE('',#4909,#485);
#213=LINE('',#4911,#486);
#214=LINE('',#4914,#487);
#215=LINE('',#4916,#488);
#216=LINE('',#4918,#489);
#217=LINE('',#4928,#490);
#218=LINE('',#4932,#491);
#219=LINE('',#4941,#492);
#220=LINE('',#4943,#493);
#221=LINE('',#4944,#494);
#222=LINE('',#5052,#495);
#223=LINE('',#5054,#496);
#224=LINE('',#5056,#497);
#225=LINE('',#5058,#498);
#226=LINE('',#5060,#499);
#227=LINE('',#5062,#500);
#228=LINE('',#5064,#501);
#229=LINE('',#5066,#502);
#230=LINE('',#5069,#503);
#231=LINE('',#5071,#504);
#232=LINE('',#5073,#505);
#233=LINE('',#5075,#506);
#234=LINE('',#5077,#507);
#235=LINE('',#5079,#508);
#236=LINE('',#5081,#509);
#237=LINE('',#5083,#510);
#238=LINE('',#5107,#511);
#239=LINE('',#5121,#512);
#240=LINE('',#5123,#513);
#241=LINE('',#5125,#514);
#242=LINE('',#5127,#515);
#243=LINE('',#5135,#516);
#244=LINE('',#5137,#517);
#245=LINE('',#5140,#518);
#246=LINE('',#5141,#519);
#247=LINE('',#5143,#520);
#248=LINE('',#5148,#521);
#249=LINE('',#5150,#522);
#250=LINE('',#5152,#523);
#251=LINE('',#5156,#524);
#252=LINE('',#5158,#525);
#253=LINE('',#5160,#526);
#254=LINE('',#5162,#527);
#255=LINE('',#5164,#528);
#256=LINE('',#5170,#529);
#257=LINE('',#5172,#530);
#258=LINE('',#5174,#531);
#259=LINE('',#5176,#532);
#260=LINE('',#5180,#533);
#261=LINE('',#5182,#534);
#262=LINE('',#5184,#535);
#263=LINE('',#5188,#536);
#264=LINE('',#5190,#537);
#265=LINE('',#5192,#538);
#266=LINE('',#5196,#539);
#267=LINE('',#5198,#540);
#268=LINE('',#5200,#541);
#269=LINE('',#5204,#542);
#270=LINE('',#5218,#543);
#271=LINE('',#5220,#544);
#272=LINE('',#5222,#545);
#273=LINE('',#5229,#546);
#274=LINE('',#5231,#547);
#275=LINE('',#5233,#548);
#276=LINE('',#5235,#549);
#277=LINE('',#5237,#550);
#278=LINE('',#5239,#551);
#279=LINE('',#5241,#552);
#280=LINE('',#5248,#553);
#281=LINE('',#5250,#554);
#282=LINE('',#5252,#555);
#283=LINE('',#5254,#556);
#284=LINE('',#5256,#557);
#285=LINE('',#5259,#558);
#286=LINE('',#5261,#559);
#287=LINE('',#5263,#560);
#288=LINE('',#5265,#561);
#289=LINE('',#5267,#562);
#290=LINE('',#5269,#563);
#291=LINE('',#5271,#564);
#292=LINE('',#5273,#565);
#293=LINE('',#5276,#566);
#294=LINE('',#5279,#567);
#295=LINE('',#5280,#568);
#296=LINE('',#5282,#569);
#297=LINE('',#5284,#570);
#298=LINE('',#5286,#571);
#299=LINE('',#5289,#572);
#300=LINE('',#5290,#573);
#301=LINE('',#5292,#574);
#302=LINE('',#5294,#575);
#303=LINE('',#5296,#576);
#304=LINE('',#5298,#577);
#305=LINE('',#5299,#578);
#306=LINE('',#5302,#579);
#307=LINE('',#5304,#580);
#308=LINE('',#5306,#581);
#309=LINE('',#5308,#582);
#310=LINE('',#5310,#583);
#311=LINE('',#5312,#584);
#312=LINE('',#5314,#585);
#313=LINE('',#5315,#586);
#314=LINE('',#5318,#587);
#315=LINE('',#5320,#588);
#316=LINE('',#5322,#589);
#317=LINE('',#5324,#590);
#318=LINE('',#5326,#591);
#319=LINE('',#5353,#592);
#320=LINE('',#5357,#593);
#321=LINE('',#5359,#594);
#322=LINE('',#5363,#595);
#323=LINE('',#5374,#596);
#324=LINE('',#5378,#597);
#325=LINE('',#5380,#598);
#326=LINE('',#5382,#599);
#327=LINE('',#5387,#600);
#328=LINE('',#5388,#601);
#329=LINE('',#5390,#602);
#330=LINE('',#5392,#603);
#331=LINE('',#5394,#604);
#332=LINE('',#5396,#605);
#333=LINE('',#5398,#606);
#334=LINE('',#5400,#607);
#335=LINE('',#5403,#608);
#336=LINE('',#5406,#609);
#337=LINE('',#5408,#610);
#338=LINE('',#5409,#611);
#339=LINE('',#5411,#612);
#340=LINE('',#5413,#613);
#341=LINE('',#5415,#614);
#342=LINE('',#5420,#615);
#343=LINE('',#5424,#616);
#344=LINE('',#5426,#617);
#345=LINE('',#5428,#618);
#346=LINE('',#5431,#619);
#347=LINE('',#5433,#620);
#348=LINE('',#5435,#621);
#349=LINE('',#5439,#622);
#350=LINE('',#5442,#623);
#351=LINE('',#5444,#624);
#352=LINE('',#5446,#625);
#353=LINE('',#5450,#626);
#354=LINE('',#5453,#627);
#355=LINE('',#5457,#628);
#356=LINE('',#5459,#629);
#357=LINE('',#5461,#630);
#358=LINE('',#5464,#631);
#359=LINE('',#5468,#632);
#360=LINE('',#5470,#633);
#361=LINE('',#5472,#634);
#362=LINE('',#5475,#635);
#363=LINE('',#5477,#636);
#364=LINE('',#5479,#637);
#365=LINE('',#5483,#638);
#366=LINE('',#5486,#639);
#367=LINE('',#5487,#640);
#368=LINE('',#5489,#641);
#369=LINE('',#5491,#642);
#370=LINE('',#5494,#643);
#371=LINE('',#5496,#644);
#372=VECTOR('',#3603,1.);
#373=VECTOR('',#3606,1.);
#374=VECTOR('',#3609,1.);
#375=VECTOR('',#3610,1.);
#376=VECTOR('',#3611,1.);
#377=VECTOR('',#3612,1.);
#378=VECTOR('',#3613,1.);
#379=VECTOR('',#3616,1.);
#380=VECTOR('',#3619,1.);
#381=VECTOR('',#3620,1.);
#382=VECTOR('',#3625,1.);
#383=VECTOR('',#3628,1.);
#384=VECTOR('',#3635,1.);
#385=VECTOR('',#3638,1.);
#386=VECTOR('',#3641,1.);
#387=VECTOR('',#3644,1.);
#388=VECTOR('',#3647,1.);
#389=VECTOR('',#3650,1.);
#390=VECTOR('',#3651,1.);
#391=VECTOR('',#3652,1.);
#392=VECTOR('',#3653,1.);
#393=VECTOR('',#3654,1.);
#394=VECTOR('',#3655,1.);
#395=VECTOR('',#3656,1.);
#396=VECTOR('',#3657,1.);
#397=VECTOR('',#3658,1.);
#398=VECTOR('',#3659,1.);
#399=VECTOR('',#3660,1.);
#400=VECTOR('',#3661,1.);
#401=VECTOR('',#3662,1.);
#402=VECTOR('',#3663,1.);
#403=VECTOR('',#3666,1.);
#404=VECTOR('',#3669,1.);
#405=VECTOR('',#3672,1.);
#406=VECTOR('',#3675,1.);
#407=VECTOR('',#3676,1.);
#408=VECTOR('',#3677,1.);
#409=VECTOR('',#3678,1.);
#410=VECTOR('',#3679,1.);
#411=VECTOR('',#3680,1.);
#412=VECTOR('',#3681,1.);
#413=VECTOR('',#3682,1.);
#414=VECTOR('',#3683,1.);
#415=VECTOR('',#3686,1.);
#416=VECTOR('',#3687,1.);
#417=VECTOR('',#3688,1.);
#418=VECTOR('',#3689,1.);
#419=VECTOR('',#3690,1.);
#420=VECTOR('',#3691,1.);
#421=VECTOR('',#3692,1.);
#422=VECTOR('',#3693,1.);
#423=VECTOR('',#3694,1.);
#424=VECTOR('',#3697,1.);
#425=VECTOR('',#3698,1.);
#426=VECTOR('',#3699,1.);
#427=VECTOR('',#3700,1.);
#428=VECTOR('',#3701,1.);
#429=VECTOR('',#3702,1.);
#430=VECTOR('',#3703,1.);
#431=VECTOR('',#3704,1.);
#432=VECTOR('',#3705,1.);
#433=VECTOR('',#3706,1.);
#434=VECTOR('',#3707,1.);
#435=VECTOR('',#3708,1.);
#436=VECTOR('',#3709,1.);
#437=VECTOR('',#3712,1.);
#438=VECTOR('',#3715,1.);
#439=VECTOR('',#3716,1.);
#440=VECTOR('',#3717,1.);
#441=VECTOR('',#3724,1.);
#442=VECTOR('',#3725,1.);
#443=VECTOR('',#3726,1.);
#444=VECTOR('',#3727,1.);
#445=VECTOR('',#3728,1.);
#446=VECTOR('',#3729,1.);
#447=VECTOR('',#3730,1.);
#448=VECTOR('',#3731,1.);
#449=VECTOR('',#3734,1.);
#450=VECTOR('',#3735,1.);
#451=VECTOR('',#3736,1.);
#452=VECTOR('',#3737,1.);
#453=VECTOR('',#3754,1.);
#454=VECTOR('',#3755,1.);
#455=VECTOR('',#3756,1.);
#456=VECTOR('',#3757,1.);
#457=VECTOR('',#3766,1.);
#458=VECTOR('',#3769,1.);
#459=VECTOR('',#3774,1.);
#460=VECTOR('',#3779,1.);
#461=VECTOR('',#3782,1.);
#462=VECTOR('',#3785,1.);
#463=VECTOR('',#3788,1.);
#464=VECTOR('',#3795,1.);
#465=VECTOR('',#3796,1.);
#466=VECTOR('',#3797,1.);
#467=VECTOR('',#3798,1.);
#468=VECTOR('',#3801,1.);
#469=VECTOR('',#3802,1.);
#470=VECTOR('',#3803,1.);
#471=VECTOR('',#3804,1.);
#472=VECTOR('',#3809,1.);
#473=VECTOR('',#3812,1.);
#474=VECTOR('',#3815,1.);
#475=VECTOR('',#3818,1.);
#476=VECTOR('',#3819,1.);
#477=VECTOR('',#3822,1.);
#478=VECTOR('',#3825,1.);
#479=VECTOR('',#3828,1.);
#480=VECTOR('',#3831,1.);
#481=VECTOR('',#3834,1.);
#482=VECTOR('',#3837,1.);
#483=VECTOR('',#3838,1.);
#484=VECTOR('',#3839,1.);
#485=VECTOR('',#3840,1.);
#486=VECTOR('',#3843,1.);
#487=VECTOR('',#3844,1.);
#488=VECTOR('',#3845,1.);
#489=VECTOR('',#3846,1.);
#490=VECTOR('',#3857,1.);
#491=VECTOR('',#3860,1.);
#492=VECTOR('',#3875,1.);
#493=VECTOR('',#3878,1.);
#494=VECTOR('',#3879,1.);
#495=VECTOR('',#4024,1.);
#496=VECTOR('',#4025,1.);
#497=VECTOR('',#4026,1.);
#498=VECTOR('',#4029,1.);
#499=VECTOR('',#4030,1.);
#500=VECTOR('',#4033,1.);
#501=VECTOR('',#4034,1.);
#502=VECTOR('',#4037,1.);
#503=VECTOR('',#4042,1.);
#504=VECTOR('',#4043,1.);
#505=VECTOR('',#4044,1.);
#506=VECTOR('',#4047,1.);
#507=VECTOR('',#4048,1.);
#508=VECTOR('',#4051,1.);
#509=VECTOR('',#4052,1.);
#510=VECTOR('',#4055,1.);
#511=VECTOR('',#4090,1.);
#512=VECTOR('',#4117,1.);
#513=VECTOR('',#4118,1.);
#514=VECTOR('',#4119,1.);
#515=VECTOR('',#4122,1.);
#516=VECTOR('',#4131,1.);
#517=VECTOR('',#4134,1.);
#518=VECTOR('',#4135,1.);
#519=VECTOR('',#4136,1.);
#520=VECTOR('',#4139,1.);
#521=VECTOR('',#4146,1.);
#522=VECTOR('',#4147,1.);
#523=VECTOR('',#4150,1.);
#524=VECTOR('',#4155,1.);
#525=VECTOR('',#4158,1.);
#526=VECTOR('',#4159,1.);
#527=VECTOR('',#4160,1.);
#528=VECTOR('',#4163,1.);
#529=VECTOR('',#4170,1.);
#530=VECTOR('',#4173,1.);
#531=VECTOR('',#4174,1.);
#532=VECTOR('',#4177,1.);
#533=VECTOR('',#4182,1.);
#534=VECTOR('',#4183,1.);
#535=VECTOR('',#4186,1.);
#536=VECTOR('',#4191,1.);
#537=VECTOR('',#4192,1.);
#538=VECTOR('',#4195,1.);
#539=VECTOR('',#4200,1.);
#540=VECTOR('',#4201,1.);
#541=VECTOR('',#4204,1.);
#542=VECTOR('',#4209,1.);
#543=VECTOR('',#4228,1.);
#544=VECTOR('',#4231,1.);
#545=VECTOR('',#4234,1.);
#546=VECTOR('',#4239,1.);
#547=VECTOR('',#4242,1.);
#548=VECTOR('',#4245,1.);
#549=VECTOR('',#4248,1.);
#550=VECTOR('',#4251,1.);
#551=VECTOR('',#4254,1.);
#552=VECTOR('',#4257,1.);
#553=VECTOR('',#4268,1.);
#554=VECTOR('',#4269,1.);
#555=VECTOR('',#4270,1.);
#556=VECTOR('',#4273,1.);
#557=VECTOR('',#4276,1.);
#558=VECTOR('',#4281,1.);
#559=VECTOR('',#4282,1.);
#560=VECTOR('',#4283,1.);
#561=VECTOR('',#4286,1.);
#562=VECTOR('',#4287,1.);
#563=VECTOR('',#4290,1.);
#564=VECTOR('',#4291,1.);
#565=VECTOR('',#4294,1.);
#566=VECTOR('',#4299,1.);
#567=VECTOR('',#4300,1.);
#568=VECTOR('',#4301,1.);
#569=VECTOR('',#4302,1.);
#570=VECTOR('',#4303,1.);
#571=VECTOR('',#4306,1.);
#572=VECTOR('',#4307,1.);
#573=VECTOR('',#4308,1.);
#574=VECTOR('',#4311,1.);
#575=VECTOR('',#4312,1.);
#576=VECTOR('',#4313,1.);
#577=VECTOR('',#4316,1.);
#578=VECTOR('',#4317,1.);
#579=VECTOR('',#4322,1.);
#580=VECTOR('',#4323,1.);
#581=VECTOR('',#4324,1.);
#582=VECTOR('',#4327,1.);
#583=VECTOR('',#4328,1.);
#584=VECTOR('',#4329,1.);
#585=VECTOR('',#4332,1.);
#586=VECTOR('',#4333,1.);
#587=VECTOR('',#4338,1.);
#588=VECTOR('',#4339,1.);
#589=VECTOR('',#4342,1.);
#590=VECTOR('',#4343,1.);
#591=VECTOR('',#4346,1.);
#592=VECTOR('',#4383,1.);
#593=VECTOR('',#4386,1.);
#594=VECTOR('',#4389,1.);
#595=VECTOR('',#4392,1.);
#596=VECTOR('',#4405,1.);
#597=VECTOR('',#4408,1.);
#598=VECTOR('',#4411,1.);
#599=VECTOR('',#4412,1.);
#600=VECTOR('',#4419,1.);
#601=VECTOR('',#4420,1.);
#602=VECTOR('',#4423,1.);
#603=VECTOR('',#4426,1.);
#604=VECTOR('',#4429,1.);
#605=VECTOR('',#4432,1.);
#606=VECTOR('',#4435,1.);
#607=VECTOR('',#4438,1.);
#608=VECTOR('',#4443,1.);
#609=VECTOR('',#4444,1.);
#610=VECTOR('',#4445,1.);
#611=VECTOR('',#4446,1.);
#612=VECTOR('',#4449,1.);
#613=VECTOR('',#4452,1.);
#614=VECTOR('',#4455,1.);
#615=VECTOR('',#4464,1.);
#616=VECTOR('',#4469,1.);
#617=VECTOR('',#4470,1.);
#618=VECTOR('',#4473,1.);
#619=VECTOR('',#4478,1.);
#620=VECTOR('',#4479,1.);
#621=VECTOR('',#4480,1.);
#622=VECTOR('',#4487,1.);
#623=VECTOR('',#4492,1.);
#624=VECTOR('',#4493,1.);
#625=VECTOR('',#4494,1.);
#626=VECTOR('',#4501,1.);
#627=VECTOR('',#4506,1.);
#628=VECTOR('',#4511,1.);
#629=VECTOR('',#4512,1.);
#630=VECTOR('',#4515,1.);
#631=VECTOR('',#4520,1.);
#632=VECTOR('',#4523,1.);
#633=VECTOR('',#4526,1.);
#634=VECTOR('',#4529,1.);
#635=VECTOR('',#4534,1.);
#636=VECTOR('',#4535,1.);
#637=VECTOR('',#4538,1.);
#638=VECTOR('',#4543,1.);
#639=VECTOR('',#4548,1.);
#640=VECTOR('',#4549,1.);
#641=VECTOR('',#4552,1.);
#642=VECTOR('',#4555,1.);
#643=VECTOR('',#4560,1.);
#644=VECTOR('',#4563,1.);
#645=ORIENTED_EDGE('',*,*,#1493,.T.);
#646=ORIENTED_EDGE('',*,*,#1494,.T.);
#647=ORIENTED_EDGE('',*,*,#1495,.T.);
#648=ORIENTED_EDGE('',*,*,#1496,.T.);
#649=ORIENTED_EDGE('',*,*,#1497,.F.);
#650=ORIENTED_EDGE('',*,*,#1498,.F.);
#651=ORIENTED_EDGE('',*,*,#1499,.T.);
#652=ORIENTED_EDGE('',*,*,#1500,.T.);
#653=ORIENTED_EDGE('',*,*,#1501,.F.);
#654=ORIENTED_EDGE('',*,*,#1502,.F.);
#655=ORIENTED_EDGE('',*,*,#1503,.F.);
#656=ORIENTED_EDGE('',*,*,#1504,.T.);
#657=ORIENTED_EDGE('',*,*,#1505,.F.);
#658=ORIENTED_EDGE('',*,*,#1506,.F.);
#659=ORIENTED_EDGE('',*,*,#1507,.T.);
#660=ORIENTED_EDGE('',*,*,#1508,.F.);
#661=ORIENTED_EDGE('',*,*,#1509,.F.);
#662=ORIENTED_EDGE('',*,*,#1510,.T.);
#663=ORIENTED_EDGE('',*,*,#1511,.T.);
#664=ORIENTED_EDGE('',*,*,#1512,.F.);
#665=ORIENTED_EDGE('',*,*,#1513,.F.);
#666=ORIENTED_EDGE('',*,*,#1514,.F.);
#667=ORIENTED_EDGE('',*,*,#1507,.F.);
#668=ORIENTED_EDGE('',*,*,#1515,.F.);
#669=ORIENTED_EDGE('',*,*,#1516,.T.);
#670=ORIENTED_EDGE('',*,*,#1517,.T.);
#671=ORIENTED_EDGE('',*,*,#1518,.T.);
#672=ORIENTED_EDGE('',*,*,#1519,.F.);
#673=ORIENTED_EDGE('',*,*,#1520,.F.);
#674=ORIENTED_EDGE('',*,*,#1521,.F.);
#675=ORIENTED_EDGE('',*,*,#1522,.F.);
#676=ORIENTED_EDGE('',*,*,#1523,.F.);
#677=ORIENTED_EDGE('',*,*,#1524,.F.);
#678=ORIENTED_EDGE('',*,*,#1525,.F.);
#679=ORIENTED_EDGE('',*,*,#1526,.F.);
#680=ORIENTED_EDGE('',*,*,#1527,.T.);
#681=ORIENTED_EDGE('',*,*,#1528,.T.);
#682=ORIENTED_EDGE('',*,*,#1529,.T.);
#683=ORIENTED_EDGE('',*,*,#1530,.F.);
#684=ORIENTED_EDGE('',*,*,#1531,.T.);
#685=ORIENTED_EDGE('',*,*,#1532,.T.);
#686=ORIENTED_EDGE('',*,*,#1533,.T.);
#687=ORIENTED_EDGE('',*,*,#1534,.T.);
#688=ORIENTED_EDGE('',*,*,#1535,.T.);
#689=ORIENTED_EDGE('',*,*,#1536,.T.);
#690=ORIENTED_EDGE('',*,*,#1537,.T.);
#691=ORIENTED_EDGE('',*,*,#1538,.F.);
#692=ORIENTED_EDGE('',*,*,#1539,.T.);
#693=ORIENTED_EDGE('',*,*,#1540,.T.);
#694=ORIENTED_EDGE('',*,*,#1541,.T.);
#695=ORIENTED_EDGE('',*,*,#1542,.T.);
#696=ORIENTED_EDGE('',*,*,#1543,.F.);
#697=ORIENTED_EDGE('',*,*,#1544,.F.);
#698=ORIENTED_EDGE('',*,*,#1545,.F.);
#699=ORIENTED_EDGE('',*,*,#1546,.F.);
#700=ORIENTED_EDGE('',*,*,#1547,.T.);
#701=ORIENTED_EDGE('',*,*,#1548,.T.);
#702=ORIENTED_EDGE('',*,*,#1549,.F.);
#703=ORIENTED_EDGE('',*,*,#1550,.T.);
#704=ORIENTED_EDGE('',*,*,#1551,.T.);
#705=ORIENTED_EDGE('',*,*,#1552,.T.);
#706=ORIENTED_EDGE('',*,*,#1553,.T.);
#707=ORIENTED_EDGE('',*,*,#1554,.F.);
#708=ORIENTED_EDGE('',*,*,#1555,.T.);
#709=ORIENTED_EDGE('',*,*,#1529,.F.);
#710=ORIENTED_EDGE('',*,*,#1556,.T.);
#711=ORIENTED_EDGE('',*,*,#1557,.T.);
#712=ORIENTED_EDGE('',*,*,#1558,.T.);
#713=ORIENTED_EDGE('',*,*,#1552,.F.);
#714=ORIENTED_EDGE('',*,*,#1559,.F.);
#715=ORIENTED_EDGE('',*,*,#1560,.F.);
#716=ORIENTED_EDGE('',*,*,#1561,.T.);
#717=ORIENTED_EDGE('',*,*,#1548,.F.);
#718=ORIENTED_EDGE('',*,*,#1562,.F.);
#719=ORIENTED_EDGE('',*,*,#1563,.T.);
#720=ORIENTED_EDGE('',*,*,#1564,.T.);
#721=ORIENTED_EDGE('',*,*,#1537,.F.);
#722=ORIENTED_EDGE('',*,*,#1565,.T.);
#723=ORIENTED_EDGE('',*,*,#1566,.T.);
#724=ORIENTED_EDGE('',*,*,#1512,.T.);
#725=ORIENTED_EDGE('',*,*,#1567,.F.);
#726=ORIENTED_EDGE('',*,*,#1568,.T.);
#727=ORIENTED_EDGE('',*,*,#1569,.T.);
#728=ORIENTED_EDGE('',*,*,#1505,.T.);
#729=ORIENTED_EDGE('',*,*,#1570,.F.);
#730=ORIENTED_EDGE('',*,*,#1571,.T.);
#731=ORIENTED_EDGE('',*,*,#1572,.T.);
#732=ORIENTED_EDGE('',*,*,#1501,.T.);
#733=ORIENTED_EDGE('',*,*,#1573,.F.);
#734=ORIENTED_EDGE('',*,*,#1574,.T.);
#735=ORIENTED_EDGE('',*,*,#1575,.T.);
#736=ORIENTED_EDGE('',*,*,#1497,.T.);
#737=ORIENTED_EDGE('',*,*,#1576,.F.);
#738=ORIENTED_EDGE('',*,*,#1577,.F.);
#739=ORIENTED_EDGE('',*,*,#1578,.T.);
#740=ORIENTED_EDGE('',*,*,#1579,.T.);
#741=ORIENTED_EDGE('',*,*,#1580,.F.);
#742=ORIENTED_EDGE('',*,*,#1581,.T.);
#743=ORIENTED_EDGE('',*,*,#1533,.F.);
#744=ORIENTED_EDGE('',*,*,#1582,.F.);
#745=ORIENTED_EDGE('',*,*,#1583,.T.);
#746=ORIENTED_EDGE('',*,*,#1584,.T.);
#747=ORIENTED_EDGE('',*,*,#1585,.F.);
#748=ORIENTED_EDGE('',*,*,#1586,.F.);
#749=ORIENTED_EDGE('',*,*,#1587,.F.);
#750=ORIENTED_EDGE('',*,*,#1588,.T.);
#751=ORIENTED_EDGE('',*,*,#1589,.T.);
#752=ORIENTED_EDGE('',*,*,#1590,.T.);
#753=ORIENTED_EDGE('',*,*,#1591,.T.);
#754=ORIENTED_EDGE('',*,*,#1592,.T.);
#755=ORIENTED_EDGE('',*,*,#1593,.T.);
#756=ORIENTED_EDGE('',*,*,#1594,.F.);
#757=ORIENTED_EDGE('',*,*,#1595,.F.);
#758=ORIENTED_EDGE('',*,*,#1596,.F.);
#759=ORIENTED_EDGE('',*,*,#1597,.T.);
#760=ORIENTED_EDGE('',*,*,#1598,.T.);
#761=ORIENTED_EDGE('',*,*,#1599,.F.);
#762=ORIENTED_EDGE('',*,*,#1600,.F.);
#763=ORIENTED_EDGE('',*,*,#1601,.T.);
#764=ORIENTED_EDGE('',*,*,#1602,.T.);
#765=ORIENTED_EDGE('',*,*,#1603,.T.);
#766=ORIENTED_EDGE('',*,*,#1604,.T.);
#767=ORIENTED_EDGE('',*,*,#1605,.T.);
#768=ORIENTED_EDGE('',*,*,#1606,.T.);
#769=ORIENTED_EDGE('',*,*,#1607,.T.);
#770=ORIENTED_EDGE('',*,*,#1608,.T.);
#771=ORIENTED_EDGE('',*,*,#1609,.T.);
#772=ORIENTED_EDGE('',*,*,#1610,.T.);
#773=ORIENTED_EDGE('',*,*,#1611,.F.);
#774=ORIENTED_EDGE('',*,*,#1612,.F.);
#775=ORIENTED_EDGE('',*,*,#1613,.T.);
#776=ORIENTED_EDGE('',*,*,#1614,.T.);
#777=ORIENTED_EDGE('',*,*,#1587,.T.);
#778=ORIENTED_EDGE('',*,*,#1615,.T.);
#779=ORIENTED_EDGE('',*,*,#1616,.F.);
#780=ORIENTED_EDGE('',*,*,#1617,.F.);
#781=ORIENTED_EDGE('',*,*,#1618,.F.);
#782=ORIENTED_EDGE('',*,*,#1619,.F.);
#783=ORIENTED_EDGE('',*,*,#1617,.T.);
#784=ORIENTED_EDGE('',*,*,#1620,.T.);
#785=ORIENTED_EDGE('',*,*,#1621,.F.);
#786=ORIENTED_EDGE('',*,*,#1622,.T.);
#787=ORIENTED_EDGE('',*,*,#1623,.F.);
#788=ORIENTED_EDGE('',*,*,#1624,.T.);
#789=ORIENTED_EDGE('',*,*,#1625,.F.);
#790=ORIENTED_EDGE('',*,*,#1626,.T.);
#791=ORIENTED_EDGE('',*,*,#1627,.F.);
#792=ORIENTED_EDGE('',*,*,#1628,.T.);
#793=ORIENTED_EDGE('',*,*,#1629,.F.);
#794=ORIENTED_EDGE('',*,*,#1630,.F.);
#795=ORIENTED_EDGE('',*,*,#1631,.T.);
#796=ORIENTED_EDGE('',*,*,#1632,.T.);
#797=ORIENTED_EDGE('',*,*,#1633,.T.);
#798=ORIENTED_EDGE('',*,*,#1634,.T.);
#799=ORIENTED_EDGE('',*,*,#1635,.T.);
#800=ORIENTED_EDGE('',*,*,#1636,.T.);
#801=ORIENTED_EDGE('',*,*,#1637,.F.);
#802=ORIENTED_EDGE('',*,*,#1638,.T.);
#803=ORIENTED_EDGE('',*,*,#1639,.T.);
#804=ORIENTED_EDGE('',*,*,#1640,.T.);
#805=ORIENTED_EDGE('',*,*,#1641,.T.);
#806=ORIENTED_EDGE('',*,*,#1642,.T.);
#807=ORIENTED_EDGE('',*,*,#1643,.T.);
#808=ORIENTED_EDGE('',*,*,#1644,.T.);
#809=ORIENTED_EDGE('',*,*,#1645,.T.);
#810=ORIENTED_EDGE('',*,*,#1646,.T.);
#811=ORIENTED_EDGE('',*,*,#1647,.T.);
#812=ORIENTED_EDGE('',*,*,#1648,.T.);
#813=ORIENTED_EDGE('',*,*,#1649,.T.);
#814=ORIENTED_EDGE('',*,*,#1650,.T.);
#815=ORIENTED_EDGE('',*,*,#1651,.T.);
#816=ORIENTED_EDGE('',*,*,#1652,.T.);
#817=ORIENTED_EDGE('',*,*,#1653,.T.);
#818=ORIENTED_EDGE('',*,*,#1654,.T.);
#819=ORIENTED_EDGE('',*,*,#1655,.T.);
#820=ORIENTED_EDGE('',*,*,#1656,.T.);
#821=ORIENTED_EDGE('',*,*,#1657,.T.);
#822=ORIENTED_EDGE('',*,*,#1658,.T.);
#823=ORIENTED_EDGE('',*,*,#1659,.T.);
#824=ORIENTED_EDGE('',*,*,#1660,.T.);
#825=ORIENTED_EDGE('',*,*,#1661,.F.);
#826=ORIENTED_EDGE('',*,*,#1662,.T.);
#827=ORIENTED_EDGE('',*,*,#1663,.T.);
#828=ORIENTED_EDGE('',*,*,#1664,.T.);
#829=ORIENTED_EDGE('',*,*,#1665,.T.);
#830=ORIENTED_EDGE('',*,*,#1666,.T.);
#831=ORIENTED_EDGE('',*,*,#1667,.F.);
#832=ORIENTED_EDGE('',*,*,#1668,.F.);
#833=ORIENTED_EDGE('',*,*,#1669,.F.);
#834=ORIENTED_EDGE('',*,*,#1670,.F.);
#835=ORIENTED_EDGE('',*,*,#1671,.F.);
#836=ORIENTED_EDGE('',*,*,#1672,.T.);
#837=ORIENTED_EDGE('',*,*,#1508,.T.);
#838=ORIENTED_EDGE('',*,*,#1514,.T.);
#839=ORIENTED_EDGE('',*,*,#1673,.T.);
#840=ORIENTED_EDGE('',*,*,#1674,.T.);
#841=ORIENTED_EDGE('',*,*,#1535,.F.);
#842=ORIENTED_EDGE('',*,*,#1675,.T.);
#843=ORIENTED_EDGE('',*,*,#1661,.T.);
#844=ORIENTED_EDGE('',*,*,#1676,.T.);
#845=ORIENTED_EDGE('',*,*,#1663,.F.);
#846=ORIENTED_EDGE('',*,*,#1677,.T.);
#847=ORIENTED_EDGE('',*,*,#1631,.F.);
#848=ORIENTED_EDGE('',*,*,#1678,.T.);
#849=ORIENTED_EDGE('',*,*,#1637,.T.);
#850=ORIENTED_EDGE('',*,*,#1679,.T.);
#851=ORIENTED_EDGE('',*,*,#1566,.F.);
#852=ORIENTED_EDGE('',*,*,#1680,.T.);
#853=ORIENTED_EDGE('',*,*,#1673,.F.);
#854=ORIENTED_EDGE('',*,*,#1513,.T.);
#855=ORIENTED_EDGE('',*,*,#1671,.T.);
#856=ORIENTED_EDGE('',*,*,#1681,.T.);
#857=ORIENTED_EDGE('',*,*,#1580,.T.);
#858=ORIENTED_EDGE('',*,*,#1682,.T.);
#859=ORIENTED_EDGE('',*,*,#1683,.T.);
#860=ORIENTED_EDGE('',*,*,#1684,.T.);
#861=ORIENTED_EDGE('',*,*,#1685,.T.);
#862=ORIENTED_EDGE('',*,*,#1686,.F.);
#863=ORIENTED_EDGE('',*,*,#1686,.T.);
#864=ORIENTED_EDGE('',*,*,#1684,.F.);
#865=ORIENTED_EDGE('',*,*,#1683,.F.);
#866=ORIENTED_EDGE('',*,*,#1687,.T.);
#867=ORIENTED_EDGE('',*,*,#1688,.T.);
#868=ORIENTED_EDGE('',*,*,#1689,.T.);
#869=ORIENTED_EDGE('',*,*,#1690,.F.);
#870=ORIENTED_EDGE('',*,*,#1690,.T.);
#871=ORIENTED_EDGE('',*,*,#1688,.F.);
#872=ORIENTED_EDGE('',*,*,#1687,.F.);
#873=ORIENTED_EDGE('',*,*,#1691,.T.);
#874=ORIENTED_EDGE('',*,*,#1692,.T.);
#875=ORIENTED_EDGE('',*,*,#1693,.T.);
#876=ORIENTED_EDGE('',*,*,#1694,.F.);
#877=ORIENTED_EDGE('',*,*,#1694,.T.);
#878=ORIENTED_EDGE('',*,*,#1692,.F.);
#879=ORIENTED_EDGE('',*,*,#1691,.F.);
#880=ORIENTED_EDGE('',*,*,#1695,.T.);
#881=ORIENTED_EDGE('',*,*,#1696,.T.);
#882=ORIENTED_EDGE('',*,*,#1697,.T.);
#883=ORIENTED_EDGE('',*,*,#1698,.F.);
#884=ORIENTED_EDGE('',*,*,#1698,.T.);
#885=ORIENTED_EDGE('',*,*,#1696,.F.);
#886=ORIENTED_EDGE('',*,*,#1695,.F.);
#887=ORIENTED_EDGE('',*,*,#1699,.T.);
#888=ORIENTED_EDGE('',*,*,#1700,.T.);
#889=ORIENTED_EDGE('',*,*,#1701,.T.);
#890=ORIENTED_EDGE('',*,*,#1702,.F.);
#891=ORIENTED_EDGE('',*,*,#1702,.T.);
#892=ORIENTED_EDGE('',*,*,#1700,.F.);
#893=ORIENTED_EDGE('',*,*,#1699,.F.);
#894=ORIENTED_EDGE('',*,*,#1703,.T.);
#895=ORIENTED_EDGE('',*,*,#1704,.T.);
#896=ORIENTED_EDGE('',*,*,#1705,.T.);
#897=ORIENTED_EDGE('',*,*,#1706,.F.);
#898=ORIENTED_EDGE('',*,*,#1706,.T.);
#899=ORIENTED_EDGE('',*,*,#1704,.F.);
#900=ORIENTED_EDGE('',*,*,#1703,.F.);
#901=ORIENTED_EDGE('',*,*,#1707,.T.);
#902=ORIENTED_EDGE('',*,*,#1708,.T.);
#903=ORIENTED_EDGE('',*,*,#1709,.T.);
#904=ORIENTED_EDGE('',*,*,#1710,.F.);
#905=ORIENTED_EDGE('',*,*,#1710,.T.);
#906=ORIENTED_EDGE('',*,*,#1708,.F.);
#907=ORIENTED_EDGE('',*,*,#1707,.F.);
#908=ORIENTED_EDGE('',*,*,#1711,.T.);
#909=ORIENTED_EDGE('',*,*,#1712,.T.);
#910=ORIENTED_EDGE('',*,*,#1713,.T.);
#911=ORIENTED_EDGE('',*,*,#1714,.F.);
#912=ORIENTED_EDGE('',*,*,#1714,.T.);
#913=ORIENTED_EDGE('',*,*,#1712,.F.);
#914=ORIENTED_EDGE('',*,*,#1711,.F.);
#915=ORIENTED_EDGE('',*,*,#1715,.T.);
#916=ORIENTED_EDGE('',*,*,#1716,.T.);
#917=ORIENTED_EDGE('',*,*,#1717,.F.);
#918=ORIENTED_EDGE('',*,*,#1596,.T.);
#919=ORIENTED_EDGE('',*,*,#1715,.F.);
#920=ORIENTED_EDGE('',*,*,#1717,.T.);
#921=ORIENTED_EDGE('',*,*,#1716,.F.);
#922=ORIENTED_EDGE('',*,*,#1597,.F.);
#923=ORIENTED_EDGE('',*,*,#1718,.F.);
#924=ORIENTED_EDGE('',*,*,#1719,.T.);
#925=ORIENTED_EDGE('',*,*,#1720,.T.);
#926=ORIENTED_EDGE('',*,*,#1600,.T.);
#927=ORIENTED_EDGE('',*,*,#1721,.F.);
#928=ORIENTED_EDGE('',*,*,#1722,.F.);
#929=ORIENTED_EDGE('',*,*,#1718,.T.);
#930=ORIENTED_EDGE('',*,*,#1599,.T.);
#931=ORIENTED_EDGE('',*,*,#1723,.F.);
#932=ORIENTED_EDGE('',*,*,#1724,.F.);
#933=ORIENTED_EDGE('',*,*,#1721,.T.);
#934=ORIENTED_EDGE('',*,*,#1598,.F.);
#935=ORIENTED_EDGE('',*,*,#1720,.F.);
#936=ORIENTED_EDGE('',*,*,#1725,.T.);
#937=ORIENTED_EDGE('',*,*,#1723,.T.);
#938=ORIENTED_EDGE('',*,*,#1719,.F.);
#939=ORIENTED_EDGE('',*,*,#1722,.T.);
#940=ORIENTED_EDGE('',*,*,#1724,.T.);
#941=ORIENTED_EDGE('',*,*,#1725,.F.);
#942=ORIENTED_EDGE('',*,*,#1592,.F.);
#943=ORIENTED_EDGE('',*,*,#1726,.F.);
#944=ORIENTED_EDGE('',*,*,#1727,.T.);
#945=ORIENTED_EDGE('',*,*,#1728,.T.);
#946=ORIENTED_EDGE('',*,*,#1595,.T.);
#947=ORIENTED_EDGE('',*,*,#1729,.F.);
#948=ORIENTED_EDGE('',*,*,#1730,.F.);
#949=ORIENTED_EDGE('',*,*,#1726,.T.);
#950=ORIENTED_EDGE('',*,*,#1594,.T.);
#951=ORIENTED_EDGE('',*,*,#1731,.F.);
#952=ORIENTED_EDGE('',*,*,#1732,.F.);
#953=ORIENTED_EDGE('',*,*,#1729,.T.);
#954=ORIENTED_EDGE('',*,*,#1593,.F.);
#955=ORIENTED_EDGE('',*,*,#1728,.F.);
#956=ORIENTED_EDGE('',*,*,#1733,.T.);
#957=ORIENTED_EDGE('',*,*,#1731,.T.);
#958=ORIENTED_EDGE('',*,*,#1727,.F.);
#959=ORIENTED_EDGE('',*,*,#1730,.T.);
#960=ORIENTED_EDGE('',*,*,#1732,.T.);
#961=ORIENTED_EDGE('',*,*,#1733,.F.);
#962=ORIENTED_EDGE('',*,*,#1635,.F.);
#963=ORIENTED_EDGE('',*,*,#1734,.T.);
#964=ORIENTED_EDGE('',*,*,#1628,.F.);
#965=ORIENTED_EDGE('',*,*,#1735,.T.);
#966=ORIENTED_EDGE('',*,*,#1633,.F.);
#967=ORIENTED_EDGE('',*,*,#1736,.T.);
#968=ORIENTED_EDGE('',*,*,#1622,.F.);
#969=ORIENTED_EDGE('',*,*,#1737,.T.);
#970=ORIENTED_EDGE('',*,*,#1659,.F.);
#971=ORIENTED_EDGE('',*,*,#1738,.T.);
#972=ORIENTED_EDGE('',*,*,#1626,.F.);
#973=ORIENTED_EDGE('',*,*,#1739,.T.);
#974=ORIENTED_EDGE('',*,*,#1665,.F.);
#975=ORIENTED_EDGE('',*,*,#1740,.T.);
#976=ORIENTED_EDGE('',*,*,#1624,.F.);
#977=ORIENTED_EDGE('',*,*,#1741,.T.);
#978=ORIENTED_EDGE('',*,*,#1565,.F.);
#979=ORIENTED_EDGE('',*,*,#1536,.F.);
#980=ORIENTED_EDGE('',*,*,#1674,.F.);
#981=ORIENTED_EDGE('',*,*,#1680,.F.);
#982=ORIENTED_EDGE('',*,*,#1581,.F.);
#983=ORIENTED_EDGE('',*,*,#1681,.F.);
#984=ORIENTED_EDGE('',*,*,#1675,.F.);
#985=ORIENTED_EDGE('',*,*,#1534,.F.);
#986=ORIENTED_EDGE('',*,*,#1742,.F.);
#987=ORIENTED_EDGE('',*,*,#1743,.T.);
#988=ORIENTED_EDGE('',*,*,#1495,.F.);
#989=ORIENTED_EDGE('',*,*,#1672,.F.);
#990=ORIENTED_EDGE('',*,*,#1682,.F.);
#991=ORIENTED_EDGE('',*,*,#1579,.F.);
#992=ORIENTED_EDGE('',*,*,#1744,.F.);
#993=ORIENTED_EDGE('',*,*,#1678,.F.);
#994=ORIENTED_EDGE('',*,*,#1634,.F.);
#995=ORIENTED_EDGE('',*,*,#1745,.F.);
#996=ORIENTED_EDGE('',*,*,#1638,.F.);
#997=ORIENTED_EDGE('',*,*,#1734,.F.);
#998=ORIENTED_EDGE('',*,*,#1745,.T.);
#999=ORIENTED_EDGE('',*,*,#1737,.F.);
#1000=ORIENTED_EDGE('',*,*,#1621,.T.);
#1001=ORIENTED_EDGE('',*,*,#1679,.F.);
#1002=ORIENTED_EDGE('',*,*,#1636,.F.);
#1003=ORIENTED_EDGE('',*,*,#1746,.F.);
#1004=ORIENTED_EDGE('',*,*,#1662,.F.);
#1005=ORIENTED_EDGE('',*,*,#1735,.F.);
#1006=ORIENTED_EDGE('',*,*,#1627,.T.);
#1007=ORIENTED_EDGE('',*,*,#1738,.F.);
#1008=ORIENTED_EDGE('',*,*,#1746,.T.);
#1009=ORIENTED_EDGE('',*,*,#1677,.F.);
#1010=ORIENTED_EDGE('',*,*,#1666,.F.);
#1011=ORIENTED_EDGE('',*,*,#1747,.F.);
#1012=ORIENTED_EDGE('',*,*,#1632,.F.);
#1013=ORIENTED_EDGE('',*,*,#1736,.F.);
#1014=ORIENTED_EDGE('',*,*,#1747,.T.);
#1015=ORIENTED_EDGE('',*,*,#1741,.F.);
#1016=ORIENTED_EDGE('',*,*,#1623,.T.);
#1017=ORIENTED_EDGE('',*,*,#1676,.F.);
#1018=ORIENTED_EDGE('',*,*,#1660,.F.);
#1019=ORIENTED_EDGE('',*,*,#1748,.F.);
#1020=ORIENTED_EDGE('',*,*,#1664,.F.);
#1021=ORIENTED_EDGE('',*,*,#1739,.F.);
#1022=ORIENTED_EDGE('',*,*,#1625,.T.);
#1023=ORIENTED_EDGE('',*,*,#1740,.F.);
#1024=ORIENTED_EDGE('',*,*,#1748,.T.);
#1025=ORIENTED_EDGE('',*,*,#1749,.T.);
#1026=ORIENTED_EDGE('',*,*,#1750,.T.);
#1027=ORIENTED_EDGE('',*,*,#1751,.F.);
#1028=ORIENTED_EDGE('',*,*,#1541,.F.);
#1029=ORIENTED_EDGE('',*,*,#1752,.T.);
#1030=ORIENTED_EDGE('',*,*,#1753,.T.);
#1031=ORIENTED_EDGE('',*,*,#1749,.F.);
#1032=ORIENTED_EDGE('',*,*,#1540,.F.);
#1033=ORIENTED_EDGE('',*,*,#1754,.F.);
#1034=ORIENTED_EDGE('',*,*,#1751,.T.);
#1035=ORIENTED_EDGE('',*,*,#1755,.T.);
#1036=ORIENTED_EDGE('',*,*,#1756,.F.);
#1037=ORIENTED_EDGE('',*,*,#1542,.F.);
#1038=ORIENTED_EDGE('',*,*,#1757,.T.);
#1039=ORIENTED_EDGE('',*,*,#1758,.T.);
#1040=ORIENTED_EDGE('',*,*,#1752,.F.);
#1041=ORIENTED_EDGE('',*,*,#1759,.T.);
#1042=ORIENTED_EDGE('',*,*,#1760,.T.);
#1043=ORIENTED_EDGE('',*,*,#1761,.T.);
#1044=ORIENTED_EDGE('',*,*,#1757,.F.);
#1045=ORIENTED_EDGE('',*,*,#1762,.T.);
#1046=ORIENTED_EDGE('',*,*,#1546,.T.);
#1047=ORIENTED_EDGE('',*,*,#1763,.T.);
#1048=ORIENTED_EDGE('',*,*,#1764,.T.);
#1049=ORIENTED_EDGE('',*,*,#1760,.F.);
#1050=ORIENTED_EDGE('',*,*,#1545,.T.);
#1051=ORIENTED_EDGE('',*,*,#1765,.T.);
#1052=ORIENTED_EDGE('',*,*,#1766,.T.);
#1053=ORIENTED_EDGE('',*,*,#1763,.F.);
#1054=ORIENTED_EDGE('',*,*,#1544,.T.);
#1055=ORIENTED_EDGE('',*,*,#1756,.T.);
#1056=ORIENTED_EDGE('',*,*,#1767,.T.);
#1057=ORIENTED_EDGE('',*,*,#1765,.F.);
#1058=ORIENTED_EDGE('',*,*,#1543,.T.);
#1059=ORIENTED_EDGE('',*,*,#1768,.T.);
#1060=ORIENTED_EDGE('',*,*,#1769,.T.);
#1061=ORIENTED_EDGE('',*,*,#1770,.F.);
#1062=ORIENTED_EDGE('',*,*,#1516,.F.);
#1063=ORIENTED_EDGE('',*,*,#1771,.T.);
#1064=ORIENTED_EDGE('',*,*,#1772,.T.);
#1065=ORIENTED_EDGE('',*,*,#1768,.F.);
#1066=ORIENTED_EDGE('',*,*,#1515,.T.);
#1067=ORIENTED_EDGE('',*,*,#1770,.T.);
#1068=ORIENTED_EDGE('',*,*,#1773,.T.);
#1069=ORIENTED_EDGE('',*,*,#1774,.F.);
#1070=ORIENTED_EDGE('',*,*,#1517,.F.);
#1071=ORIENTED_EDGE('',*,*,#1775,.T.);
#1072=ORIENTED_EDGE('',*,*,#1776,.T.);
#1073=ORIENTED_EDGE('',*,*,#1771,.F.);
#1074=ORIENTED_EDGE('',*,*,#1526,.T.);
#1075=ORIENTED_EDGE('',*,*,#1777,.T.);
#1076=ORIENTED_EDGE('',*,*,#1778,.T.);
#1077=ORIENTED_EDGE('',*,*,#1775,.F.);
#1078=ORIENTED_EDGE('',*,*,#1525,.T.);
#1079=ORIENTED_EDGE('',*,*,#1779,.T.);
#1080=ORIENTED_EDGE('',*,*,#1780,.T.);
#1081=ORIENTED_EDGE('',*,*,#1777,.F.);
#1082=ORIENTED_EDGE('',*,*,#1524,.T.);
#1083=ORIENTED_EDGE('',*,*,#1781,.T.);
#1084=ORIENTED_EDGE('',*,*,#1782,.T.);
#1085=ORIENTED_EDGE('',*,*,#1779,.F.);
#1086=ORIENTED_EDGE('',*,*,#1523,.T.);
#1087=ORIENTED_EDGE('',*,*,#1783,.T.);
#1088=ORIENTED_EDGE('',*,*,#1784,.T.);
#1089=ORIENTED_EDGE('',*,*,#1781,.F.);
#1090=ORIENTED_EDGE('',*,*,#1522,.T.);
#1091=ORIENTED_EDGE('',*,*,#1785,.T.);
#1092=ORIENTED_EDGE('',*,*,#1786,.T.);
#1093=ORIENTED_EDGE('',*,*,#1783,.F.);
#1094=ORIENTED_EDGE('',*,*,#1521,.T.);
#1095=ORIENTED_EDGE('',*,*,#1787,.T.);
#1096=ORIENTED_EDGE('',*,*,#1788,.T.);
#1097=ORIENTED_EDGE('',*,*,#1785,.F.);
#1098=ORIENTED_EDGE('',*,*,#1520,.T.);
#1099=ORIENTED_EDGE('',*,*,#1789,.T.);
#1100=ORIENTED_EDGE('',*,*,#1790,.T.);
#1101=ORIENTED_EDGE('',*,*,#1787,.F.);
#1102=ORIENTED_EDGE('',*,*,#1519,.T.);
#1103=ORIENTED_EDGE('',*,*,#1774,.T.);
#1104=ORIENTED_EDGE('',*,*,#1791,.T.);
#1105=ORIENTED_EDGE('',*,*,#1789,.F.);
#1106=ORIENTED_EDGE('',*,*,#1518,.F.);
#1107=ORIENTED_EDGE('',*,*,#1608,.F.);
#1108=ORIENTED_EDGE('',*,*,#1689,.F.);
#1109=ORIENTED_EDGE('',*,*,#1607,.F.);
#1110=ORIENTED_EDGE('',*,*,#1693,.F.);
#1111=ORIENTED_EDGE('',*,*,#1606,.F.);
#1112=ORIENTED_EDGE('',*,*,#1697,.F.);
#1113=ORIENTED_EDGE('',*,*,#1605,.F.);
#1114=ORIENTED_EDGE('',*,*,#1713,.F.);
#1115=ORIENTED_EDGE('',*,*,#1604,.F.);
#1116=ORIENTED_EDGE('',*,*,#1709,.F.);
#1117=ORIENTED_EDGE('',*,*,#1603,.F.);
#1118=ORIENTED_EDGE('',*,*,#1705,.F.);
#1119=ORIENTED_EDGE('',*,*,#1602,.F.);
#1120=ORIENTED_EDGE('',*,*,#1701,.F.);
#1121=ORIENTED_EDGE('',*,*,#1601,.F.);
#1122=ORIENTED_EDGE('',*,*,#1685,.F.);
#1123=ORIENTED_EDGE('',*,*,#1792,.F.);
#1124=ORIENTED_EDGE('',*,*,#1654,.F.);
#1125=ORIENTED_EDGE('',*,*,#1793,.F.);
#1126=ORIENTED_EDGE('',*,*,#1773,.F.);
#1127=ORIENTED_EDGE('',*,*,#1793,.T.);
#1128=ORIENTED_EDGE('',*,*,#1653,.F.);
#1129=ORIENTED_EDGE('',*,*,#1794,.F.);
#1130=ORIENTED_EDGE('',*,*,#1791,.F.);
#1131=ORIENTED_EDGE('',*,*,#1792,.T.);
#1132=ORIENTED_EDGE('',*,*,#1769,.F.);
#1133=ORIENTED_EDGE('',*,*,#1795,.F.);
#1134=ORIENTED_EDGE('',*,*,#1655,.F.);
#1135=ORIENTED_EDGE('',*,*,#1794,.T.);
#1136=ORIENTED_EDGE('',*,*,#1652,.F.);
#1137=ORIENTED_EDGE('',*,*,#1796,.F.);
#1138=ORIENTED_EDGE('',*,*,#1790,.F.);
#1139=ORIENTED_EDGE('',*,*,#1795,.T.);
#1140=ORIENTED_EDGE('',*,*,#1772,.F.);
#1141=ORIENTED_EDGE('',*,*,#1797,.F.);
#1142=ORIENTED_EDGE('',*,*,#1656,.F.);
#1143=ORIENTED_EDGE('',*,*,#1796,.T.);
#1144=ORIENTED_EDGE('',*,*,#1651,.F.);
#1145=ORIENTED_EDGE('',*,*,#1798,.F.);
#1146=ORIENTED_EDGE('',*,*,#1788,.F.);
#1147=ORIENTED_EDGE('',*,*,#1797,.T.);
#1148=ORIENTED_EDGE('',*,*,#1776,.F.);
#1149=ORIENTED_EDGE('',*,*,#1799,.F.);
#1150=ORIENTED_EDGE('',*,*,#1657,.F.);
#1151=ORIENTED_EDGE('',*,*,#1798,.T.);
#1152=ORIENTED_EDGE('',*,*,#1650,.F.);
#1153=ORIENTED_EDGE('',*,*,#1800,.F.);
#1154=ORIENTED_EDGE('',*,*,#1786,.F.);
#1155=ORIENTED_EDGE('',*,*,#1799,.T.);
#1156=ORIENTED_EDGE('',*,*,#1778,.F.);
#1157=ORIENTED_EDGE('',*,*,#1801,.F.);
#1158=ORIENTED_EDGE('',*,*,#1658,.F.);
#1159=ORIENTED_EDGE('',*,*,#1800,.T.);
#1160=ORIENTED_EDGE('',*,*,#1649,.F.);
#1161=ORIENTED_EDGE('',*,*,#1802,.F.);
#1162=ORIENTED_EDGE('',*,*,#1784,.F.);
#1163=ORIENTED_EDGE('',*,*,#1801,.T.);
#1164=ORIENTED_EDGE('',*,*,#1780,.F.);
#1165=ORIENTED_EDGE('',*,*,#1803,.F.);
#1166=ORIENTED_EDGE('',*,*,#1647,.F.);
#1167=ORIENTED_EDGE('',*,*,#1802,.T.);
#1168=ORIENTED_EDGE('',*,*,#1648,.F.);
#1169=ORIENTED_EDGE('',*,*,#1803,.T.);
#1170=ORIENTED_EDGE('',*,*,#1782,.F.);
#1171=ORIENTED_EDGE('',*,*,#1619,.T.);
#1172=ORIENTED_EDGE('',*,*,#1804,.T.);
#1173=ORIENTED_EDGE('',*,*,#1804,.F.);
#1174=ORIENTED_EDGE('',*,*,#1583,.F.);
#1175=ORIENTED_EDGE('',*,*,#1805,.F.);
#1176=ORIENTED_EDGE('',*,*,#1806,.T.);
#1177=ORIENTED_EDGE('',*,*,#1807,.T.);
#1178=ORIENTED_EDGE('',*,*,#1582,.T.);
#1179=ORIENTED_EDGE('',*,*,#1532,.F.);
#1180=ORIENTED_EDGE('',*,*,#1808,.F.);
#1181=ORIENTED_EDGE('',*,*,#1805,.T.);
#1182=ORIENTED_EDGE('',*,*,#1584,.F.);
#1183=ORIENTED_EDGE('',*,*,#1807,.F.);
#1184=ORIENTED_EDGE('',*,*,#1809,.T.);
#1185=ORIENTED_EDGE('',*,*,#1530,.T.);
#1186=ORIENTED_EDGE('',*,*,#1806,.F.);
#1187=ORIENTED_EDGE('',*,*,#1808,.T.);
#1188=ORIENTED_EDGE('',*,*,#1531,.F.);
#1189=ORIENTED_EDGE('',*,*,#1809,.F.);
#1190=ORIENTED_EDGE('',*,*,#1609,.F.);
#1191=ORIENTED_EDGE('',*,*,#1810,.F.);
#1192=ORIENTED_EDGE('',*,*,#1811,.T.);
#1193=ORIENTED_EDGE('',*,*,#1812,.T.);
#1194=ORIENTED_EDGE('',*,*,#1612,.T.);
#1195=ORIENTED_EDGE('',*,*,#1813,.F.);
#1196=ORIENTED_EDGE('',*,*,#1814,.F.);
#1197=ORIENTED_EDGE('',*,*,#1810,.T.);
#1198=ORIENTED_EDGE('',*,*,#1611,.T.);
#1199=ORIENTED_EDGE('',*,*,#1815,.F.);
#1200=ORIENTED_EDGE('',*,*,#1816,.F.);
#1201=ORIENTED_EDGE('',*,*,#1813,.T.);
#1202=ORIENTED_EDGE('',*,*,#1610,.F.);
#1203=ORIENTED_EDGE('',*,*,#1812,.F.);
#1204=ORIENTED_EDGE('',*,*,#1817,.T.);
#1205=ORIENTED_EDGE('',*,*,#1815,.T.);
#1206=ORIENTED_EDGE('',*,*,#1811,.F.);
#1207=ORIENTED_EDGE('',*,*,#1814,.T.);
#1208=ORIENTED_EDGE('',*,*,#1816,.T.);
#1209=ORIENTED_EDGE('',*,*,#1817,.F.);
#1210=ORIENTED_EDGE('',*,*,#1818,.T.);
#1211=ORIENTED_EDGE('',*,*,#1819,.T.);
#1212=ORIENTED_EDGE('',*,*,#1618,.T.);
#1213=ORIENTED_EDGE('',*,*,#1620,.F.);
#1214=ORIENTED_EDGE('',*,*,#1616,.T.);
#1215=ORIENTED_EDGE('',*,*,#1820,.T.);
#1216=ORIENTED_EDGE('',*,*,#1821,.F.);
#1217=ORIENTED_EDGE('',*,*,#1822,.F.);
#1218=ORIENTED_EDGE('',*,*,#1823,.T.);
#1219=ORIENTED_EDGE('',*,*,#1824,.T.);
#1220=ORIENTED_EDGE('',*,*,#1818,.F.);
#1221=ORIENTED_EDGE('',*,*,#1825,.T.);
#1222=ORIENTED_EDGE('',*,*,#1821,.T.);
#1223=ORIENTED_EDGE('',*,*,#1826,.T.);
#1224=ORIENTED_EDGE('',*,*,#1827,.F.);
#1225=ORIENTED_EDGE('',*,*,#1828,.F.);
#1226=ORIENTED_EDGE('',*,*,#1827,.T.);
#1227=ORIENTED_EDGE('',*,*,#1829,.T.);
#1228=ORIENTED_EDGE('',*,*,#1823,.F.);
#1229=ORIENTED_EDGE('',*,*,#1830,.T.);
#1230=ORIENTED_EDGE('',*,*,#1825,.F.);
#1231=ORIENTED_EDGE('',*,*,#1822,.T.);
#1232=ORIENTED_EDGE('',*,*,#1828,.T.);
#1233=ORIENTED_EDGE('',*,*,#1830,.F.);
#1234=ORIENTED_EDGE('',*,*,#1554,.T.);
#1235=ORIENTED_EDGE('',*,*,#1831,.T.);
#1236=ORIENTED_EDGE('',*,*,#1832,.F.);
#1237=ORIENTED_EDGE('',*,*,#1833,.F.);
#1238=ORIENTED_EDGE('',*,*,#1832,.T.);
#1239=ORIENTED_EDGE('',*,*,#1834,.T.);
#1240=ORIENTED_EDGE('',*,*,#1835,.F.);
#1241=ORIENTED_EDGE('',*,*,#1836,.F.);
#1242=ORIENTED_EDGE('',*,*,#1835,.T.);
#1243=ORIENTED_EDGE('',*,*,#1837,.T.);
#1244=ORIENTED_EDGE('',*,*,#1527,.F.);
#1245=ORIENTED_EDGE('',*,*,#1838,.T.);
#1246=ORIENTED_EDGE('',*,*,#1555,.F.);
#1247=ORIENTED_EDGE('',*,*,#1833,.T.);
#1248=ORIENTED_EDGE('',*,*,#1836,.T.);
#1249=ORIENTED_EDGE('',*,*,#1838,.F.);
#1250=ORIENTED_EDGE('',*,*,#1561,.F.);
#1251=ORIENTED_EDGE('',*,*,#1839,.F.);
#1252=ORIENTED_EDGE('',*,*,#1840,.T.);
#1253=ORIENTED_EDGE('',*,*,#1549,.T.);
#1254=ORIENTED_EDGE('',*,*,#1560,.T.);
#1255=ORIENTED_EDGE('',*,*,#1841,.F.);
#1256=ORIENTED_EDGE('',*,*,#1842,.F.);
#1257=ORIENTED_EDGE('',*,*,#1839,.T.);
#1258=ORIENTED_EDGE('',*,*,#1559,.T.);
#1259=ORIENTED_EDGE('',*,*,#1551,.F.);
#1260=ORIENTED_EDGE('',*,*,#1843,.F.);
#1261=ORIENTED_EDGE('',*,*,#1841,.T.);
#1262=ORIENTED_EDGE('',*,*,#1840,.F.);
#1263=ORIENTED_EDGE('',*,*,#1842,.T.);
#1264=ORIENTED_EDGE('',*,*,#1843,.T.);
#1265=ORIENTED_EDGE('',*,*,#1550,.F.);
#1266=ORIENTED_EDGE('',*,*,#1844,.F.);
#1267=ORIENTED_EDGE('',*,*,#1670,.T.);
#1268=ORIENTED_EDGE('',*,*,#1844,.T.);
#1269=ORIENTED_EDGE('',*,*,#1845,.F.);
#1270=ORIENTED_EDGE('',*,*,#1669,.T.);
#1271=ORIENTED_EDGE('',*,*,#1845,.T.);
#1272=ORIENTED_EDGE('',*,*,#1846,.F.);
#1273=ORIENTED_EDGE('',*,*,#1668,.T.);
#1274=ORIENTED_EDGE('',*,*,#1846,.T.);
#1275=ORIENTED_EDGE('',*,*,#1847,.F.);
#1276=ORIENTED_EDGE('',*,*,#1667,.T.);
#1277=ORIENTED_EDGE('',*,*,#1847,.T.);
#1278=ORIENTED_EDGE('',*,*,#1848,.T.);
#1279=ORIENTED_EDGE('',*,*,#1849,.T.);
#1280=ORIENTED_EDGE('',*,*,#1850,.F.);
#1281=ORIENTED_EDGE('',*,*,#1851,.F.);
#1282=ORIENTED_EDGE('',*,*,#1852,.F.);
#1283=ORIENTED_EDGE('',*,*,#1853,.T.);
#1284=ORIENTED_EDGE('',*,*,#1586,.T.);
#1285=ORIENTED_EDGE('',*,*,#1854,.F.);
#1286=ORIENTED_EDGE('',*,*,#1855,.T.);
#1287=ORIENTED_EDGE('',*,*,#1856,.F.);
#1288=ORIENTED_EDGE('',*,*,#1850,.T.);
#1289=ORIENTED_EDGE('',*,*,#1848,.F.);
#1290=ORIENTED_EDGE('',*,*,#1849,.F.);
#1291=ORIENTED_EDGE('',*,*,#1857,.T.);
#1292=ORIENTED_EDGE('',*,*,#1858,.T.);
#1293=ORIENTED_EDGE('',*,*,#1859,.F.);
#1294=ORIENTED_EDGE('',*,*,#1860,.F.);
#1295=ORIENTED_EDGE('',*,*,#1861,.F.);
#1296=ORIENTED_EDGE('',*,*,#1862,.T.);
#1297=ORIENTED_EDGE('',*,*,#1585,.T.);
#1298=ORIENTED_EDGE('',*,*,#1863,.F.);
#1299=ORIENTED_EDGE('',*,*,#1859,.T.);
#1300=ORIENTED_EDGE('',*,*,#1864,.F.);
#1301=ORIENTED_EDGE('',*,*,#1865,.T.);
#1302=ORIENTED_EDGE('',*,*,#1857,.F.);
#1303=ORIENTED_EDGE('',*,*,#1858,.F.);
#1304=ORIENTED_EDGE('',*,*,#1866,.F.);
#1305=ORIENTED_EDGE('',*,*,#1644,.F.);
#1306=ORIENTED_EDGE('',*,*,#1867,.F.);
#1307=ORIENTED_EDGE('',*,*,#1767,.F.);
#1308=ORIENTED_EDGE('',*,*,#1867,.T.);
#1309=ORIENTED_EDGE('',*,*,#1643,.F.);
#1310=ORIENTED_EDGE('',*,*,#1868,.F.);
#1311=ORIENTED_EDGE('',*,*,#1766,.F.);
#1312=ORIENTED_EDGE('',*,*,#1866,.T.);
#1313=ORIENTED_EDGE('',*,*,#1755,.F.);
#1314=ORIENTED_EDGE('',*,*,#1869,.F.);
#1315=ORIENTED_EDGE('',*,*,#1645,.F.);
#1316=ORIENTED_EDGE('',*,*,#1868,.T.);
#1317=ORIENTED_EDGE('',*,*,#1642,.F.);
#1318=ORIENTED_EDGE('',*,*,#1870,.F.);
#1319=ORIENTED_EDGE('',*,*,#1764,.F.);
#1320=ORIENTED_EDGE('',*,*,#1869,.T.);
#1321=ORIENTED_EDGE('',*,*,#1750,.F.);
#1322=ORIENTED_EDGE('',*,*,#1871,.F.);
#1323=ORIENTED_EDGE('',*,*,#1646,.F.);
#1324=ORIENTED_EDGE('',*,*,#1870,.T.);
#1325=ORIENTED_EDGE('',*,*,#1641,.F.);
#1326=ORIENTED_EDGE('',*,*,#1872,.F.);
#1327=ORIENTED_EDGE('',*,*,#1761,.F.);
#1328=ORIENTED_EDGE('',*,*,#1871,.T.);
#1329=ORIENTED_EDGE('',*,*,#1753,.F.);
#1330=ORIENTED_EDGE('',*,*,#1873,.F.);
#1331=ORIENTED_EDGE('',*,*,#1639,.F.);
#1332=ORIENTED_EDGE('',*,*,#1872,.T.);
#1333=ORIENTED_EDGE('',*,*,#1640,.F.);
#1334=ORIENTED_EDGE('',*,*,#1873,.T.);
#1335=ORIENTED_EDGE('',*,*,#1758,.F.);
#1336=ORIENTED_EDGE('',*,*,#1874,.T.);
#1337=ORIENTED_EDGE('',*,*,#1875,.F.);
#1338=ORIENTED_EDGE('',*,*,#1876,.F.);
#1339=ORIENTED_EDGE('',*,*,#1539,.F.);
#1340=ORIENTED_EDGE('',*,*,#1877,.T.);
#1341=ORIENTED_EDGE('',*,*,#1877,.F.);
#1342=ORIENTED_EDGE('',*,*,#1538,.T.);
#1343=ORIENTED_EDGE('',*,*,#1564,.F.);
#1344=ORIENTED_EDGE('',*,*,#1878,.F.);
#1345=ORIENTED_EDGE('',*,*,#1759,.F.);
#1346=ORIENTED_EDGE('',*,*,#1754,.T.);
#1347=ORIENTED_EDGE('',*,*,#1876,.T.);
#1348=ORIENTED_EDGE('',*,*,#1879,.T.);
#1349=ORIENTED_EDGE('',*,*,#1762,.F.);
#1350=ORIENTED_EDGE('',*,*,#1879,.F.);
#1351=ORIENTED_EDGE('',*,*,#1875,.T.);
#1352=ORIENTED_EDGE('',*,*,#1880,.T.);
#1353=ORIENTED_EDGE('',*,*,#1562,.T.);
#1354=ORIENTED_EDGE('',*,*,#1547,.F.);
#1355=ORIENTED_EDGE('',*,*,#1874,.F.);
#1356=ORIENTED_EDGE('',*,*,#1878,.T.);
#1357=ORIENTED_EDGE('',*,*,#1563,.F.);
#1358=ORIENTED_EDGE('',*,*,#1880,.F.);
#1359=ORIENTED_EDGE('',*,*,#1630,.T.);
#1360=ORIENTED_EDGE('',*,*,#1494,.F.);
#1361=ORIENTED_EDGE('',*,*,#1629,.T.);
#1362=ORIENTED_EDGE('',*,*,#1493,.F.);
#1363=ORIENTED_EDGE('',*,*,#1743,.F.);
#1364=ORIENTED_EDGE('',*,*,#1881,.F.);
#1365=ORIENTED_EDGE('',*,*,#1882,.T.);
#1366=ORIENTED_EDGE('',*,*,#1576,.T.);
#1367=ORIENTED_EDGE('',*,*,#1496,.F.);
#1368=ORIENTED_EDGE('',*,*,#1881,.T.);
#1369=ORIENTED_EDGE('',*,*,#1742,.T.);
#1370=ORIENTED_EDGE('',*,*,#1883,.F.);
#1371=ORIENTED_EDGE('',*,*,#1884,.F.);
#1372=ORIENTED_EDGE('',*,*,#1883,.T.);
#1373=ORIENTED_EDGE('',*,*,#1744,.T.);
#1374=ORIENTED_EDGE('',*,*,#1578,.F.);
#1375=ORIENTED_EDGE('',*,*,#1885,.F.);
#1376=ORIENTED_EDGE('',*,*,#1882,.F.);
#1377=ORIENTED_EDGE('',*,*,#1884,.T.);
#1378=ORIENTED_EDGE('',*,*,#1885,.T.);
#1379=ORIENTED_EDGE('',*,*,#1577,.T.);
#1380=ORIENTED_EDGE('',*,*,#1510,.F.);
#1381=ORIENTED_EDGE('',*,*,#1886,.F.);
#1382=ORIENTED_EDGE('',*,*,#1887,.T.);
#1383=ORIENTED_EDGE('',*,*,#1888,.T.);
#1384=ORIENTED_EDGE('',*,*,#1886,.T.);
#1385=ORIENTED_EDGE('',*,*,#1509,.T.);
#1386=ORIENTED_EDGE('',*,*,#1506,.T.);
#1387=ORIENTED_EDGE('',*,*,#1569,.F.);
#1388=ORIENTED_EDGE('',*,*,#1889,.F.);
#1389=ORIENTED_EDGE('',*,*,#1511,.F.);
#1390=ORIENTED_EDGE('',*,*,#1888,.F.);
#1391=ORIENTED_EDGE('',*,*,#1890,.T.);
#1392=ORIENTED_EDGE('',*,*,#1567,.T.);
#1393=ORIENTED_EDGE('',*,*,#1887,.F.);
#1394=ORIENTED_EDGE('',*,*,#1889,.T.);
#1395=ORIENTED_EDGE('',*,*,#1568,.F.);
#1396=ORIENTED_EDGE('',*,*,#1890,.F.);
#1397=ORIENTED_EDGE('',*,*,#1499,.F.);
#1398=ORIENTED_EDGE('',*,*,#1891,.F.);
#1399=ORIENTED_EDGE('',*,*,#1892,.T.);
#1400=ORIENTED_EDGE('',*,*,#1893,.T.);
#1401=ORIENTED_EDGE('',*,*,#1498,.T.);
#1402=ORIENTED_EDGE('',*,*,#1575,.F.);
#1403=ORIENTED_EDGE('',*,*,#1894,.F.);
#1404=ORIENTED_EDGE('',*,*,#1891,.T.);
#1405=ORIENTED_EDGE('',*,*,#1500,.F.);
#1406=ORIENTED_EDGE('',*,*,#1893,.F.);
#1407=ORIENTED_EDGE('',*,*,#1895,.T.);
#1408=ORIENTED_EDGE('',*,*,#1573,.T.);
#1409=ORIENTED_EDGE('',*,*,#1892,.F.);
#1410=ORIENTED_EDGE('',*,*,#1894,.T.);
#1411=ORIENTED_EDGE('',*,*,#1574,.F.);
#1412=ORIENTED_EDGE('',*,*,#1895,.F.);
#1413=ORIENTED_EDGE('',*,*,#1504,.F.);
#1414=ORIENTED_EDGE('',*,*,#1896,.F.);
#1415=ORIENTED_EDGE('',*,*,#1897,.T.);
#1416=ORIENTED_EDGE('',*,*,#1570,.T.);
#1417=ORIENTED_EDGE('',*,*,#1503,.T.);
#1418=ORIENTED_EDGE('',*,*,#1898,.F.);
#1419=ORIENTED_EDGE('',*,*,#1899,.F.);
#1420=ORIENTED_EDGE('',*,*,#1896,.T.);
#1421=ORIENTED_EDGE('',*,*,#1502,.T.);
#1422=ORIENTED_EDGE('',*,*,#1572,.F.);
#1423=ORIENTED_EDGE('',*,*,#1900,.F.);
#1424=ORIENTED_EDGE('',*,*,#1898,.T.);
#1425=ORIENTED_EDGE('',*,*,#1897,.F.);
#1426=ORIENTED_EDGE('',*,*,#1899,.T.);
#1427=ORIENTED_EDGE('',*,*,#1900,.T.);
#1428=ORIENTED_EDGE('',*,*,#1571,.F.);
#1429=ORIENTED_EDGE('',*,*,#1865,.F.);
#1430=ORIENTED_EDGE('',*,*,#1901,.F.);
#1431=ORIENTED_EDGE('',*,*,#1902,.T.);
#1432=ORIENTED_EDGE('',*,*,#1903,.T.);
#1433=ORIENTED_EDGE('',*,*,#1864,.T.);
#1434=ORIENTED_EDGE('',*,*,#1862,.F.);
#1435=ORIENTED_EDGE('',*,*,#1904,.F.);
#1436=ORIENTED_EDGE('',*,*,#1901,.T.);
#1437=ORIENTED_EDGE('',*,*,#1863,.T.);
#1438=ORIENTED_EDGE('',*,*,#1903,.F.);
#1439=ORIENTED_EDGE('',*,*,#1905,.F.);
#1440=ORIENTED_EDGE('',*,*,#1860,.T.);
#1441=ORIENTED_EDGE('',*,*,#1902,.F.);
#1442=ORIENTED_EDGE('',*,*,#1904,.T.);
#1443=ORIENTED_EDGE('',*,*,#1861,.T.);
#1444=ORIENTED_EDGE('',*,*,#1905,.T.);
#1445=ORIENTED_EDGE('',*,*,#1856,.T.);
#1446=ORIENTED_EDGE('',*,*,#1906,.F.);
#1447=ORIENTED_EDGE('',*,*,#1907,.F.);
#1448=ORIENTED_EDGE('',*,*,#1851,.T.);
#1449=ORIENTED_EDGE('',*,*,#1855,.F.);
#1450=ORIENTED_EDGE('',*,*,#1908,.F.);
#1451=ORIENTED_EDGE('',*,*,#1909,.T.);
#1452=ORIENTED_EDGE('',*,*,#1906,.T.);
#1453=ORIENTED_EDGE('',*,*,#1854,.T.);
#1454=ORIENTED_EDGE('',*,*,#1853,.F.);
#1455=ORIENTED_EDGE('',*,*,#1910,.F.);
#1456=ORIENTED_EDGE('',*,*,#1908,.T.);
#1457=ORIENTED_EDGE('',*,*,#1852,.T.);
#1458=ORIENTED_EDGE('',*,*,#1907,.T.);
#1459=ORIENTED_EDGE('',*,*,#1909,.F.);
#1460=ORIENTED_EDGE('',*,*,#1910,.T.);
#1461=ORIENTED_EDGE('',*,*,#1588,.F.);
#1462=ORIENTED_EDGE('',*,*,#1614,.F.);
#1463=ORIENTED_EDGE('',*,*,#1911,.T.);
#1464=ORIENTED_EDGE('',*,*,#1824,.F.);
#1465=ORIENTED_EDGE('',*,*,#1912,.F.);
#1466=ORIENTED_EDGE('',*,*,#1912,.T.);
#1467=ORIENTED_EDGE('',*,*,#1829,.F.);
#1468=ORIENTED_EDGE('',*,*,#1913,.F.);
#1469=ORIENTED_EDGE('',*,*,#1589,.F.);
#1470=ORIENTED_EDGE('',*,*,#1913,.T.);
#1471=ORIENTED_EDGE('',*,*,#1826,.F.);
#1472=ORIENTED_EDGE('',*,*,#1914,.F.);
#1473=ORIENTED_EDGE('',*,*,#1590,.F.);
#1474=ORIENTED_EDGE('',*,*,#1615,.F.);
#1475=ORIENTED_EDGE('',*,*,#1591,.F.);
#1476=ORIENTED_EDGE('',*,*,#1914,.T.);
#1477=ORIENTED_EDGE('',*,*,#1820,.F.);
#1478=ORIENTED_EDGE('',*,*,#1553,.F.);
#1479=ORIENTED_EDGE('',*,*,#1558,.F.);
#1480=ORIENTED_EDGE('',*,*,#1915,.F.);
#1481=ORIENTED_EDGE('',*,*,#1831,.F.);
#1482=ORIENTED_EDGE('',*,*,#1915,.T.);
#1483=ORIENTED_EDGE('',*,*,#1557,.F.);
#1484=ORIENTED_EDGE('',*,*,#1916,.F.);
#1485=ORIENTED_EDGE('',*,*,#1834,.F.);
#1486=ORIENTED_EDGE('',*,*,#1528,.F.);
#1487=ORIENTED_EDGE('',*,*,#1837,.F.);
#1488=ORIENTED_EDGE('',*,*,#1916,.T.);
#1489=ORIENTED_EDGE('',*,*,#1556,.F.);
#1490=ORIENTED_EDGE('',*,*,#1911,.F.);
#1491=ORIENTED_EDGE('',*,*,#1613,.F.);
#1492=ORIENTED_EDGE('',*,*,#1819,.F.);
#1493=EDGE_CURVE('',#1917,#1917,#2209,.F.);
#1494=EDGE_CURVE('',#1918,#1918,#2210,.F.);
#1495=EDGE_CURVE('',#1919,#1920,#99,.F.);
#1496=EDGE_CURVE('',#1920,#1921,#2211,.T.);
#1497=EDGE_CURVE('',#1922,#1921,#100,.T.);
#1498=EDGE_CURVE('',#1923,#1922,#2212,.T.);
#1499=EDGE_CURVE('',#1923,#1924,#101,.T.);
#1500=EDGE_CURVE('',#1924,#1925,#102,.T.);
#1501=EDGE_CURVE('',#1926,#1925,#103,.T.);
#1502=EDGE_CURVE('',#1927,#1926,#104,.T.);
#1503=EDGE_CURVE('',#1928,#1927,#105,.T.);
#1504=EDGE_CURVE('',#1928,#1929,#2213,.T.);
#1505=EDGE_CURVE('',#1930,#1929,#106,.T.);
#1506=EDGE_CURVE('',#1931,#1930,#2214,.T.);
#1507=EDGE_CURVE('',#1931,#1932,#107,.T.);
#1508=EDGE_CURVE('',#1919,#1932,#108,.T.);
#1509=EDGE_CURVE('',#1933,#1931,#37,.T.);
#1510=EDGE_CURVE('',#1933,#1934,#2215,.F.);
#1511=EDGE_CURVE('',#1934,#1935,#109,.T.);
#1512=EDGE_CURVE('',#1936,#1935,#2216,.T.);
#1513=EDGE_CURVE('',#1937,#1936,#110,.F.);
#1514=EDGE_CURVE('',#1932,#1937,#2217,.F.);
#1515=EDGE_CURVE('',#1938,#1939,#2218,.F.);
#1516=EDGE_CURVE('',#1938,#1940,#111,.T.);
#1517=EDGE_CURVE('',#1940,#1941,#2219,.T.);
#1518=EDGE_CURVE('',#1941,#1942,#112,.T.);
#1519=EDGE_CURVE('',#1943,#1942,#2220,.F.);
#1520=EDGE_CURVE('',#1944,#1943,#113,.T.);
#1521=EDGE_CURVE('',#1945,#1944,#2221,.F.);
#1522=EDGE_CURVE('',#1946,#1945,#114,.T.);
#1523=EDGE_CURVE('',#1947,#1946,#2222,.F.);
#1524=EDGE_CURVE('',#1948,#1947,#115,.T.);
#1525=EDGE_CURVE('',#1949,#1948,#2223,.F.);
#1526=EDGE_CURVE('',#1939,#1949,#116,.T.);
#1527=EDGE_CURVE('',#1950,#1951,#117,.T.);
#1528=EDGE_CURVE('',#1951,#1952,#118,.F.);
#1529=EDGE_CURVE('',#1952,#1953,#119,.T.);
#1530=EDGE_CURVE('',#1954,#1953,#120,.T.);
#1531=EDGE_CURVE('',#1954,#1955,#121,.T.);
#1532=EDGE_CURVE('',#1955,#1956,#122,.T.);
#1533=EDGE_CURVE('',#1956,#1957,#123,.T.);
#1534=EDGE_CURVE('',#1957,#1958,#124,.T.);
#1535=EDGE_CURVE('',#1958,#1959,#125,.T.);
#1536=EDGE_CURVE('',#1959,#1960,#126,.F.);
#1537=EDGE_CURVE('',#1960,#1961,#127,.T.);
#1538=EDGE_CURVE('',#1962,#1961,#128,.T.);
#1539=EDGE_CURVE('',#1962,#1963,#129,.T.);
#1540=EDGE_CURVE('',#1963,#1964,#2224,.T.);
#1541=EDGE_CURVE('',#1964,#1965,#130,.T.);
#1542=EDGE_CURVE('',#1965,#1966,#2225,.T.);
#1543=EDGE_CURVE('',#1967,#1966,#131,.T.);
#1544=EDGE_CURVE('',#1968,#1967,#2226,.F.);
#1545=EDGE_CURVE('',#1969,#1968,#132,.T.);
#1546=EDGE_CURVE('',#1970,#1969,#2227,.F.);
#1547=EDGE_CURVE('',#1970,#1971,#133,.T.);
#1548=EDGE_CURVE('',#1971,#1972,#134,.T.);
#1549=EDGE_CURVE('',#1973,#1972,#135,.T.);
#1550=EDGE_CURVE('',#1973,#1974,#136,.T.);
#1551=EDGE_CURVE('',#1974,#1975,#137,.T.);
#1552=EDGE_CURVE('',#1975,#1976,#138,.T.);
#1553=EDGE_CURVE('',#1976,#1977,#139,.T.);
#1554=EDGE_CURVE('',#1978,#1977,#140,.T.);
#1555=EDGE_CURVE('',#1978,#1950,#141,.T.);
#1556=EDGE_CURVE('',#1952,#1979,#142,.T.);
#1557=EDGE_CURVE('',#1979,#1980,#143,.T.);
#1558=EDGE_CURVE('',#1980,#1976,#144,.T.);
#1559=EDGE_CURVE('',#1981,#1975,#145,.T.);
#1560=EDGE_CURVE('',#1982,#1981,#146,.T.);
#1561=EDGE_CURVE('',#1982,#1972,#147,.T.);
#1562=EDGE_CURVE('',#1983,#1971,#148,.T.);
#1563=EDGE_CURVE('',#1983,#1984,#149,.T.);
#1564=EDGE_CURVE('',#1984,#1961,#150,.T.);
#1565=EDGE_CURVE('',#1960,#1985,#2228,.T.);
#1566=EDGE_CURVE('',#1985,#1936,#151,.T.);
#1567=EDGE_CURVE('',#1986,#1935,#152,.T.);
#1568=EDGE_CURVE('',#1986,#1987,#153,.T.);
#1569=EDGE_CURVE('',#1987,#1930,#154,.T.);
#1570=EDGE_CURVE('',#1988,#1929,#155,.T.);
#1571=EDGE_CURVE('',#1988,#1989,#156,.T.);
#1572=EDGE_CURVE('',#1989,#1926,#157,.T.);
#1573=EDGE_CURVE('',#1990,#1925,#158,.T.);
#1574=EDGE_CURVE('',#1990,#1991,#159,.T.);
#1575=EDGE_CURVE('',#1991,#1922,#160,.T.);
#1576=EDGE_CURVE('',#1992,#1921,#161,.T.);
#1577=EDGE_CURVE('',#1993,#1992,#162,.T.);
#1578=EDGE_CURVE('',#1993,#1994,#163,.T.);
#1579=EDGE_CURVE('',#1994,#1995,#2229,.T.);
#1580=EDGE_CURVE('',#1996,#1995,#164,.T.);
#1581=EDGE_CURVE('',#1996,#1957,#2230,.T.);
#1582=EDGE_CURVE('',#1997,#1956,#165,.T.);
#1583=EDGE_CURVE('',#1997,#1998,#166,.T.);
#1584=EDGE_CURVE('',#1998,#1953,#167,.T.);
#1585=EDGE_CURVE('',#1999,#1999,#2231,.T.);
#1586=EDGE_CURVE('',#2000,#2000,#2232,.T.);
#1587=EDGE_CURVE('',#2001,#2002,#2233,.T.);
#1588=EDGE_CURVE('',#2001,#2003,#168,.T.);
#1589=EDGE_CURVE('',#2003,#2004,#169,.T.);
#1590=EDGE_CURVE('',#2004,#2005,#170,.T.);
#1591=EDGE_CURVE('',#2005,#2002,#171,.T.);
#1592=EDGE_CURVE('',#2006,#2007,#172,.T.);
#1593=EDGE_CURVE('',#2007,#2008,#173,.T.);
#1594=EDGE_CURVE('',#2009,#2008,#174,.T.);
#1595=EDGE_CURVE('',#2006,#2009,#175,.T.);
#1596=EDGE_CURVE('',#2010,#2010,#2234,.T.);
#1597=EDGE_CURVE('',#2011,#2012,#176,.T.);
#1598=EDGE_CURVE('',#2012,#2013,#177,.T.);
#1599=EDGE_CURVE('',#2014,#2013,#178,.T.);
#1600=EDGE_CURVE('',#2011,#2014,#179,.T.);
#1601=EDGE_CURVE('',#2015,#2015,#2235,.F.);
#1602=EDGE_CURVE('',#2016,#2016,#2236,.F.);
#1603=EDGE_CURVE('',#2017,#2017,#2237,.F.);
#1604=EDGE_CURVE('',#2018,#2018,#2238,.F.);
#1605=EDGE_CURVE('',#2019,#2019,#2239,.F.);
#1606=EDGE_CURVE('',#2020,#2020,#2240,.F.);
#1607=EDGE_CURVE('',#2021,#2021,#2241,.F.);
#1608=EDGE_CURVE('',#2022,#2022,#2242,.F.);
#1609=EDGE_CURVE('',#2023,#2024,#180,.T.);
#1610=EDGE_CURVE('',#2024,#2025,#181,.T.);
#1611=EDGE_CURVE('',#2026,#2025,#182,.T.);
#1612=EDGE_CURVE('',#2023,#2026,#183,.T.);
#1613=EDGE_CURVE('',#2027,#2028,#34,.F.);
#1614=EDGE_CURVE('',#2028,#2001,#35,.T.);
#1615=EDGE_CURVE('',#2002,#2029,#36,.F.);
#1616=EDGE_CURVE('',#2030,#2029,#184,.T.);
#1617=EDGE_CURVE('',#2031,#2030,#2243,.T.);
#1618=EDGE_CURVE('',#2027,#2031,#185,.F.);
#1619=EDGE_CURVE('',#2032,#2032,#2244,.T.);
#1620=EDGE_CURVE('',#2030,#2031,#186,.T.);
#1621=EDGE_CURVE('',#2033,#2034,#2245,.T.);
#1622=EDGE_CURVE('',#2033,#2035,#187,.T.);
#1623=EDGE_CURVE('',#2036,#2035,#2246,.T.);
#1624=EDGE_CURVE('',#2036,#2037,#188,.T.);
#1625=EDGE_CURVE('',#2038,#2037,#2247,.T.);
#1626=EDGE_CURVE('',#2038,#2039,#189,.F.);
#1627=EDGE_CURVE('',#2040,#2039,#2248,.T.);
#1628=EDGE_CURVE('',#2040,#2034,#190,.F.);
#1629=EDGE_CURVE('',#2041,#2041,#2249,.T.);
#1630=EDGE_CURVE('',#2042,#2042,#2250,.T.);
#1631=EDGE_CURVE('',#2043,#2044,#191,.T.);
#1632=EDGE_CURVE('',#2044,#2045,#192,.T.);
#1633=EDGE_CURVE('',#2045,#2046,#193,.F.);
#1634=EDGE_CURVE('',#2046,#2043,#194,.F.);
#1635=EDGE_CURVE('',#2047,#2048,#195,.T.);
#1636=EDGE_CURVE('',#2048,#2049,#196,.F.);
#1637=EDGE_CURVE('',#2050,#2049,#197,.T.);
#1638=EDGE_CURVE('',#2050,#2047,#198,.T.);
#1639=EDGE_CURVE('',#2051,#2052,#2251,.T.);
#1640=EDGE_CURVE('',#2052,#2053,#199,.T.);
#1641=EDGE_CURVE('',#2053,#2054,#2252,.T.);
#1642=EDGE_CURVE('',#2054,#2055,#200,.T.);
#1643=EDGE_CURVE('',#2055,#2056,#2253,.T.);
#1644=EDGE_CURVE('',#2056,#2057,#201,.T.);
#1645=EDGE_CURVE('',#2057,#2058,#2254,.T.);
#1646=EDGE_CURVE('',#2058,#2051,#202,.T.);
#1647=EDGE_CURVE('',#2059,#2060,#203,.T.);
#1648=EDGE_CURVE('',#2060,#2061,#2255,.T.);
#1649=EDGE_CURVE('',#2061,#2062,#204,.T.);
#1650=EDGE_CURVE('',#2062,#2063,#2256,.T.);
#1651=EDGE_CURVE('',#2063,#2064,#205,.T.);
#1652=EDGE_CURVE('',#2064,#2065,#2257,.T.);
#1653=EDGE_CURVE('',#2065,#2066,#206,.T.);
#1654=EDGE_CURVE('',#2066,#2067,#2258,.T.);
#1655=EDGE_CURVE('',#2067,#2068,#207,.T.);
#1656=EDGE_CURVE('',#2068,#2069,#2259,.T.);
#1657=EDGE_CURVE('',#2069,#2070,#208,.T.);
#1658=EDGE_CURVE('',#2070,#2059,#2260,.T.);
#1659=EDGE_CURVE('',#2071,#2072,#209,.T.);
#1660=EDGE_CURVE('',#2072,#2073,#210,.F.);
#1661=EDGE_CURVE('',#2074,#2073,#211,.T.);
#1662=EDGE_CURVE('',#2074,#2071,#212,.T.);
#1663=EDGE_CURVE('',#2075,#2076,#213,.T.);
#1664=EDGE_CURVE('',#2076,#2077,#214,.T.);
#1665=EDGE_CURVE('',#2077,#2078,#215,.F.);
#1666=EDGE_CURVE('',#2078,#2075,#216,.F.);
#1667=EDGE_CURVE('',#2079,#2079,#2261,.T.);
#1668=EDGE_CURVE('',#2080,#2080,#2262,.T.);
#1669=EDGE_CURVE('',#2081,#2081,#2263,.T.);
#1670=EDGE_CURVE('',#2082,#2082,#2264,.T.);
#1671=EDGE_CURVE('',#2083,#2084,#217,.T.);
#1672=EDGE_CURVE('',#2083,#1919,#2265,.F.);
#1673=EDGE_CURVE('',#1937,#2085,#218,.T.);
#1674=EDGE_CURVE('',#2085,#1959,#2266,.F.);
#1675=EDGE_CURVE('',#1958,#2084,#2267,.F.);
#1676=EDGE_CURVE('',#2073,#2076,#2268,.T.);
#1677=EDGE_CURVE('',#2075,#2044,#2269,.T.);
#1678=EDGE_CURVE('',#2043,#2050,#2270,.T.);
#1679=EDGE_CURVE('',#2049,#2074,#2271,.T.);
#1680=EDGE_CURVE('',#1985,#2085,#219,.T.);
#1681=EDGE_CURVE('',#2084,#1996,#220,.F.);
#1682=EDGE_CURVE('',#1995,#2083,#221,.T.);
#1683=EDGE_CURVE('',#2086,#2086,#2272,.F.);
#1684=EDGE_CURVE('',#2087,#2087,#2273,.T.);
#1685=EDGE_CURVE('',#2088,#2088,#2274,.T.);
#1686=EDGE_CURVE('',#2089,#2089,#2275,.T.);
#1687=EDGE_CURVE('',#2090,#2090,#2276,.F.);
#1688=EDGE_CURVE('',#2091,#2091,#2277,.T.);
#1689=EDGE_CURVE('',#2092,#2092,#2278,.T.);
#1690=EDGE_CURVE('',#2093,#2093,#2279,.T.);
#1691=EDGE_CURVE('',#2094,#2094,#2280,.F.);
#1692=EDGE_CURVE('',#2095,#2095,#2281,.T.);
#1693=EDGE_CURVE('',#2096,#2096,#2282,.T.);
#1694=EDGE_CURVE('',#2097,#2097,#2283,.T.);
#1695=EDGE_CURVE('',#2098,#2098,#2284,.F.);
#1696=EDGE_CURVE('',#2099,#2099,#2285,.T.);
#1697=EDGE_CURVE('',#2100,#2100,#2286,.T.);
#1698=EDGE_CURVE('',#2101,#2101,#2287,.T.);
#1699=EDGE_CURVE('',#2102,#2102,#2288,.F.);
#1700=EDGE_CURVE('',#2103,#2103,#2289,.T.);
#1701=EDGE_CURVE('',#2104,#2104,#2290,.T.);
#1702=EDGE_CURVE('',#2105,#2105,#2291,.T.);
#1703=EDGE_CURVE('',#2106,#2106,#2292,.F.);
#1704=EDGE_CURVE('',#2107,#2107,#2293,.T.);
#1705=EDGE_CURVE('',#2108,#2108,#2294,.T.);
#1706=EDGE_CURVE('',#2109,#2109,#2295,.T.);
#1707=EDGE_CURVE('',#2110,#2110,#2296,.F.);
#1708=EDGE_CURVE('',#2111,#2111,#2297,.T.);
#1709=EDGE_CURVE('',#2112,#2112,#2298,.T.);
#1710=EDGE_CURVE('',#2113,#2113,#2299,.T.);
#1711=EDGE_CURVE('',#2114,#2114,#2300,.F.);
#1712=EDGE_CURVE('',#2115,#2115,#2301,.T.);
#1713=EDGE_CURVE('',#2116,#2116,#2302,.T.);
#1714=EDGE_CURVE('',#2117,#2117,#2303,.T.);
#1715=EDGE_CURVE('',#2118,#2118,#2304,.T.);
#1716=EDGE_CURVE('',#2119,#2119,#2305,.F.);
#1717=EDGE_CURVE('',#2120,#2120,#2306,.T.);
#1718=EDGE_CURVE('',#2121,#2011,#222,.T.);
#1719=EDGE_CURVE('',#2121,#2122,#223,.T.);
#1720=EDGE_CURVE('',#2122,#2012,#224,.T.);
#1721=EDGE_CURVE('',#2123,#2014,#225,.T.);
#1722=EDGE_CURVE('',#2121,#2123,#226,.T.);
#1723=EDGE_CURVE('',#2124,#2013,#227,.T.);
#1724=EDGE_CURVE('',#2123,#2124,#228,.T.);
#1725=EDGE_CURVE('',#2122,#2124,#229,.T.);
#1726=EDGE_CURVE('',#2125,#2006,#230,.T.);
#1727=EDGE_CURVE('',#2125,#2126,#231,.T.);
#1728=EDGE_CURVE('',#2126,#2007,#232,.T.);
#1729=EDGE_CURVE('',#2127,#2009,#233,.T.);
#1730=EDGE_CURVE('',#2125,#2127,#234,.T.);
#1731=EDGE_CURVE('',#2128,#2008,#235,.T.);
#1732=EDGE_CURVE('',#2127,#2128,#236,.T.);
#1733=EDGE_CURVE('',#2126,#2128,#237,.T.);
#1734=EDGE_CURVE('',#2047,#2034,#2307,.T.);
#1735=EDGE_CURVE('',#2040,#2048,#2308,.T.);
#1736=EDGE_CURVE('',#2045,#2035,#2309,.T.);
#1737=EDGE_CURVE('',#2033,#2046,#2310,.T.);
#1738=EDGE_CURVE('',#2071,#2039,#2311,.T.);
#1739=EDGE_CURVE('',#2038,#2072,#2312,.T.);
#1740=EDGE_CURVE('',#2077,#2037,#2313,.T.);
#1741=EDGE_CURVE('',#2036,#2078,#2314,.T.);
#1742=EDGE_CURVE('',#2129,#2130,#2315,.F.);
#1743=EDGE_CURVE('',#2129,#1920,#38,.T.);
#1744=EDGE_CURVE('',#2130,#1994,#238,.F.);
#1745=EDGE_CURVE('',#2047,#2046,#2316,.F.);
#1746=EDGE_CURVE('',#2071,#2048,#2317,.F.);
#1747=EDGE_CURVE('',#2045,#2078,#2318,.F.);
#1748=EDGE_CURVE('',#2077,#2072,#2319,.F.);
#1749=EDGE_CURVE('',#1964,#2131,#239,.T.);
#1750=EDGE_CURVE('',#2131,#2132,#240,.T.);
#1751=EDGE_CURVE('',#1965,#2132,#241,.T.);
#1752=EDGE_CURVE('',#2133,#2134,#242,.T.);
#1753=EDGE_CURVE('',#2134,#2131,#2320,.F.);
#1754=EDGE_CURVE('',#2133,#1963,#2321,.T.);
#1755=EDGE_CURVE('',#2132,#2135,#2322,.F.);
#1756=EDGE_CURVE('',#1966,#2135,#243,.T.);
#1757=EDGE_CURVE('',#2136,#2137,#244,.T.);
#1758=EDGE_CURVE('',#2137,#2134,#245,.T.);
#1759=EDGE_CURVE('',#2133,#2136,#246,.T.);
#1760=EDGE_CURVE('',#1969,#2138,#247,.T.);
#1761=EDGE_CURVE('',#2138,#2137,#2323,.F.);
#1762=EDGE_CURVE('',#2136,#1970,#2324,.F.);
#1763=EDGE_CURVE('',#1968,#2139,#248,.T.);
#1764=EDGE_CURVE('',#2139,#2138,#249,.T.);
#1765=EDGE_CURVE('',#1967,#2140,#250,.T.);
#1766=EDGE_CURVE('',#2140,#2139,#2325,.F.);
#1767=EDGE_CURVE('',#2135,#2140,#251,.T.);
#1768=EDGE_CURVE('',#1938,#2141,#252,.T.);
#1769=EDGE_CURVE('',#2141,#2142,#253,.T.);
#1770=EDGE_CURVE('',#1940,#2142,#254,.T.);
#1771=EDGE_CURVE('',#1939,#2143,#255,.T.);
#1772=EDGE_CURVE('',#2143,#2141,#2326,.F.);
#1773=EDGE_CURVE('',#2142,#2144,#2327,.F.);
#1774=EDGE_CURVE('',#1941,#2144,#256,.T.);
#1775=EDGE_CURVE('',#1949,#2145,#257,.T.);
#1776=EDGE_CURVE('',#2145,#2143,#258,.T.);
#1777=EDGE_CURVE('',#1948,#2146,#259,.T.);
#1778=EDGE_CURVE('',#2146,#2145,#2328,.F.);
#1779=EDGE_CURVE('',#1947,#2147,#260,.T.);
#1780=EDGE_CURVE('',#2147,#2146,#261,.T.);
#1781=EDGE_CURVE('',#1946,#2148,#262,.T.);
#1782=EDGE_CURVE('',#2148,#2147,#2329,.F.);
#1783=EDGE_CURVE('',#1945,#2149,#263,.T.);
#1784=EDGE_CURVE('',#2149,#2148,#264,.T.);
#1785=EDGE_CURVE('',#1944,#2150,#265,.T.);
#1786=EDGE_CURVE('',#2150,#2149,#2330,.F.);
#1787=EDGE_CURVE('',#1943,#2151,#266,.T.);
#1788=EDGE_CURVE('',#2151,#2150,#267,.T.);
#1789=EDGE_CURVE('',#1942,#2152,#268,.T.);
#1790=EDGE_CURVE('',#2152,#2151,#2331,.F.);
#1791=EDGE_CURVE('',#2144,#2152,#269,.T.);
#1792=EDGE_CURVE('',#2067,#2142,#39,.F.);
#1793=EDGE_CURVE('',#2144,#2066,#270,.T.);
#1794=EDGE_CURVE('',#2152,#2065,#271,.T.);
#1795=EDGE_CURVE('',#2068,#2141,#272,.T.);
#1796=EDGE_CURVE('',#2151,#2064,#40,.T.);
#1797=EDGE_CURVE('',#2069,#2143,#273,.T.);
#1798=EDGE_CURVE('',#2150,#2063,#274,.T.);
#1799=EDGE_CURVE('',#2070,#2145,#275,.T.);
#1800=EDGE_CURVE('',#2149,#2062,#276,.T.);
#1801=EDGE_CURVE('',#2059,#2146,#277,.T.);
#1802=EDGE_CURVE('',#2148,#2061,#278,.T.);
#1803=EDGE_CURVE('',#2060,#2147,#279,.T.);
#1804=EDGE_CURVE('',#2153,#2153,#2332,.F.);
#1805=EDGE_CURVE('',#2154,#1997,#280,.T.);
#1806=EDGE_CURVE('',#2154,#2155,#281,.T.);
#1807=EDGE_CURVE('',#2155,#1998,#282,.T.);
#1808=EDGE_CURVE('',#2154,#1955,#283,.T.);
#1809=EDGE_CURVE('',#2155,#1954,#284,.T.);
#1810=EDGE_CURVE('',#2156,#2023,#285,.T.);
#1811=EDGE_CURVE('',#2156,#2157,#286,.T.);
#1812=EDGE_CURVE('',#2157,#2024,#287,.T.);
#1813=EDGE_CURVE('',#2158,#2026,#288,.T.);
#1814=EDGE_CURVE('',#2156,#2158,#289,.T.);
#1815=EDGE_CURVE('',#2159,#2025,#290,.T.);
#1816=EDGE_CURVE('',#2158,#2159,#291,.T.);
#1817=EDGE_CURVE('',#2157,#2159,#292,.T.);
#1818=EDGE_CURVE('',#2160,#2161,#293,.T.);
#1819=EDGE_CURVE('',#2161,#2027,#294,.T.);
#1820=EDGE_CURVE('',#2029,#2162,#295,.T.);
#1821=EDGE_CURVE('',#2163,#2162,#296,.T.);
#1822=EDGE_CURVE('',#2160,#2163,#297,.T.);
#1823=EDGE_CURVE('',#2164,#2165,#298,.T.);
#1824=EDGE_CURVE('',#2165,#2161,#299,.T.);
#1825=EDGE_CURVE('',#2160,#2164,#300,.T.);
#1826=EDGE_CURVE('',#2162,#2166,#301,.T.);
#1827=EDGE_CURVE('',#2167,#2166,#302,.T.);
#1828=EDGE_CURVE('',#2163,#2167,#303,.T.);
#1829=EDGE_CURVE('',#2166,#2165,#304,.T.);
#1830=EDGE_CURVE('',#2164,#2167,#305,.T.);
#1831=EDGE_CURVE('',#1977,#2168,#306,.T.);
#1832=EDGE_CURVE('',#2169,#2168,#307,.T.);
#1833=EDGE_CURVE('',#1978,#2169,#308,.T.);
#1834=EDGE_CURVE('',#2168,#2170,#309,.T.);
#1835=EDGE_CURVE('',#2171,#2170,#310,.T.);
#1836=EDGE_CURVE('',#2169,#2171,#311,.T.);
#1837=EDGE_CURVE('',#2170,#1951,#312,.T.);
#1838=EDGE_CURVE('',#1950,#2171,#313,.T.);
#1839=EDGE_CURVE('',#2172,#1982,#314,.T.);
#1840=EDGE_CURVE('',#2172,#1973,#315,.T.);
#1841=EDGE_CURVE('',#2173,#1981,#316,.T.);
#1842=EDGE_CURVE('',#2172,#2173,#317,.T.);
#1843=EDGE_CURVE('',#2173,#1974,#318,.T.);
#1844=EDGE_CURVE('',#2174,#2174,#2333,.T.);
#1845=EDGE_CURVE('',#2175,#2175,#2334,.T.);
#1846=EDGE_CURVE('',#2176,#2176,#2335,.T.);
#1847=EDGE_CURVE('',#2177,#2177,#2336,.T.);
#1848=EDGE_CURVE('',#2178,#2178,#2337,.T.);
#1849=EDGE_CURVE('',#2179,#2179,#2338,.F.);
#1850=EDGE_CURVE('',#2180,#2181,#2339,.T.);
#1851=EDGE_CURVE('',#2182,#2180,#319,.T.);
#1852=EDGE_CURVE('',#2183,#2182,#2340,.T.);
#1853=EDGE_CURVE('',#2183,#2181,#320,.T.);
#1854=EDGE_CURVE('',#2184,#2181,#321,.T.);
#1855=EDGE_CURVE('',#2184,#2185,#2341,.T.);
#1856=EDGE_CURVE('',#2180,#2185,#322,.T.);
#1857=EDGE_CURVE('',#2186,#2186,#2342,.T.);
#1858=EDGE_CURVE('',#2187,#2187,#2343,.F.);
#1859=EDGE_CURVE('',#2188,#2189,#2344,.T.);
#1860=EDGE_CURVE('',#2190,#2188,#323,.T.);
#1861=EDGE_CURVE('',#2191,#2190,#2345,.T.);
#1862=EDGE_CURVE('',#2191,#2189,#324,.T.);
#1863=EDGE_CURVE('',#2188,#2192,#325,.T.);
#1864=EDGE_CURVE('',#2193,#2189,#326,.T.);
#1865=EDGE_CURVE('',#2193,#2192,#2346,.T.);
#1866=EDGE_CURVE('',#2057,#2135,#327,.T.);
#1867=EDGE_CURVE('',#2140,#2056,#328,.T.);
#1868=EDGE_CURVE('',#2139,#2055,#329,.T.);
#1869=EDGE_CURVE('',#2058,#2132,#330,.T.);
#1870=EDGE_CURVE('',#2138,#2054,#331,.T.);
#1871=EDGE_CURVE('',#2051,#2131,#332,.T.);
#1872=EDGE_CURVE('',#2137,#2053,#333,.T.);
#1873=EDGE_CURVE('',#2052,#2134,#334,.T.);
#1874=EDGE_CURVE('',#2194,#2195,#335,.T.);
#1875=EDGE_CURVE('',#2196,#2195,#336,.T.);
#1876=EDGE_CURVE('',#1963,#2196,#337,.T.);
#1877=EDGE_CURVE('',#1962,#2194,#338,.T.);
#1878=EDGE_CURVE('',#2194,#1984,#339,.T.);
#1879=EDGE_CURVE('',#2196,#1970,#340,.T.);
#1880=EDGE_CURVE('',#2195,#1983,#341,.T.);
#1881=EDGE_CURVE('',#2197,#2129,#342,.T.);
#1882=EDGE_CURVE('',#2197,#1992,#2347,.T.);
#1883=EDGE_CURVE('',#2198,#2130,#343,.T.);
#1884=EDGE_CURVE('',#2197,#2198,#344,.T.);
#1885=EDGE_CURVE('',#2198,#1993,#345,.T.);
#1886=EDGE_CURVE('',#2199,#1933,#346,.T.);
#1887=EDGE_CURVE('',#2199,#2200,#347,.T.);
#1888=EDGE_CURVE('',#2200,#1934,#348,.T.);
#1889=EDGE_CURVE('',#2199,#1987,#2348,.T.);
#1890=EDGE_CURVE('',#2200,#1986,#349,.T.);
#1891=EDGE_CURVE('',#2201,#1923,#350,.T.);
#1892=EDGE_CURVE('',#2201,#2202,#351,.T.);
#1893=EDGE_CURVE('',#2202,#1924,#352,.T.);
#1894=EDGE_CURVE('',#2201,#1991,#2349,.T.);
#1895=EDGE_CURVE('',#2202,#1990,#353,.T.);
#1896=EDGE_CURVE('',#2203,#1928,#354,.T.);
#1897=EDGE_CURVE('',#2203,#1988,#2350,.T.);
#1898=EDGE_CURVE('',#2204,#1927,#355,.T.);
#1899=EDGE_CURVE('',#2203,#2204,#356,.T.);
#1900=EDGE_CURVE('',#2204,#1989,#357,.T.);
#1901=EDGE_CURVE('',#2205,#2193,#358,.T.);
#1902=EDGE_CURVE('',#2205,#2206,#2351,.T.);
#1903=EDGE_CURVE('',#2206,#2192,#359,.T.);
#1904=EDGE_CURVE('',#2205,#2191,#360,.T.);
#1905=EDGE_CURVE('',#2190,#2206,#361,.T.);
#1906=EDGE_CURVE('',#2207,#2185,#362,.T.);
#1907=EDGE_CURVE('',#2182,#2207,#363,.T.);
#1908=EDGE_CURVE('',#2208,#2184,#364,.T.);
#1909=EDGE_CURVE('',#2208,#2207,#2352,.T.);
#1910=EDGE_CURVE('',#2208,#2183,#365,.T.);
#1911=EDGE_CURVE('',#2028,#2161,#366,.F.);
#1912=EDGE_CURVE('',#2003,#2165,#367,.F.);
#1913=EDGE_CURVE('',#2004,#2166,#368,.T.);
#1914=EDGE_CURVE('',#2005,#2162,#369,.F.);
#1915=EDGE_CURVE('',#2168,#1980,#370,.F.);
#1916=EDGE_CURVE('',#2170,#1979,#371,.T.);
#1917=VERTEX_POINT('',#4571);
#1918=VERTEX_POINT('',#4573);
#1919=VERTEX_POINT('',#4575);
#1920=VERTEX_POINT('',#4576);
#1921=VERTEX_POINT('',#4578);
#1922=VERTEX_POINT('',#4580);
#1923=VERTEX_POINT('',#4582);
#1924=VERTEX_POINT('',#4584);
#1925=VERTEX_POINT('',#4586);
#1926=VERTEX_POINT('',#4588);
#1927=VERTEX_POINT('',#4590);
#1928=VERTEX_POINT('',#4592);
#1929=VERTEX_POINT('',#4594);
#1930=VERTEX_POINT('',#4596);
#1931=VERTEX_POINT('',#4598);
#1932=VERTEX_POINT('',#4600);
#1933=VERTEX_POINT('',#4607);
#1934=VERTEX_POINT('',#4609);
#1935=VERTEX_POINT('',#4611);
#1936=VERTEX_POINT('',#4613);
#1937=VERTEX_POINT('',#4615);
#1938=VERTEX_POINT('',#4619);
#1939=VERTEX_POINT('',#4620);
#1940=VERTEX_POINT('',#4622);
#1941=VERTEX_POINT('',#4624);
#1942=VERTEX_POINT('',#4626);
#1943=VERTEX_POINT('',#4628);
#1944=VERTEX_POINT('',#4630);
#1945=VERTEX_POINT('',#4632);
#1946=VERTEX_POINT('',#4634);
#1947=VERTEX_POINT('',#4636);
#1948=VERTEX_POINT('',#4638);
#1949=VERTEX_POINT('',#4640);
#1950=VERTEX_POINT('',#4643);
#1951=VERTEX_POINT('',#4644);
#1952=VERTEX_POINT('',#4646);
#1953=VERTEX_POINT('',#4648);
#1954=VERTEX_POINT('',#4650);
#1955=VERTEX_POINT('',#4652);
#1956=VERTEX_POINT('',#4654);
#1957=VERTEX_POINT('',#4656);
#1958=VERTEX_POINT('',#4658);
#1959=VERTEX_POINT('',#4660);
#1960=VERTEX_POINT('',#4662);
#1961=VERTEX_POINT('',#4664);
#1962=VERTEX_POINT('',#4666);
#1963=VERTEX_POINT('',#4668);
#1964=VERTEX_POINT('',#4670);
#1965=VERTEX_POINT('',#4672);
#1966=VERTEX_POINT('',#4674);
#1967=VERTEX_POINT('',#4676);
#1968=VERTEX_POINT('',#4678);
#1969=VERTEX_POINT('',#4680);
#1970=VERTEX_POINT('',#4682);
#1971=VERTEX_POINT('',#4684);
#1972=VERTEX_POINT('',#4686);
#1973=VERTEX_POINT('',#4688);
#1974=VERTEX_POINT('',#4690);
#1975=VERTEX_POINT('',#4692);
#1976=VERTEX_POINT('',#4694);
#1977=VERTEX_POINT('',#4696);
#1978=VERTEX_POINT('',#4698);
#1979=VERTEX_POINT('',#4702);
#1980=VERTEX_POINT('',#4704);
#1981=VERTEX_POINT('',#4707);
#1982=VERTEX_POINT('',#4709);
#1983=VERTEX_POINT('',#4712);
#1984=VERTEX_POINT('',#4714);
#1985=VERTEX_POINT('',#4717);
#1986=VERTEX_POINT('',#4720);
#1987=VERTEX_POINT('',#4722);
#1988=VERTEX_POINT('',#4725);
#1989=VERTEX_POINT('',#4727);
#1990=VERTEX_POINT('',#4730);
#1991=VERTEX_POINT('',#4732);
#1992=VERTEX_POINT('',#4735);
#1993=VERTEX_POINT('',#4737);
#1994=VERTEX_POINT('',#4739);
#1995=VERTEX_POINT('',#4741);
#1996=VERTEX_POINT('',#4743);
#1997=VERTEX_POINT('',#4746);
#1998=VERTEX_POINT('',#4748);
#1999=VERTEX_POINT('',#4751);
#2000=VERTEX_POINT('',#4753);
#2001=VERTEX_POINT('',#4755);
#2002=VERTEX_POINT('',#4756);
#2003=VERTEX_POINT('',#4758);
#2004=VERTEX_POINT('',#4760);
#2005=VERTEX_POINT('',#4762);
#2006=VERTEX_POINT('',#4765);
#2007=VERTEX_POINT('',#4766);
#2008=VERTEX_POINT('',#4768);
#2009=VERTEX_POINT('',#4770);
#2010=VERTEX_POINT('',#4773);
#2011=VERTEX_POINT('',#4775);
#2012=VERTEX_POINT('',#4776);
#2013=VERTEX_POINT('',#4778);
#2014=VERTEX_POINT('',#4780);
#2015=VERTEX_POINT('',#4783);
#2016=VERTEX_POINT('',#4785);
#2017=VERTEX_POINT('',#4787);
#2018=VERTEX_POINT('',#4789);
#2019=VERTEX_POINT('',#4791);
#2020=VERTEX_POINT('',#4793);
#2021=VERTEX_POINT('',#4795);
#2022=VERTEX_POINT('',#4797);
#2023=VERTEX_POINT('',#4799);
#2024=VERTEX_POINT('',#4800);
#2025=VERTEX_POINT('',#4802);
#2026=VERTEX_POINT('',#4804);
#2027=VERTEX_POINT('',#4808);
#2028=VERTEX_POINT('',#4809);
#2029=VERTEX_POINT('',#4812);
#2030=VERTEX_POINT('',#4814);
#2031=VERTEX_POINT('',#4816);
#2032=VERTEX_POINT('',#4820);
#2033=VERTEX_POINT('',#4824);
#2034=VERTEX_POINT('',#4825);
#2035=VERTEX_POINT('',#4827);
#2036=VERTEX_POINT('',#4829);
#2037=VERTEX_POINT('',#4831);
#2038=VERTEX_POINT('',#4833);
#2039=VERTEX_POINT('',#4835);
#2040=VERTEX_POINT('',#4837);
#2041=VERTEX_POINT('',#4841);
#2042=VERTEX_POINT('',#4843);
#2043=VERTEX_POINT('',#4845);
#2044=VERTEX_POINT('',#4846);
#2045=VERTEX_POINT('',#4848);
#2046=VERTEX_POINT('',#4850);
#2047=VERTEX_POINT('',#4854);
#2048=VERTEX_POINT('',#4855);
#2049=VERTEX_POINT('',#4857);
#2050=VERTEX_POINT('',#4859);
#2051=VERTEX_POINT('',#4863);
#2052=VERTEX_POINT('',#4864);
#2053=VERTEX_POINT('',#4866);
#2054=VERTEX_POINT('',#4868);
#2055=VERTEX_POINT('',#4870);
#2056=VERTEX_POINT('',#4872);
#2057=VERTEX_POINT('',#4874);
#2058=VERTEX_POINT('',#4876);
#2059=VERTEX_POINT('',#4879);
#2060=VERTEX_POINT('',#4880);
#2061=VERTEX_POINT('',#4882);
#2062=VERTEX_POINT('',#4884);
#2063=VERTEX_POINT('',#4886);
#2064=VERTEX_POINT('',#4888);
#2065=VERTEX_POINT('',#4890);
#2066=VERTEX_POINT('',#4892);
#2067=VERTEX_POINT('',#4894);
#2068=VERTEX_POINT('',#4896);
#2069=VERTEX_POINT('',#4898);
#2070=VERTEX_POINT('',#4900);
#2071=VERTEX_POINT('',#4903);
#2072=VERTEX_POINT('',#4904);
#2073=VERTEX_POINT('',#4906);
#2074=VERTEX_POINT('',#4908);
#2075=VERTEX_POINT('',#4912);
#2076=VERTEX_POINT('',#4913);
#2077=VERTEX_POINT('',#4915);
#2078=VERTEX_POINT('',#4917);
#2079=VERTEX_POINT('',#4921);
#2080=VERTEX_POINT('',#4923);
#2081=VERTEX_POINT('',#4925);
#2082=VERTEX_POINT('',#4927);
#2083=VERTEX_POINT('',#4929);
#2084=VERTEX_POINT('',#4930);
#2085=VERTEX_POINT('',#4933);
#2086=VERTEX_POINT('',#4947);
#2087=VERTEX_POINT('',#4949);
#2088=VERTEX_POINT('',#4952);
#2089=VERTEX_POINT('',#4954);
#2090=VERTEX_POINT('',#4959);
#2091=VERTEX_POINT('',#4961);
#2092=VERTEX_POINT('',#4964);
#2093=VERTEX_POINT('',#4966);
#2094=VERTEX_POINT('',#4971);
#2095=VERTEX_POINT('',#4973);
#2096=VERTEX_POINT('',#4976);
#2097=VERTEX_POINT('',#4978);
#2098=VERTEX_POINT('',#4983);
#2099=VERTEX_POINT('',#4985);
#2100=VERTEX_POINT('',#4988);
#2101=VERTEX_POINT('',#4990);
#2102=VERTEX_POINT('',#4995);
#2103=VERTEX_POINT('',#4997);
#2104=VERTEX_POINT('',#5000);
#2105=VERTEX_POINT('',#5002);
#2106=VERTEX_POINT('',#5007);
#2107=VERTEX_POINT('',#5009);
#2108=VERTEX_POINT('',#5012);
#2109=VERTEX_POINT('',#5014);
#2110=VERTEX_POINT('',#5019);
#2111=VERTEX_POINT('',#5021);
#2112=VERTEX_POINT('',#5024);
#2113=VERTEX_POINT('',#5026);
#2114=VERTEX_POINT('',#5031);
#2115=VERTEX_POINT('',#5033);
#2116=VERTEX_POINT('',#5036);
#2117=VERTEX_POINT('',#5038);
#2118=VERTEX_POINT('',#5043);
#2119=VERTEX_POINT('',#5045);
#2120=VERTEX_POINT('',#5048);
#2121=VERTEX_POINT('',#5053);
#2122=VERTEX_POINT('',#5055);
#2123=VERTEX_POINT('',#5059);
#2124=VERTEX_POINT('',#5063);
#2125=VERTEX_POINT('',#5070);
#2126=VERTEX_POINT('',#5072);
#2127=VERTEX_POINT('',#5076);
#2128=VERTEX_POINT('',#5080);
#2129=VERTEX_POINT('',#5101);
#2130=VERTEX_POINT('',#5102);
#2131=VERTEX_POINT('',#5122);
#2132=VERTEX_POINT('',#5124);
#2133=VERTEX_POINT('',#5128);
#2134=VERTEX_POINT('',#5129);
#2135=VERTEX_POINT('',#5134);
#2136=VERTEX_POINT('',#5138);
#2137=VERTEX_POINT('',#5139);
#2138=VERTEX_POINT('',#5144);
#2139=VERTEX_POINT('',#5149);
#2140=VERTEX_POINT('',#5153);
#2141=VERTEX_POINT('',#5159);
#2142=VERTEX_POINT('',#5161);
#2143=VERTEX_POINT('',#5165);
#2144=VERTEX_POINT('',#5169);
#2145=VERTEX_POINT('',#5173);
#2146=VERTEX_POINT('',#5177);
#2147=VERTEX_POINT('',#5181);
#2148=VERTEX_POINT('',#5185);
#2149=VERTEX_POINT('',#5189);
#2150=VERTEX_POINT('',#5193);
#2151=VERTEX_POINT('',#5197);
#2152=VERTEX_POINT('',#5201);
#2153=VERTEX_POINT('',#5245);
#2154=VERTEX_POINT('',#5249);
#2155=VERTEX_POINT('',#5251);
#2156=VERTEX_POINT('',#5260);
#2157=VERTEX_POINT('',#5262);
#2158=VERTEX_POINT('',#5266);
#2159=VERTEX_POINT('',#5270);
#2160=VERTEX_POINT('',#5277);
#2161=VERTEX_POINT('',#5278);
#2162=VERTEX_POINT('',#5281);
#2163=VERTEX_POINT('',#5283);
#2164=VERTEX_POINT('',#5287);
#2165=VERTEX_POINT('',#5288);
#2166=VERTEX_POINT('',#5293);
#2167=VERTEX_POINT('',#5295);
#2168=VERTEX_POINT('',#5303);
#2169=VERTEX_POINT('',#5305);
#2170=VERTEX_POINT('',#5309);
#2171=VERTEX_POINT('',#5311);
#2172=VERTEX_POINT('',#5319);
#2173=VERTEX_POINT('',#5323);
#2174=VERTEX_POINT('',#5330);
#2175=VERTEX_POINT('',#5334);
#2176=VERTEX_POINT('',#5338);
#2177=VERTEX_POINT('',#5342);
#2178=VERTEX_POINT('',#5346);
#2179=VERTEX_POINT('',#5348);
#2180=VERTEX_POINT('',#5351);
#2181=VERTEX_POINT('',#5352);
#2182=VERTEX_POINT('',#5354);
#2183=VERTEX_POINT('',#5356);
#2184=VERTEX_POINT('',#5360);
#2185=VERTEX_POINT('',#5362);
#2186=VERTEX_POINT('',#5367);
#2187=VERTEX_POINT('',#5369);
#2188=VERTEX_POINT('',#5372);
#2189=VERTEX_POINT('',#5373);
#2190=VERTEX_POINT('',#5375);
#2191=VERTEX_POINT('',#5377);
#2192=VERTEX_POINT('',#5381);
#2193=VERTEX_POINT('',#5383);
#2194=VERTEX_POINT('',#5404);
#2195=VERTEX_POINT('',#5405);
#2196=VERTEX_POINT('',#5407);
#2197=VERTEX_POINT('',#5421);
#2198=VERTEX_POINT('',#5425);
#2199=VERTEX_POINT('',#5432);
#2200=VERTEX_POINT('',#5434);
#2201=VERTEX_POINT('',#5443);
#2202=VERTEX_POINT('',#5445);
#2203=VERTEX_POINT('',#5454);
#2204=VERTEX_POINT('',#5458);
#2205=VERTEX_POINT('',#5465);
#2206=VERTEX_POINT('',#5467);
#2207=VERTEX_POINT('',#5476);
#2208=VERTEX_POINT('',#5480);
#2209=CIRCLE('',#3247,0.004);
#2210=CIRCLE('',#3248,0.004);
#2211=CIRCLE('',#3249,0.00849999999999989);
#2212=CIRCLE('',#3250,0.0085);
#2213=CIRCLE('',#3251,0.0085);
#2214=CIRCLE('',#3252,0.00849999999999984);
#2215=CIRCLE('',#3254,0.014);
#2216=CIRCLE('',#3255,0.014);
#2217=CIRCLE('',#3256,0.014);
#2218=CIRCLE('',#3258,0.0005);
#2219=CIRCLE('',#3259,0.0016470717477109);
#2220=CIRCLE('',#3260,0.0016470717477109);
#2221=CIRCLE('',#3261,0.000499999999999993);
#2222=CIRCLE('',#3262,0.000499999999999983);
#2223=CIRCLE('',#3263,0.0005);
#2224=CIRCLE('',#3264,0.001625);
#2225=CIRCLE('',#3265,0.001625);
#2226=CIRCLE('',#3266,0.001625);
#2227=CIRCLE('',#3267,0.001625);
#2228=CIRCLE('',#3269,0.014);
#2229=CIRCLE('',#3270,0.014);
#2230=CIRCLE('',#3271,0.014);
#2231=CIRCLE('',#3272,0.01);
#2232=CIRCLE('',#3273,0.01);
#2233=CIRCLE('',#3274,0.0026);
#2234=CIRCLE('',#3275,0.004);
#2235=CIRCLE('',#3276,0.004);
#2236=CIRCLE('',#3277,0.004);
#2237=CIRCLE('',#3278,0.004);
#2238=CIRCLE('',#3279,0.004);
#2239=CIRCLE('',#3280,0.004);
#2240=CIRCLE('',#3281,0.004);
#2241=CIRCLE('',#3282,0.004);
#2242=CIRCLE('',#3283,0.004);
#2243=CIRCLE('',#3288,0.0026);
#2244=CIRCLE('',#3290,0.00114);
#2245=CIRCLE('',#3292,0.005);
#2246=CIRCLE('',#3293,0.005);
#2247=CIRCLE('',#3294,0.005);
#2248=CIRCLE('',#3295,0.005);
#2249=CIRCLE('',#3297,0.004);
#2250=CIRCLE('',#3298,0.004);
#2251=CIRCLE('',#3301,0.003625);
#2252=CIRCLE('',#3302,0.003625);
#2253=CIRCLE('',#3303,0.003625);
#2254=CIRCLE('',#3304,0.003625);
#2255=CIRCLE('',#3305,0.0025);
#2256=CIRCLE('',#3306,0.0025);
#2257=CIRCLE('',#3307,0.00364707174771089);
#2258=CIRCLE('',#3308,0.00364707174771089);
#2259=CIRCLE('',#3309,0.0025);
#2260=CIRCLE('',#3310,0.0025);
#2261=CIRCLE('',#3313,0.00115);
#2262=CIRCLE('',#3314,0.00115);
#2263=CIRCLE('',#3315,0.00115);
#2264=CIRCLE('',#3316,0.00115);
#2265=CIRCLE('',#3317,0.014);
#2266=CIRCLE('',#3318,0.014);
#2267=CIRCLE('',#3319,0.014);
#2268=CIRCLE('',#3320,0.006);
#2269=CIRCLE('',#3321,0.006);
#2270=CIRCLE('',#3322,0.006);
#2271=CIRCLE('',#3323,0.006);
#2272=CIRCLE('',#3327,0.00115);
#2273=CIRCLE('',#3328,0.00115);
#2274=CIRCLE('',#3330,0.003);
#2275=CIRCLE('',#3331,0.003);
#2276=CIRCLE('',#3335,0.00115);
#2277=CIRCLE('',#3336,0.00115);
#2278=CIRCLE('',#3338,0.003);
#2279=CIRCLE('',#3339,0.003);
#2280=CIRCLE('',#3343,0.00115);
#2281=CIRCLE('',#3344,0.00115);
#2282=CIRCLE('',#3346,0.003);
#2283=CIRCLE('',#3347,0.003);
#2284=CIRCLE('',#3351,0.00115);
#2285=CIRCLE('',#3352,0.00115);
#2286=CIRCLE('',#3354,0.003);
#2287=CIRCLE('',#3355,0.003);
#2288=CIRCLE('',#3359,0.00115);
#2289=CIRCLE('',#3360,0.00115);
#2290=CIRCLE('',#3362,0.003);
#2291=CIRCLE('',#3363,0.003);
#2292=CIRCLE('',#3367,0.00115);
#2293=CIRCLE('',#3368,0.00115);
#2294=CIRCLE('',#3370,0.003);
#2295=CIRCLE('',#3371,0.003);
#2296=CIRCLE('',#3375,0.00115);
#2297=CIRCLE('',#3376,0.00115);
#2298=CIRCLE('',#3378,0.003);
#2299=CIRCLE('',#3379,0.003);
#2300=CIRCLE('',#3383,0.00115);
#2301=CIRCLE('',#3384,0.00115);
#2302=CIRCLE('',#3386,0.003);
#2303=CIRCLE('',#3387,0.003);
#2304=CIRCLE('',#3391,0.00115);
#2305=CIRCLE('',#3392,0.00115);
#2306=CIRCLE('',#3394,0.004);
#2307=CIRCLE('',#3408,0.001);
#2308=CIRCLE('',#3409,0.001);
#2309=CIRCLE('',#3411,0.001);
#2310=CIRCLE('',#3412,0.001);
#2311=CIRCLE('',#3414,0.001);
#2312=CIRCLE('',#3415,0.001);
#2313=CIRCLE('',#3417,0.001);
#2314=CIRCLE('',#3418,0.001);
#2315=CIRCLE('',#3422,0.014);
#2316=CIRCLE('',#3424,0.006);
#2317=CIRCLE('',#3427,0.006);
#2318=CIRCLE('',#3430,0.006);
#2319=CIRCLE('',#3433,0.006);
#2320=CIRCLE('',#3437,0.001625);
#2321=CIRCLE('',#3438,0.001625);
#2322=CIRCLE('',#3440,0.001625);
#2323=CIRCLE('',#3443,0.001625);
#2324=CIRCLE('',#3444,0.001625);
#2325=CIRCLE('',#3447,0.001625);
#2326=CIRCLE('',#3451,0.0005);
#2327=CIRCLE('',#3453,0.0016470717477109);
#2328=CIRCLE('',#3456,0.0005);
#2329=CIRCLE('',#3459,0.000499999999999983);
#2330=CIRCLE('',#3462,0.000499999999999993);
#2331=CIRCLE('',#3465,0.0016470717477109);
#2332=CIRCLE('',#3488,0.00114);
#2333=CIRCLE('',#3513,0.00115);
#2334=CIRCLE('',#3516,0.00115);
#2335=CIRCLE('',#3519,0.00115);
#2336=CIRCLE('',#3522,0.00115);
#2337=CIRCLE('',#3525,0.0065);
#2338=CIRCLE('',#3526,0.0065);
#2339=CIRCLE('',#3528,0.01);
#2340=CIRCLE('',#3529,0.01);
#2341=CIRCLE('',#3531,0.00865);
#2342=CIRCLE('',#3534,0.0065);
#2343=CIRCLE('',#3535,0.0065);
#2344=CIRCLE('',#3537,0.01);
#2345=CIRCLE('',#3538,0.01);
#2346=CIRCLE('',#3540,0.00865);
#2347=CIRCLE('',#3558,0.00849999999999989);
#2348=CIRCLE('',#3564,0.00849999999999984);
#2349=CIRCLE('',#3569,0.0085);
#2350=CIRCLE('',#3573,0.0085);
#2351=CIRCLE('',#3578,0.00865);
#2352=CIRCLE('',#3584,0.00865);
#2353=EDGE_LOOP('',(#645));
#2354=EDGE_LOOP('',(#646));
#2355=EDGE_LOOP('',(#647,#648,#649,#650,#651,#652,#653,#654,#655,#656,#657,
#658,#659,#660));
#2356=EDGE_LOOP('',(#661,#662,#663,#664,#665,#666,#667));
#2357=EDGE_LOOP('',(#668,#669,#670,#671,#672,#673,#674,#675,#676,#677,#678,
#679));
#2358=EDGE_LOOP('',(#680,#681,#682,#683,#684,#685,#686,#687,#688,#689,#690,
#691,#692,#693,#694,#695,#696,#697,#698,#699,#700,#701,#702,#703,#704,#705,
#706,#707,#708));
#2359=EDGE_LOOP('',(#709,#710,#711,#712,#713,#714,#715,#716,#717,#718,#719,
#720,#721,#722,#723,#724,#725,#726,#727,#728,#729,#730,#731,#732,#733,#734,
#735,#736,#737,#738,#739,#740,#741,#742,#743,#744,#745,#746));
#2360=EDGE_LOOP('',(#747));
#2361=EDGE_LOOP('',(#748));
#2362=EDGE_LOOP('',(#749,#750,#751,#752,#753));
#2363=EDGE_LOOP('',(#754,#755,#756,#757));
#2364=EDGE_LOOP('',(#758));
#2365=EDGE_LOOP('',(#759,#760,#761,#762));
#2366=EDGE_LOOP('',(#763));
#2367=EDGE_LOOP('',(#764));
#2368=EDGE_LOOP('',(#765));
#2369=EDGE_LOOP('',(#766));
#2370=EDGE_LOOP('',(#767));
#2371=EDGE_LOOP('',(#768));
#2372=EDGE_LOOP('',(#769));
#2373=EDGE_LOOP('',(#770));
#2374=EDGE_LOOP('',(#771,#772,#773,#774));
#2375=EDGE_LOOP('',(#775,#776,#777,#778,#779,#780,#781));
#2376=EDGE_LOOP('',(#782));
#2377=EDGE_LOOP('',(#783,#784));
#2378=EDGE_LOOP('',(#785,#786,#787,#788,#789,#790,#791,#792));
#2379=EDGE_LOOP('',(#793));
#2380=EDGE_LOOP('',(#794));
#2381=EDGE_LOOP('',(#795,#796,#797,#798));
#2382=EDGE_LOOP('',(#799,#800,#801,#802));
#2383=EDGE_LOOP('',(#803,#804,#805,#806,#807,#808,#809,#810));
#2384=EDGE_LOOP('',(#811,#812,#813,#814,#815,#816,#817,#818,#819,#820,#821,
#822));
#2385=EDGE_LOOP('',(#823,#824,#825,#826));
#2386=EDGE_LOOP('',(#827,#828,#829,#830));
#2387=EDGE_LOOP('',(#831));
#2388=EDGE_LOOP('',(#832));
#2389=EDGE_LOOP('',(#833));
#2390=EDGE_LOOP('',(#834));
#2391=EDGE_LOOP('',(#835,#836,#837,#838,#839,#840,#841,#842));
#2392=EDGE_LOOP('',(#843,#844,#845,#846,#847,#848,#849,#850));
#2393=EDGE_LOOP('',(#851,#852,#853,#854));
#2394=EDGE_LOOP('',(#855,#856,#857,#858));
#2395=EDGE_LOOP('',(#859));
#2396=EDGE_LOOP('',(#860));
#2397=EDGE_LOOP('',(#861));
#2398=EDGE_LOOP('',(#862));
#2399=EDGE_LOOP('',(#863));
#2400=EDGE_LOOP('',(#864));
#2401=EDGE_LOOP('',(#865));
#2402=EDGE_LOOP('',(#866));
#2403=EDGE_LOOP('',(#867));
#2404=EDGE_LOOP('',(#868));
#2405=EDGE_LOOP('',(#869));
#2406=EDGE_LOOP('',(#870));
#2407=EDGE_LOOP('',(#871));
#2408=EDGE_LOOP('',(#872));
#2409=EDGE_LOOP('',(#873));
#2410=EDGE_LOOP('',(#874));
#2411=EDGE_LOOP('',(#875));
#2412=EDGE_LOOP('',(#876));
#2413=EDGE_LOOP('',(#877));
#2414=EDGE_LOOP('',(#878));
#2415=EDGE_LOOP('',(#879));
#2416=EDGE_LOOP('',(#880));
#2417=EDGE_LOOP('',(#881));
#2418=EDGE_LOOP('',(#882));
#2419=EDGE_LOOP('',(#883));
#2420=EDGE_LOOP('',(#884));
#2421=EDGE_LOOP('',(#885));
#2422=EDGE_LOOP('',(#886));
#2423=EDGE_LOOP('',(#887));
#2424=EDGE_LOOP('',(#888));
#2425=EDGE_LOOP('',(#889));
#2426=EDGE_LOOP('',(#890));
#2427=EDGE_LOOP('',(#891));
#2428=EDGE_LOOP('',(#892));
#2429=EDGE_LOOP('',(#893));
#2430=EDGE_LOOP('',(#894));
#2431=EDGE_LOOP('',(#895));
#2432=EDGE_LOOP('',(#896));
#2433=EDGE_LOOP('',(#897));
#2434=EDGE_LOOP('',(#898));
#2435=EDGE_LOOP('',(#899));
#2436=EDGE_LOOP('',(#900));
#2437=EDGE_LOOP('',(#901));
#2438=EDGE_LOOP('',(#902));
#2439=EDGE_LOOP('',(#903));
#2440=EDGE_LOOP('',(#904));
#2441=EDGE_LOOP('',(#905));
#2442=EDGE_LOOP('',(#906));
#2443=EDGE_LOOP('',(#907));
#2444=EDGE_LOOP('',(#908));
#2445=EDGE_LOOP('',(#909));
#2446=EDGE_LOOP('',(#910));
#2447=EDGE_LOOP('',(#911));
#2448=EDGE_LOOP('',(#912));
#2449=EDGE_LOOP('',(#913));
#2450=EDGE_LOOP('',(#914));
#2451=EDGE_LOOP('',(#915));
#2452=EDGE_LOOP('',(#916));
#2453=EDGE_LOOP('',(#917));
#2454=EDGE_LOOP('',(#918));
#2455=EDGE_LOOP('',(#919));
#2456=EDGE_LOOP('',(#920));
#2457=EDGE_LOOP('',(#921));
#2458=EDGE_LOOP('',(#922,#923,#924,#925));
#2459=EDGE_LOOP('',(#926,#927,#928,#929));
#2460=EDGE_LOOP('',(#930,#931,#932,#933));
#2461=EDGE_LOOP('',(#934,#935,#936,#937));
#2462=EDGE_LOOP('',(#938,#939,#940,#941));
#2463=EDGE_LOOP('',(#942,#943,#944,#945));
#2464=EDGE_LOOP('',(#946,#947,#948,#949));
#2465=EDGE_LOOP('',(#950,#951,#952,#953));
#2466=EDGE_LOOP('',(#954,#955,#956,#957));
#2467=EDGE_LOOP('',(#958,#959,#960,#961));
#2468=EDGE_LOOP('',(#962,#963,#964,#965));
#2469=EDGE_LOOP('',(#966,#967,#968,#969));
#2470=EDGE_LOOP('',(#970,#971,#972,#973));
#2471=EDGE_LOOP('',(#974,#975,#976,#977));
#2472=EDGE_LOOP('',(#978,#979,#980,#981));
#2473=EDGE_LOOP('',(#982,#983,#984,#985));
#2474=EDGE_LOOP('',(#986,#987,#988,#989,#990,#991,#992));
#2475=EDGE_LOOP('',(#993,#994,#995,#996));
#2476=EDGE_LOOP('',(#997,#998,#999,#1000));
#2477=EDGE_LOOP('',(#1001,#1002,#1003,#1004));
#2478=EDGE_LOOP('',(#1005,#1006,#1007,#1008));
#2479=EDGE_LOOP('',(#1009,#1010,#1011,#1012));
#2480=EDGE_LOOP('',(#1013,#1014,#1015,#1016));
#2481=EDGE_LOOP('',(#1017,#1018,#1019,#1020));
#2482=EDGE_LOOP('',(#1021,#1022,#1023,#1024));
#2483=EDGE_LOOP('',(#1025,#1026,#1027,#1028));
#2484=EDGE_LOOP('',(#1029,#1030,#1031,#1032,#1033));
#2485=EDGE_LOOP('',(#1034,#1035,#1036,#1037));
#2486=EDGE_LOOP('',(#1038,#1039,#1040,#1041));
#2487=EDGE_LOOP('',(#1042,#1043,#1044,#1045,#1046));
#2488=EDGE_LOOP('',(#1047,#1048,#1049,#1050));
#2489=EDGE_LOOP('',(#1051,#1052,#1053,#1054));
#2490=EDGE_LOOP('',(#1055,#1056,#1057,#1058));
#2491=EDGE_LOOP('',(#1059,#1060,#1061,#1062));
#2492=EDGE_LOOP('',(#1063,#1064,#1065,#1066));
#2493=EDGE_LOOP('',(#1067,#1068,#1069,#1070));
#2494=EDGE_LOOP('',(#1071,#1072,#1073,#1074));
#2495=EDGE_LOOP('',(#1075,#1076,#1077,#1078));
#2496=EDGE_LOOP('',(#1079,#1080,#1081,#1082));
#2497=EDGE_LOOP('',(#1083,#1084,#1085,#1086));
#2498=EDGE_LOOP('',(#1087,#1088,#1089,#1090));
#2499=EDGE_LOOP('',(#1091,#1092,#1093,#1094));
#2500=EDGE_LOOP('',(#1095,#1096,#1097,#1098));
#2501=EDGE_LOOP('',(#1099,#1100,#1101,#1102));
#2502=EDGE_LOOP('',(#1103,#1104,#1105,#1106));
#2503=EDGE_LOOP('',(#1107));
#2504=EDGE_LOOP('',(#1108));
#2505=EDGE_LOOP('',(#1109));
#2506=EDGE_LOOP('',(#1110));
#2507=EDGE_LOOP('',(#1111));
#2508=EDGE_LOOP('',(#1112));
#2509=EDGE_LOOP('',(#1113));
#2510=EDGE_LOOP('',(#1114));
#2511=EDGE_LOOP('',(#1115));
#2512=EDGE_LOOP('',(#1116));
#2513=EDGE_LOOP('',(#1117));
#2514=EDGE_LOOP('',(#1118));
#2515=EDGE_LOOP('',(#1119));
#2516=EDGE_LOOP('',(#1120));
#2517=EDGE_LOOP('',(#1121));
#2518=EDGE_LOOP('',(#1122));
#2519=EDGE_LOOP('',(#1123,#1124,#1125,#1126));
#2520=EDGE_LOOP('',(#1127,#1128,#1129,#1130));
#2521=EDGE_LOOP('',(#1131,#1132,#1133,#1134));
#2522=EDGE_LOOP('',(#1135,#1136,#1137,#1138));
#2523=EDGE_LOOP('',(#1139,#1140,#1141,#1142));
#2524=EDGE_LOOP('',(#1143,#1144,#1145,#1146));
#2525=EDGE_LOOP('',(#1147,#1148,#1149,#1150));
#2526=EDGE_LOOP('',(#1151,#1152,#1153,#1154));
#2527=EDGE_LOOP('',(#1155,#1156,#1157,#1158));
#2528=EDGE_LOOP('',(#1159,#1160,#1161,#1162));
#2529=EDGE_LOOP('',(#1163,#1164,#1165,#1166));
#2530=EDGE_LOOP('',(#1167,#1168,#1169,#1170));
#2531=EDGE_LOOP('',(#1171));
#2532=EDGE_LOOP('',(#1172));
#2533=EDGE_LOOP('',(#1173));
#2534=EDGE_LOOP('',(#1174,#1175,#1176,#1177));
#2535=EDGE_LOOP('',(#1178,#1179,#1180,#1181));
#2536=EDGE_LOOP('',(#1182,#1183,#1184,#1185));
#2537=EDGE_LOOP('',(#1186,#1187,#1188,#1189));
#2538=EDGE_LOOP('',(#1190,#1191,#1192,#1193));
#2539=EDGE_LOOP('',(#1194,#1195,#1196,#1197));
#2540=EDGE_LOOP('',(#1198,#1199,#1200,#1201));
#2541=EDGE_LOOP('',(#1202,#1203,#1204,#1205));
#2542=EDGE_LOOP('',(#1206,#1207,#1208,#1209));
#2543=EDGE_LOOP('',(#1210,#1211,#1212,#1213,#1214,#1215,#1216,#1217));
#2544=EDGE_LOOP('',(#1218,#1219,#1220,#1221));
#2545=EDGE_LOOP('',(#1222,#1223,#1224,#1225));
#2546=EDGE_LOOP('',(#1226,#1227,#1228,#1229));
#2547=EDGE_LOOP('',(#1230,#1231,#1232,#1233));
#2548=EDGE_LOOP('',(#1234,#1235,#1236,#1237));
#2549=EDGE_LOOP('',(#1238,#1239,#1240,#1241));
#2550=EDGE_LOOP('',(#1242,#1243,#1244,#1245));
#2551=EDGE_LOOP('',(#1246,#1247,#1248,#1249));
#2552=EDGE_LOOP('',(#1250,#1251,#1252,#1253));
#2553=EDGE_LOOP('',(#1254,#1255,#1256,#1257));
#2554=EDGE_LOOP('',(#1258,#1259,#1260,#1261));
#2555=EDGE_LOOP('',(#1262,#1263,#1264,#1265));
#2556=EDGE_LOOP('',(#1266));
#2557=EDGE_LOOP('',(#1267));
#2558=EDGE_LOOP('',(#1268));
#2559=EDGE_LOOP('',(#1269));
#2560=EDGE_LOOP('',(#1270));
#2561=EDGE_LOOP('',(#1271));
#2562=EDGE_LOOP('',(#1272));
#2563=EDGE_LOOP('',(#1273));
#2564=EDGE_LOOP('',(#1274));
#2565=EDGE_LOOP('',(#1275));
#2566=EDGE_LOOP('',(#1276));
#2567=EDGE_LOOP('',(#1277));
#2568=EDGE_LOOP('',(#1278));
#2569=EDGE_LOOP('',(#1279));
#2570=EDGE_LOOP('',(#1280,#1281,#1282,#1283));
#2571=EDGE_LOOP('',(#1284));
#2572=EDGE_LOOP('',(#1285,#1286,#1287,#1288));
#2573=EDGE_LOOP('',(#1289));
#2574=EDGE_LOOP('',(#1290));
#2575=EDGE_LOOP('',(#1291));
#2576=EDGE_LOOP('',(#1292));
#2577=EDGE_LOOP('',(#1293,#1294,#1295,#1296));
#2578=EDGE_LOOP('',(#1297));
#2579=EDGE_LOOP('',(#1298,#1299,#1300,#1301));
#2580=EDGE_LOOP('',(#1302));
#2581=EDGE_LOOP('',(#1303));
#2582=EDGE_LOOP('',(#1304,#1305,#1306,#1307));
#2583=EDGE_LOOP('',(#1308,#1309,#1310,#1311));
#2584=EDGE_LOOP('',(#1312,#1313,#1314,#1315));
#2585=EDGE_LOOP('',(#1316,#1317,#1318,#1319));
#2586=EDGE_LOOP('',(#1320,#1321,#1322,#1323));
#2587=EDGE_LOOP('',(#1324,#1325,#1326,#1327));
#2588=EDGE_LOOP('',(#1328,#1329,#1330,#1331));
#2589=EDGE_LOOP('',(#1332,#1333,#1334,#1335));
#2590=EDGE_LOOP('',(#1336,#1337,#1338,#1339,#1340));
#2591=EDGE_LOOP('',(#1341,#1342,#1343,#1344));
#2592=EDGE_LOOP('',(#1345,#1346,#1347,#1348,#1349));
#2593=EDGE_LOOP('',(#1350,#1351,#1352,#1353,#1354));
#2594=EDGE_LOOP('',(#1355,#1356,#1357,#1358));
#2595=EDGE_LOOP('',(#1359));
#2596=EDGE_LOOP('',(#1360));
#2597=EDGE_LOOP('',(#1361));
#2598=EDGE_LOOP('',(#1362));
#2599=EDGE_LOOP('',(#1363,#1364,#1365,#1366,#1367));
#2600=EDGE_LOOP('',(#1368,#1369,#1370,#1371));
#2601=EDGE_LOOP('',(#1372,#1373,#1374,#1375));
#2602=EDGE_LOOP('',(#1376,#1377,#1378,#1379));
#2603=EDGE_LOOP('',(#1380,#1381,#1382,#1383));
#2604=EDGE_LOOP('',(#1384,#1385,#1386,#1387,#1388));
#2605=EDGE_LOOP('',(#1389,#1390,#1391,#1392));
#2606=EDGE_LOOP('',(#1393,#1394,#1395,#1396));
#2607=EDGE_LOOP('',(#1397,#1398,#1399,#1400));
#2608=EDGE_LOOP('',(#1401,#1402,#1403,#1404));
#2609=EDGE_LOOP('',(#1405,#1406,#1407,#1408));
#2610=EDGE_LOOP('',(#1409,#1410,#1411,#1412));
#2611=EDGE_LOOP('',(#1413,#1414,#1415,#1416));
#2612=EDGE_LOOP('',(#1417,#1418,#1419,#1420));
#2613=EDGE_LOOP('',(#1421,#1422,#1423,#1424));
#2614=EDGE_LOOP('',(#1425,#1426,#1427,#1428));
#2615=EDGE_LOOP('',(#1429,#1430,#1431,#1432));
#2616=EDGE_LOOP('',(#1433,#1434,#1435,#1436));
#2617=EDGE_LOOP('',(#1437,#1438,#1439,#1440));
#2618=EDGE_LOOP('',(#1441,#1442,#1443,#1444));
#2619=EDGE_LOOP('',(#1445,#1446,#1447,#1448));
#2620=EDGE_LOOP('',(#1449,#1450,#1451,#1452));
#2621=EDGE_LOOP('',(#1453,#1454,#1455,#1456));
#2622=EDGE_LOOP('',(#1457,#1458,#1459,#1460));
#2623=EDGE_LOOP('',(#1461,#1462,#1463,#1464,#1465));
#2624=EDGE_LOOP('',(#1466,#1467,#1468,#1469));
#2625=EDGE_LOOP('',(#1470,#1471,#1472,#1473));
#2626=EDGE_LOOP('',(#1474,#1475,#1476,#1477));
#2627=EDGE_LOOP('',(#1478,#1479,#1480,#1481));
#2628=EDGE_LOOP('',(#1482,#1483,#1484,#1485));
#2629=EDGE_LOOP('',(#1486,#1487,#1488,#1489));
#2630=EDGE_LOOP('',(#1490,#1491,#1492));
#2631=FACE_BOUND('',#2353,.T.);
#2632=FACE_BOUND('',#2354,.T.);
#2633=FACE_BOUND('',#2355,.T.);
#2634=FACE_BOUND('',#2356,.T.);
#2635=FACE_BOUND('',#2357,.T.);
#2636=FACE_BOUND('',#2358,.T.);
#2637=FACE_BOUND('',#2359,.T.);
#2638=FACE_BOUND('',#2360,.T.);
#2639=FACE_BOUND('',#2361,.T.);
#2640=FACE_BOUND('',#2362,.T.);
#2641=FACE_BOUND('',#2363,.T.);
#2642=FACE_BOUND('',#2364,.T.);
#2643=FACE_BOUND('',#2365,.T.);
#2644=FACE_BOUND('',#2366,.T.);
#2645=FACE_BOUND('',#2367,.T.);
#2646=FACE_BOUND('',#2368,.T.);
#2647=FACE_BOUND('',#2369,.T.);
#2648=FACE_BOUND('',#2370,.T.);
#2649=FACE_BOUND('',#2371,.T.);
#2650=FACE_BOUND('',#2372,.T.);
#2651=FACE_BOUND('',#2373,.T.);
#2652=FACE_BOUND('',#2374,.T.);
#2653=FACE_BOUND('',#2375,.T.);
#2654=FACE_BOUND('',#2376,.T.);
#2655=FACE_BOUND('',#2377,.T.);
#2656=FACE_BOUND('',#2378,.T.);
#2657=FACE_BOUND('',#2379,.T.);
#2658=FACE_BOUND('',#2380,.T.);
#2659=FACE_BOUND('',#2381,.T.);
#2660=FACE_BOUND('',#2382,.T.);
#2661=FACE_BOUND('',#2383,.T.);
#2662=FACE_BOUND('',#2384,.T.);
#2663=FACE_BOUND('',#2385,.T.);
#2664=FACE_BOUND('',#2386,.T.);
#2665=FACE_BOUND('',#2387,.T.);
#2666=FACE_BOUND('',#2388,.T.);
#2667=FACE_BOUND('',#2389,.T.);
#2668=FACE_BOUND('',#2390,.T.);
#2669=FACE_BOUND('',#2391,.T.);
#2670=FACE_BOUND('',#2392,.T.);
#2671=FACE_BOUND('',#2393,.T.);
#2672=FACE_BOUND('',#2394,.T.);
#2673=FACE_BOUND('',#2395,.T.);
#2674=FACE_BOUND('',#2396,.T.);
#2675=FACE_BOUND('',#2397,.T.);
#2676=FACE_BOUND('',#2398,.T.);
#2677=FACE_BOUND('',#2399,.T.);
#2678=FACE_BOUND('',#2400,.T.);
#2679=FACE_BOUND('',#2401,.T.);
#2680=FACE_BOUND('',#2402,.T.);
#2681=FACE_BOUND('',#2403,.T.);
#2682=FACE_BOUND('',#2404,.T.);
#2683=FACE_BOUND('',#2405,.T.);
#2684=FACE_BOUND('',#2406,.T.);
#2685=FACE_BOUND('',#2407,.T.);
#2686=FACE_BOUND('',#2408,.T.);
#2687=FACE_BOUND('',#2409,.T.);
#2688=FACE_BOUND('',#2410,.T.);
#2689=FACE_BOUND('',#2411,.T.);
#2690=FACE_BOUND('',#2412,.T.);
#2691=FACE_BOUND('',#2413,.T.);
#2692=FACE_BOUND('',#2414,.T.);
#2693=FACE_BOUND('',#2415,.T.);
#2694=FACE_BOUND('',#2416,.T.);
#2695=FACE_BOUND('',#2417,.T.);
#2696=FACE_BOUND('',#2418,.T.);
#2697=FACE_BOUND('',#2419,.T.);
#2698=FACE_BOUND('',#2420,.T.);
#2699=FACE_BOUND('',#2421,.T.);
#2700=FACE_BOUND('',#2422,.T.);
#2701=FACE_BOUND('',#2423,.T.);
#2702=FACE_BOUND('',#2424,.T.);
#2703=FACE_BOUND('',#2425,.T.);
#2704=FACE_BOUND('',#2426,.T.);
#2705=FACE_BOUND('',#2427,.T.);
#2706=FACE_BOUND('',#2428,.T.);
#2707=FACE_BOUND('',#2429,.T.);
#2708=FACE_BOUND('',#2430,.T.);
#2709=FACE_BOUND('',#2431,.T.);
#2710=FACE_BOUND('',#2432,.T.);
#2711=FACE_BOUND('',#2433,.T.);
#2712=FACE_BOUND('',#2434,.T.);
#2713=FACE_BOUND('',#2435,.T.);
#2714=FACE_BOUND('',#2436,.T.);
#2715=FACE_BOUND('',#2437,.T.);
#2716=FACE_BOUND('',#2438,.T.);
#2717=FACE_BOUND('',#2439,.T.);
#2718=FACE_BOUND('',#2440,.T.);
#2719=FACE_BOUND('',#2441,.T.);
#2720=FACE_BOUND('',#2442,.T.);
#2721=FACE_BOUND('',#2443,.T.);
#2722=FACE_BOUND('',#2444,.T.);
#2723=FACE_BOUND('',#2445,.T.);
#2724=FACE_BOUND('',#2446,.T.);
#2725=FACE_BOUND('',#2447,.T.);
#2726=FACE_BOUND('',#2448,.T.);
#2727=FACE_BOUND('',#2449,.T.);
#2728=FACE_BOUND('',#2450,.T.);
#2729=FACE_BOUND('',#2451,.T.);
#2730=FACE_BOUND('',#2452,.T.);
#2731=FACE_BOUND('',#2453,.T.);
#2732=FACE_BOUND('',#2454,.T.);
#2733=FACE_BOUND('',#2455,.T.);
#2734=FACE_BOUND('',#2456,.T.);
#2735=FACE_BOUND('',#2457,.T.);
#2736=FACE_BOUND('',#2458,.T.);
#2737=FACE_BOUND('',#2459,.T.);
#2738=FACE_BOUND('',#2460,.T.);
#2739=FACE_BOUND('',#2461,.T.);
#2740=FACE_BOUND('',#2462,.T.);
#2741=FACE_BOUND('',#2463,.T.);
#2742=FACE_BOUND('',#2464,.T.);
#2743=FACE_BOUND('',#2465,.T.);
#2744=FACE_BOUND('',#2466,.T.);
#2745=FACE_BOUND('',#2467,.T.);
#2746=FACE_BOUND('',#2468,.T.);
#2747=FACE_BOUND('',#2469,.T.);
#2748=FACE_BOUND('',#2470,.T.);
#2749=FACE_BOUND('',#2471,.T.);
#2750=FACE_BOUND('',#2472,.T.);
#2751=FACE_BOUND('',#2473,.T.);
#2752=FACE_BOUND('',#2474,.T.);
#2753=FACE_BOUND('',#2475,.T.);
#2754=FACE_BOUND('',#2476,.T.);
#2755=FACE_BOUND('',#2477,.T.);
#2756=FACE_BOUND('',#2478,.T.);
#2757=FACE_BOUND('',#2479,.T.);
#2758=FACE_BOUND('',#2480,.T.);
#2759=FACE_BOUND('',#2481,.T.);
#2760=FACE_BOUND('',#2482,.T.);
#2761=FACE_BOUND('',#2483,.T.);
#2762=FACE_BOUND('',#2484,.T.);
#2763=FACE_BOUND('',#2485,.T.);
#2764=FACE_BOUND('',#2486,.T.);
#2765=FACE_BOUND('',#2487,.T.);
#2766=FACE_BOUND('',#2488,.T.);
#2767=FACE_BOUND('',#2489,.T.);
#2768=FACE_BOUND('',#2490,.T.);
#2769=FACE_BOUND('',#2491,.T.);
#2770=FACE_BOUND('',#2492,.T.);
#2771=FACE_BOUND('',#2493,.T.);
#2772=FACE_BOUND('',#2494,.T.);
#2773=FACE_BOUND('',#2495,.T.);
#2774=FACE_BOUND('',#2496,.T.);
#2775=FACE_BOUND('',#2497,.T.);
#2776=FACE_BOUND('',#2498,.T.);
#2777=FACE_BOUND('',#2499,.T.);
#2778=FACE_BOUND('',#2500,.T.);
#2779=FACE_BOUND('',#2501,.T.);
#2780=FACE_BOUND('',#2502,.T.);
#2781=FACE_BOUND('',#2503,.T.);
#2782=FACE_BOUND('',#2504,.T.);
#2783=FACE_BOUND('',#2505,.T.);
#2784=FACE_BOUND('',#2506,.T.);
#2785=FACE_BOUND('',#2507,.T.);
#2786=FACE_BOUND('',#2508,.T.);
#2787=FACE_BOUND('',#2509,.T.);
#2788=FACE_BOUND('',#2510,.T.);
#2789=FACE_BOUND('',#2511,.T.);
#2790=FACE_BOUND('',#2512,.T.);
#2791=FACE_BOUND('',#2513,.T.);
#2792=FACE_BOUND('',#2514,.T.);
#2793=FACE_BOUND('',#2515,.T.);
#2794=FACE_BOUND('',#2516,.T.);
#2795=FACE_BOUND('',#2517,.T.);
#2796=FACE_BOUND('',#2518,.T.);
#2797=FACE_BOUND('',#2519,.T.);
#2798=FACE_BOUND('',#2520,.T.);
#2799=FACE_BOUND('',#2521,.T.);
#2800=FACE_BOUND('',#2522,.T.);
#2801=FACE_BOUND('',#2523,.T.);
#2802=FACE_BOUND('',#2524,.T.);
#2803=FACE_BOUND('',#2525,.T.);
#2804=FACE_BOUND('',#2526,.T.);
#2805=FACE_BOUND('',#2527,.T.);
#2806=FACE_BOUND('',#2528,.T.);
#2807=FACE_BOUND('',#2529,.T.);
#2808=FACE_BOUND('',#2530,.T.);
#2809=FACE_BOUND('',#2531,.T.);
#2810=FACE_BOUND('',#2532,.T.);
#2811=FACE_BOUND('',#2533,.T.);
#2812=FACE_BOUND('',#2534,.T.);
#2813=FACE_BOUND('',#2535,.T.);
#2814=FACE_BOUND('',#2536,.T.);
#2815=FACE_BOUND('',#2537,.T.);
#2816=FACE_BOUND('',#2538,.T.);
#2817=FACE_BOUND('',#2539,.T.);
#2818=FACE_BOUND('',#2540,.T.);
#2819=FACE_BOUND('',#2541,.T.);
#2820=FACE_BOUND('',#2542,.T.);
#2821=FACE_BOUND('',#2543,.T.);
#2822=FACE_BOUND('',#2544,.T.);
#2823=FACE_BOUND('',#2545,.T.);
#2824=FACE_BOUND('',#2546,.T.);
#2825=FACE_BOUND('',#2547,.T.);
#2826=FACE_BOUND('',#2548,.T.);
#2827=FACE_BOUND('',#2549,.T.);
#2828=FACE_BOUND('',#2550,.T.);
#2829=FACE_BOUND('',#2551,.T.);
#2830=FACE_BOUND('',#2552,.T.);
#2831=FACE_BOUND('',#2553,.T.);
#2832=FACE_BOUND('',#2554,.T.);
#2833=FACE_BOUND('',#2555,.T.);
#2834=FACE_BOUND('',#2556,.T.);
#2835=FACE_BOUND('',#2557,.T.);
#2836=FACE_BOUND('',#2558,.T.);
#2837=FACE_BOUND('',#2559,.T.);
#2838=FACE_BOUND('',#2560,.T.);
#2839=FACE_BOUND('',#2561,.T.);
#2840=FACE_BOUND('',#2562,.T.);
#2841=FACE_BOUND('',#2563,.T.);
#2842=FACE_BOUND('',#2564,.T.);
#2843=FACE_BOUND('',#2565,.T.);
#2844=FACE_BOUND('',#2566,.T.);
#2845=FACE_BOUND('',#2567,.T.);
#2846=FACE_BOUND('',#2568,.T.);
#2847=FACE_BOUND('',#2569,.T.);
#2848=FACE_BOUND('',#2570,.T.);
#2849=FACE_BOUND('',#2571,.T.);
#2850=FACE_BOUND('',#2572,.T.);
#2851=FACE_BOUND('',#2573,.T.);
#2852=FACE_BOUND('',#2574,.T.);
#2853=FACE_BOUND('',#2575,.T.);
#2854=FACE_BOUND('',#2576,.T.);
#2855=FACE_BOUND('',#2577,.T.);
#2856=FACE_BOUND('',#2578,.T.);
#2857=FACE_BOUND('',#2579,.T.);
#2858=FACE_BOUND('',#2580,.T.);
#2859=FACE_BOUND('',#2581,.T.);
#2860=FACE_BOUND('',#2582,.T.);
#2861=FACE_BOUND('',#2583,.T.);
#2862=FACE_BOUND('',#2584,.T.);
#2863=FACE_BOUND('',#2585,.T.);
#2864=FACE_BOUND('',#2586,.T.);
#2865=FACE_BOUND('',#2587,.T.);
#2866=FACE_BOUND('',#2588,.T.);
#2867=FACE_BOUND('',#2589,.T.);
#2868=FACE_BOUND('',#2590,.T.);
#2869=FACE_BOUND('',#2591,.T.);
#2870=FACE_BOUND('',#2592,.T.);
#2871=FACE_BOUND('',#2593,.T.);
#2872=FACE_BOUND('',#2594,.T.);
#2873=FACE_BOUND('',#2595,.T.);
#2874=FACE_BOUND('',#2596,.T.);
#2875=FACE_BOUND('',#2597,.T.);
#2876=FACE_BOUND('',#2598,.T.);
#2877=FACE_BOUND('',#2599,.T.);
#2878=FACE_BOUND('',#2600,.T.);
#2879=FACE_BOUND('',#2601,.T.);
#2880=FACE_BOUND('',#2602,.T.);
#2881=FACE_BOUND('',#2603,.T.);
#2882=FACE_BOUND('',#2604,.T.);
#2883=FACE_BOUND('',#2605,.T.);
#2884=FACE_BOUND('',#2606,.T.);
#2885=FACE_BOUND('',#2607,.T.);
#2886=FACE_BOUND('',#2608,.T.);
#2887=FACE_BOUND('',#2609,.T.);
#2888=FACE_BOUND('',#2610,.T.);
#2889=FACE_BOUND('',#2611,.T.);
#2890=FACE_BOUND('',#2612,.T.);
#2891=FACE_BOUND('',#2613,.T.);
#2892=FACE_BOUND('',#2614,.T.);
#2893=FACE_BOUND('',#2615,.T.);
#2894=FACE_BOUND('',#2616,.T.);
#2895=FACE_BOUND('',#2617,.T.);
#2896=FACE_BOUND('',#2618,.T.);
#2897=FACE_BOUND('',#2619,.T.);
#2898=FACE_BOUND('',#2620,.T.);
#2899=FACE_BOUND('',#2621,.T.);
#2900=FACE_BOUND('',#2622,.T.);
#2901=FACE_BOUND('',#2623,.T.);
#2902=FACE_BOUND('',#2624,.T.);
#2903=FACE_BOUND('',#2625,.T.);
#2904=FACE_BOUND('',#2626,.T.);
#2905=FACE_BOUND('',#2627,.T.);
#2906=FACE_BOUND('',#2628,.T.);
#2907=FACE_BOUND('',#2629,.T.);
#2908=FACE_BOUND('',#2630,.T.);
#2909=PLANE('',#3246);
#2910=PLANE('',#3257);
#2911=PLANE('',#3268);
#2912=PLANE('',#3289);
#2913=PLANE('',#3291);
#2914=PLANE('',#3296);
#2915=PLANE('',#3299);
#2916=PLANE('',#3300);
#2917=PLANE('',#3311);
#2918=PLANE('',#3312);
#2919=PLANE('',#3324);
#2920=PLANE('',#3325);
#2921=PLANE('',#3332);
#2922=PLANE('',#3333);
#2923=PLANE('',#3340);
#2924=PLANE('',#3341);
#2925=PLANE('',#3348);
#2926=PLANE('',#3349);
#2927=PLANE('',#3356);
#2928=PLANE('',#3357);
#2929=PLANE('',#3364);
#2930=PLANE('',#3365);
#2931=PLANE('',#3372);
#2932=PLANE('',#3373);
#2933=PLANE('',#3380);
#2934=PLANE('',#3381);
#2935=PLANE('',#3388);
#2936=PLANE('',#3389);
#2937=PLANE('',#3395);
#2938=PLANE('',#3396);
#2939=PLANE('',#3397);
#2940=PLANE('',#3398);
#2941=PLANE('',#3399);
#2942=PLANE('',#3400);
#2943=PLANE('',#3401);
#2944=PLANE('',#3402);
#2945=PLANE('',#3403);
#2946=PLANE('',#3404);
#2947=PLANE('',#3405);
#2948=PLANE('',#3406);
#2949=PLANE('',#3435);
#2950=PLANE('',#3441);
#2951=PLANE('',#3445);
#2952=PLANE('',#3448);
#2953=PLANE('',#3449);
#2954=PLANE('',#3454);
#2955=PLANE('',#3457);
#2956=PLANE('',#3460);
#2957=PLANE('',#3463);
#2958=PLANE('',#3466);
#2959=PLANE('',#3476);
#2960=PLANE('',#3477);
#2961=PLANE('',#3480);
#2962=PLANE('',#3481);
#2963=PLANE('',#3484);
#2964=PLANE('',#3485);
#2965=PLANE('',#3489);
#2966=PLANE('',#3490);
#2967=PLANE('',#3491);
#2968=PLANE('',#3492);
#2969=PLANE('',#3493);
#2970=PLANE('',#3494);
#2971=PLANE('',#3495);
#2972=PLANE('',#3496);
#2973=PLANE('',#3497);
#2974=PLANE('',#3498);
#2975=PLANE('',#3499);
#2976=PLANE('',#3500);
#2977=PLANE('',#3501);
#2978=PLANE('',#3502);
#2979=PLANE('',#3503);
#2980=PLANE('',#3504);
#2981=PLANE('',#3505);
#2982=PLANE('',#3506);
#2983=PLANE('',#3507);
#2984=PLANE('',#3508);
#2985=PLANE('',#3509);
#2986=PLANE('',#3510);
#2987=PLANE('',#3511);
#2988=PLANE('',#3514);
#2989=PLANE('',#3517);
#2990=PLANE('',#3520);
#2991=PLANE('',#3523);
#2992=PLANE('',#3530);
#2993=PLANE('',#3532);
#2994=PLANE('',#3539);
#2995=PLANE('',#3541);
#2996=PLANE('',#3542);
#2997=PLANE('',#3545);
#2998=PLANE('',#3546);
#2999=PLANE('',#3549);
#3000=PLANE('',#3550);
#3001=PLANE('',#3551);
#3002=PLANE('',#3552);
#3003=PLANE('',#3553);
#3004=PLANE('',#3554);
#3005=PLANE('',#3559);
#3006=PLANE('',#3560);
#3007=PLANE('',#3561);
#3008=PLANE('',#3562);
#3009=PLANE('',#3565);
#3010=PLANE('',#3566);
#3011=PLANE('',#3567);
#3012=PLANE('',#3570);
#3013=PLANE('',#3571);
#3014=PLANE('',#3574);
#3015=PLANE('',#3575);
#3016=PLANE('',#3576);
#3017=PLANE('',#3579);
#3018=PLANE('',#3580);
#3019=PLANE('',#3581);
#3020=PLANE('',#3582);
#3021=PLANE('',#3585);
#3022=PLANE('',#3586);
#3023=PLANE('',#3587);
#3024=PLANE('',#3588);
#3025=PLANE('',#3589);
#3026=PLANE('',#3590);
#3027=PLANE('',#3591);
#3028=PLANE('',#3592);
#3029=PLANE('',#3593);
#3030=PLANE('',#3594);
#3031=ADVANCED_FACE('',(#2631,#2632,#2633),#2909,.T.);
#3032=ADVANCED_FACE('',(#2634),#41,.F.);
#3033=ADVANCED_FACE('',(#2635,#2636),#2910,.F.);
#3034=ADVANCED_FACE('',(#2637,#2638,#2639,#2640,#2641,#2642,#2643,#2644,
#2645,#2646,#2647,#2648,#2649,#2650,#2651,#2652),#2911,.T.);
#3035=ADVANCED_FACE('',(#2653),#42,.T.);
#3036=ADVANCED_FACE('',(#2654,#2655),#2912,.T.);
#3037=ADVANCED_FACE('',(#2656),#2913,.F.);
#3038=ADVANCED_FACE('',(#2657,#2658,#2659),#2914,.T.);
#3039=ADVANCED_FACE('',(#2660),#2915,.F.);
#3040=ADVANCED_FACE('',(#2661,#2662,#2663),#2916,.F.);
#3041=ADVANCED_FACE('',(#2664),#2917,.T.);
#3042=ADVANCED_FACE('',(#2665,#2666,#2667,#2668,#2669,#2670),#2918,.T.);
#3043=ADVANCED_FACE('',(#2671),#2919,.T.);
#3044=ADVANCED_FACE('',(#2672),#2920,.F.);
#3045=ADVANCED_FACE('',(#2673,#2674),#43,.F.);
#3046=ADVANCED_FACE('',(#2675,#2676),#44,.T.);
#3047=ADVANCED_FACE('',(#2677,#2678),#2921,.T.);
#3048=ADVANCED_FACE('',(#2679),#2922,.T.);
#3049=ADVANCED_FACE('',(#2680,#2681),#45,.F.);
#3050=ADVANCED_FACE('',(#2682,#2683),#46,.T.);
#3051=ADVANCED_FACE('',(#2684,#2685),#2923,.T.);
#3052=ADVANCED_FACE('',(#2686),#2924,.T.);
#3053=ADVANCED_FACE('',(#2687,#2688),#47,.F.);
#3054=ADVANCED_FACE('',(#2689,#2690),#48,.T.);
#3055=ADVANCED_FACE('',(#2691,#2692),#2925,.T.);
#3056=ADVANCED_FACE('',(#2693),#2926,.T.);
#3057=ADVANCED_FACE('',(#2694,#2695),#49,.F.);
#3058=ADVANCED_FACE('',(#2696,#2697),#50,.T.);
#3059=ADVANCED_FACE('',(#2698,#2699),#2927,.T.);
#3060=ADVANCED_FACE('',(#2700),#2928,.T.);
#3061=ADVANCED_FACE('',(#2701,#2702),#51,.F.);
#3062=ADVANCED_FACE('',(#2703,#2704),#52,.T.);
#3063=ADVANCED_FACE('',(#2705,#2706),#2929,.T.);
#3064=ADVANCED_FACE('',(#2707),#2930,.T.);
#3065=ADVANCED_FACE('',(#2708,#2709),#53,.F.);
#3066=ADVANCED_FACE('',(#2710,#2711),#54,.T.);
#3067=ADVANCED_FACE('',(#2712,#2713),#2931,.T.);
#3068=ADVANCED_FACE('',(#2714),#2932,.T.);
#3069=ADVANCED_FACE('',(#2715,#2716),#55,.F.);
#3070=ADVANCED_FACE('',(#2717,#2718),#56,.T.);
#3071=ADVANCED_FACE('',(#2719,#2720),#2933,.T.);
#3072=ADVANCED_FACE('',(#2721),#2934,.T.);
#3073=ADVANCED_FACE('',(#2722,#2723),#57,.F.);
#3074=ADVANCED_FACE('',(#2724,#2725),#58,.T.);
#3075=ADVANCED_FACE('',(#2726,#2727),#2935,.T.);
#3076=ADVANCED_FACE('',(#2728),#2936,.T.);
#3077=ADVANCED_FACE('',(#2729,#2730),#59,.F.);
#3078=ADVANCED_FACE('',(#2731,#2732),#60,.T.);
#3079=ADVANCED_FACE('',(#2733,#2734),#2937,.T.);
#3080=ADVANCED_FACE('',(#2735),#2938,.T.);
#3081=ADVANCED_FACE('',(#2736),#2939,.T.);
#3082=ADVANCED_FACE('',(#2737),#2940,.F.);
#3083=ADVANCED_FACE('',(#2738),#2941,.F.);
#3084=ADVANCED_FACE('',(#2739),#2942,.T.);
#3085=ADVANCED_FACE('',(#2740),#2943,.T.);
#3086=ADVANCED_FACE('',(#2741),#2944,.T.);
#3087=ADVANCED_FACE('',(#2742),#2945,.F.);
#3088=ADVANCED_FACE('',(#2743),#2946,.F.);
#3089=ADVANCED_FACE('',(#2744),#2947,.T.);
#3090=ADVANCED_FACE('',(#2745),#2948,.T.);
#3091=ADVANCED_FACE('',(#2746),#61,.T.);
#3092=ADVANCED_FACE('',(#2747),#62,.T.);
#3093=ADVANCED_FACE('',(#2748),#63,.T.);
#3094=ADVANCED_FACE('',(#2749),#64,.T.);
#3095=ADVANCED_FACE('',(#2750),#65,.F.);
#3096=ADVANCED_FACE('',(#2751),#66,.F.);
#3097=ADVANCED_FACE('',(#2752),#67,.F.);
#3098=ADVANCED_FACE('',(#2753),#68,.T.);
#3099=ADVANCED_FACE('',(#2754),#30,.T.);
#3100=ADVANCED_FACE('',(#2755),#69,.T.);
#3101=ADVANCED_FACE('',(#2756),#31,.T.);
#3102=ADVANCED_FACE('',(#2757),#70,.T.);
#3103=ADVANCED_FACE('',(#2758),#32,.T.);
#3104=ADVANCED_FACE('',(#2759),#71,.T.);
#3105=ADVANCED_FACE('',(#2760),#33,.T.);
#3106=ADVANCED_FACE('',(#2761),#2949,.T.);
#3107=ADVANCED_FACE('',(#2762),#72,.F.);
#3108=ADVANCED_FACE('',(#2763),#73,.F.);
#3109=ADVANCED_FACE('',(#2764),#2950,.F.);
#3110=ADVANCED_FACE('',(#2765),#74,.F.);
#3111=ADVANCED_FACE('',(#2766),#2951,.F.);
#3112=ADVANCED_FACE('',(#2767),#75,.F.);
#3113=ADVANCED_FACE('',(#2768),#2952,.F.);
#3114=ADVANCED_FACE('',(#2769),#2953,.T.);
#3115=ADVANCED_FACE('',(#2770),#76,.F.);
#3116=ADVANCED_FACE('',(#2771),#77,.F.);
#3117=ADVANCED_FACE('',(#2772),#2954,.F.);
#3118=ADVANCED_FACE('',(#2773),#78,.F.);
#3119=ADVANCED_FACE('',(#2774),#2955,.F.);
#3120=ADVANCED_FACE('',(#2775),#79,.F.);
#3121=ADVANCED_FACE('',(#2776),#2956,.F.);
#3122=ADVANCED_FACE('',(#2777),#80,.F.);
#3123=ADVANCED_FACE('',(#2778),#2957,.F.);
#3124=ADVANCED_FACE('',(#2779),#81,.F.);
#3125=ADVANCED_FACE('',(#2780),#2958,.T.);
#3126=ADVANCED_FACE('',(#2781,#2782),#12,.T.);
#3127=ADVANCED_FACE('',(#2783,#2784),#13,.T.);
#3128=ADVANCED_FACE('',(#2785,#2786),#14,.T.);
#3129=ADVANCED_FACE('',(#2787,#2788),#15,.T.);
#3130=ADVANCED_FACE('',(#2789,#2790),#16,.T.);
#3131=ADVANCED_FACE('',(#2791,#2792),#17,.T.);
#3132=ADVANCED_FACE('',(#2793,#2794),#18,.T.);
#3133=ADVANCED_FACE('',(#2795,#2796),#19,.T.);
#3134=ADVANCED_FACE('',(#2797),#20,.F.);
#3135=ADVANCED_FACE('',(#2798),#2959,.T.);
#3136=ADVANCED_FACE('',(#2799),#2960,.T.);
#3137=ADVANCED_FACE('',(#2800),#21,.F.);
#3138=ADVANCED_FACE('',(#2801),#22,.F.);
#3139=ADVANCED_FACE('',(#2802),#2961,.F.);
#3140=ADVANCED_FACE('',(#2803),#2962,.F.);
#3141=ADVANCED_FACE('',(#2804),#23,.F.);
#3142=ADVANCED_FACE('',(#2805),#24,.F.);
#3143=ADVANCED_FACE('',(#2806),#2963,.F.);
#3144=ADVANCED_FACE('',(#2807),#2964,.F.);
#3145=ADVANCED_FACE('',(#2808),#25,.F.);
#3146=ADVANCED_FACE('',(#2809,#2810),#82,.F.);
#3147=ADVANCED_FACE('',(#2811),#2965,.T.);
#3148=ADVANCED_FACE('',(#2812),#2966,.T.);
#3149=ADVANCED_FACE('',(#2813),#2967,.F.);
#3150=ADVANCED_FACE('',(#2814),#2968,.T.);
#3151=ADVANCED_FACE('',(#2815),#2969,.T.);
#3152=ADVANCED_FACE('',(#2816),#2970,.T.);
#3153=ADVANCED_FACE('',(#2817),#2971,.F.);
#3154=ADVANCED_FACE('',(#2818),#2972,.F.);
#3155=ADVANCED_FACE('',(#2819),#2973,.T.);
#3156=ADVANCED_FACE('',(#2820),#2974,.T.);
#3157=ADVANCED_FACE('',(#2821),#2975,.F.);
#3158=ADVANCED_FACE('',(#2822),#2976,.T.);
#3159=ADVANCED_FACE('',(#2823),#2977,.F.);
#3160=ADVANCED_FACE('',(#2824),#2978,.T.);
#3161=ADVANCED_FACE('',(#2825),#2979,.T.);
#3162=ADVANCED_FACE('',(#2826),#2980,.F.);
#3163=ADVANCED_FACE('',(#2827),#2981,.F.);
#3164=ADVANCED_FACE('',(#2828),#2982,.T.);
#3165=ADVANCED_FACE('',(#2829),#2983,.T.);
#3166=ADVANCED_FACE('',(#2830),#2984,.T.);
#3167=ADVANCED_FACE('',(#2831),#2985,.F.);
#3168=ADVANCED_FACE('',(#2832),#2986,.F.);
#3169=ADVANCED_FACE('',(#2833),#2987,.T.);
#3170=ADVANCED_FACE('',(#2834,#2835),#83,.F.);
#3171=ADVANCED_FACE('',(#2836),#2988,.T.);
#3172=ADVANCED_FACE('',(#2837,#2838),#84,.F.);
#3173=ADVANCED_FACE('',(#2839),#2989,.T.);
#3174=ADVANCED_FACE('',(#2840,#2841),#85,.F.);
#3175=ADVANCED_FACE('',(#2842),#2990,.T.);
#3176=ADVANCED_FACE('',(#2843,#2844),#86,.F.);
#3177=ADVANCED_FACE('',(#2845),#2991,.T.);
#3178=ADVANCED_FACE('',(#2846,#2847),#87,.F.);
#3179=ADVANCED_FACE('',(#2848,#2849),#88,.T.);
#3180=ADVANCED_FACE('',(#2850,#2851),#2992,.T.);
#3181=ADVANCED_FACE('',(#2852),#2993,.T.);
#3182=ADVANCED_FACE('',(#2853,#2854),#89,.F.);
#3183=ADVANCED_FACE('',(#2855,#2856),#90,.T.);
#3184=ADVANCED_FACE('',(#2857,#2858),#2994,.T.);
#3185=ADVANCED_FACE('',(#2859),#2995,.T.);
#3186=ADVANCED_FACE('',(#2860),#2996,.F.);
#3187=ADVANCED_FACE('',(#2861),#26,.F.);
#3188=ADVANCED_FACE('',(#2862),#27,.F.);
#3189=ADVANCED_FACE('',(#2863),#2997,.F.);
#3190=ADVANCED_FACE('',(#2864),#2998,.T.);
#3191=ADVANCED_FACE('',(#2865),#28,.F.);
#3192=ADVANCED_FACE('',(#2866),#29,.F.);
#3193=ADVANCED_FACE('',(#2867),#2999,.F.);
#3194=ADVANCED_FACE('',(#2868),#3000,.F.);
#3195=ADVANCED_FACE('',(#2869),#3001,.T.);
#3196=ADVANCED_FACE('',(#2870),#3002,.F.);
#3197=ADVANCED_FACE('',(#2871),#3003,.F.);
#3198=ADVANCED_FACE('',(#2872),#3004,.T.);
#3199=ADVANCED_FACE('',(#2873,#2874),#91,.F.);
#3200=ADVANCED_FACE('',(#2875,#2876),#92,.F.);
#3201=ADVANCED_FACE('',(#2877),#93,.F.);
#3202=ADVANCED_FACE('',(#2878),#3005,.F.);
#3203=ADVANCED_FACE('',(#2879),#3006,.F.);
#3204=ADVANCED_FACE('',(#2880),#3007,.T.);
#3205=ADVANCED_FACE('',(#2881),#3008,.T.);
#3206=ADVANCED_FACE('',(#2882),#94,.F.);
#3207=ADVANCED_FACE('',(#2883),#3009,.T.);
#3208=ADVANCED_FACE('',(#2884),#3010,.T.);
#3209=ADVANCED_FACE('',(#2885),#3011,.T.);
#3210=ADVANCED_FACE('',(#2886),#95,.F.);
#3211=ADVANCED_FACE('',(#2887),#3012,.T.);
#3212=ADVANCED_FACE('',(#2888),#3013,.T.);
#3213=ADVANCED_FACE('',(#2889),#96,.F.);
#3214=ADVANCED_FACE('',(#2890),#3014,.F.);
#3215=ADVANCED_FACE('',(#2891),#3015,.F.);
#3216=ADVANCED_FACE('',(#2892),#3016,.T.);
#3217=ADVANCED_FACE('',(#2893),#97,.F.);
#3218=ADVANCED_FACE('',(#2894),#3017,.F.);
#3219=ADVANCED_FACE('',(#2895),#3018,.F.);
#3220=ADVANCED_FACE('',(#2896),#3019,.T.);
#3221=ADVANCED_FACE('',(#2897),#3020,.F.);
#3222=ADVANCED_FACE('',(#2898),#98,.F.);
#3223=ADVANCED_FACE('',(#2899),#3021,.F.);
#3224=ADVANCED_FACE('',(#2900),#3022,.T.);
#3225=ADVANCED_FACE('',(#2901),#3023,.T.);
#3226=ADVANCED_FACE('',(#2902),#3024,.T.);
#3227=ADVANCED_FACE('',(#2903),#3025,.F.);
#3228=ADVANCED_FACE('',(#2904),#3026,.F.);
#3229=ADVANCED_FACE('',(#2905),#3027,.F.);
#3230=ADVANCED_FACE('',(#2906),#3028,.F.);
#3231=ADVANCED_FACE('',(#2907),#3029,.T.);
#3232=ADVANCED_FACE('',(#2908),#3030,.F.);
#3233=CLOSED_SHELL('',(#3031,#3032,#3033,#3034,#3035,#3036,#3037,#3038,
#3039,#3040,#3041,#3042,#3043,#3044,#3045,#3046,#3047,#3048,#3049,#3050,
#3051,#3052,#3053,#3054,#3055,#3056,#3057,#3058,#3059,#3060,#3061,#3062,
#3063,#3064,#3065,#3066,#3067,#3068,#3069,#3070,#3071,#3072,#3073,#3074,
#3075,#3076,#3077,#3078,#3079,#3080,#3081,#3082,#3083,#3084,#3085,#3086,
#3087,#3088,#3089,#3090,#3091,#3092,#3093,#3094,#3095,#3096,#3097,#3098,
#3099,#3100,#3101,#3102,#3103,#3104,#3105,#3106,#3107,#3108,#3109,#3110,
#3111,#3112,#3113,#3114,#3115,#3116,#3117,#3118,#3119,#3120,#3121,#3122,
#3123,#3124,#3125,#3126,#3127,#3128,#3129,#3130,#3131,#3132,#3133,#3134,
#3135,#3136,#3137,#3138,#3139,#3140,#3141,#3142,#3143,#3144,#3145,#3146,
#3147,#3148,#3149,#3150,#3151,#3152,#3153,#3154,#3155,#3156,#3157,#3158,
#3159,#3160,#3161,#3162,#3163,#3164,#3165,#3166,#3167,#3168,#3169,#3170,
#3171,#3172,#3173,#3174,#3175,#3176,#3177,#3178,#3179,#3180,#3181,#3182,
#3183,#3184,#3185,#3186,#3187,#3188,#3189,#3190,#3191,#3192,#3193,#3194,
#3195,#3196,#3197,#3198,#3199,#3200,#3201,#3202,#3203,#3204,#3205,#3206,
#3207,#3208,#3209,#3210,#3211,#3212,#3213,#3214,#3215,#3216,#3217,#3218,
#3219,#3220,#3221,#3222,#3223,#3224,#3225,#3226,#3227,#3228,#3229,#3230,
#3231,#3232));
#3234=STYLED_ITEM('',(#3235),#3242);
#3235=PRESENTATION_STYLE_ASSIGNMENT((#3236));
#3236=SURFACE_STYLE_USAGE(.BOTH.,#3237);
#3237=SURFACE_SIDE_STYLE('',(#3238));
#3238=SURFACE_STYLE_FILL_AREA(#3239);
#3239=FILL_AREA_STYLE('',(#3240));
#3240=FILL_AREA_STYLE_COLOUR('',#3241);
#3241=COLOUR_RGB('',0.498039215686275,0.498039215686275,0.498039215686275);
#3242=MANIFOLD_SOLID_BREP('Remote - Body',#3233);
#3243=SHAPE_DEFINITION_REPRESENTATION(#5505,#3244);
#3244=SHAPE_REPRESENTATION('Remote - Body',(#3245),#5500);
#3245=AXIS2_PLACEMENT_3D('',#4568,#3595,#3596);
#3246=AXIS2_PLACEMENT_3D('',#4569,#3597,#3598);
#3247=AXIS2_PLACEMENT_3D('',#4570,#3599,#3600);
#3248=AXIS2_PLACEMENT_3D('',#4572,#3601,#3602);
#3249=AXIS2_PLACEMENT_3D('',#4577,#3604,#3605);
#3250=AXIS2_PLACEMENT_3D('',#4581,#3607,#3608);
#3251=AXIS2_PLACEMENT_3D('',#4593,#3614,#3615);
#3252=AXIS2_PLACEMENT_3D('',#4597,#3617,#3618);
#3253=AXIS2_PLACEMENT_3D('',#4602,#3621,#3622);
#3254=AXIS2_PLACEMENT_3D('',#4608,#3623,#3624);
#3255=AXIS2_PLACEMENT_3D('',#4612,#3626,#3627);
#3256=AXIS2_PLACEMENT_3D('',#4616,#3629,#3630);
#3257=AXIS2_PLACEMENT_3D('',#4617,#3631,#3632);
#3258=AXIS2_PLACEMENT_3D('',#4618,#3633,#3634);
#3259=AXIS2_PLACEMENT_3D('',#4623,#3636,#3637);
#3260=AXIS2_PLACEMENT_3D('',#4627,#3639,#3640);
#3261=AXIS2_PLACEMENT_3D('',#4631,#3642,#3643);
#3262=AXIS2_PLACEMENT_3D('',#4635,#3645,#3646);
#3263=AXIS2_PLACEMENT_3D('',#4639,#3648,#3649);
#3264=AXIS2_PLACEMENT_3D('',#4669,#3664,#3665);
#3265=AXIS2_PLACEMENT_3D('',#4673,#3667,#3668);
#3266=AXIS2_PLACEMENT_3D('',#4677,#3670,#3671);
#3267=AXIS2_PLACEMENT_3D('',#4681,#3673,#3674);
#3268=AXIS2_PLACEMENT_3D('',#4700,#3684,#3685);
#3269=AXIS2_PLACEMENT_3D('',#4716,#3695,#3696);
#3270=AXIS2_PLACEMENT_3D('',#4740,#3710,#3711);
#3271=AXIS2_PLACEMENT_3D('',#4744,#3713,#3714);
#3272=AXIS2_PLACEMENT_3D('',#4750,#3718,#3719);
#3273=AXIS2_PLACEMENT_3D('',#4752,#3720,#3721);
#3274=AXIS2_PLACEMENT_3D('',#4754,#3722,#3723);
#3275=AXIS2_PLACEMENT_3D('',#4772,#3732,#3733);
#3276=AXIS2_PLACEMENT_3D('',#4782,#3738,#3739);
#3277=AXIS2_PLACEMENT_3D('',#4784,#3740,#3741);
#3278=AXIS2_PLACEMENT_3D('',#4786,#3742,#3743);
#3279=AXIS2_PLACEMENT_3D('',#4788,#3744,#3745);
#3280=AXIS2_PLACEMENT_3D('',#4790,#3746,#3747);
#3281=AXIS2_PLACEMENT_3D('',#4792,#3748,#3749);
#3282=AXIS2_PLACEMENT_3D('',#4794,#3750,#3751);
#3283=AXIS2_PLACEMENT_3D('',#4796,#3752,#3753);
#3284=AXIS2_PLACEMENT_3D('',#4806,#3758,#3759);
#3285=AXIS2_PLACEMENT_3D('',#4807,#3760,#3761);
#3286=AXIS2_PLACEMENT_3D('',#4810,#3762,#3763);
#3287=AXIS2_PLACEMENT_3D('',#4811,#3764,#3765);
#3288=AXIS2_PLACEMENT_3D('',#4815,#3767,#3768);
#3289=AXIS2_PLACEMENT_3D('',#4818,#3770,#3771);
#3290=AXIS2_PLACEMENT_3D('',#4819,#3772,#3773);
#3291=AXIS2_PLACEMENT_3D('',#4822,#3775,#3776);
#3292=AXIS2_PLACEMENT_3D('',#4823,#3777,#3778);
#3293=AXIS2_PLACEMENT_3D('',#4828,#3780,#3781);
#3294=AXIS2_PLACEMENT_3D('',#4832,#3783,#3784);
#3295=AXIS2_PLACEMENT_3D('',#4836,#3786,#3787);
#3296=AXIS2_PLACEMENT_3D('',#4839,#3789,#3790);
#3297=AXIS2_PLACEMENT_3D('',#4840,#3791,#3792);
#3298=AXIS2_PLACEMENT_3D('',#4842,#3793,#3794);
#3299=AXIS2_PLACEMENT_3D('',#4852,#3799,#3800);
#3300=AXIS2_PLACEMENT_3D('',#4861,#3805,#3806);
#3301=AXIS2_PLACEMENT_3D('',#4862,#3807,#3808);
#3302=AXIS2_PLACEMENT_3D('',#4867,#3810,#3811);
#3303=AXIS2_PLACEMENT_3D('',#4871,#3813,#3814);
#3304=AXIS2_PLACEMENT_3D('',#4875,#3816,#3817);
#3305=AXIS2_PLACEMENT_3D('',#4881,#3820,#3821);
#3306=AXIS2_PLACEMENT_3D('',#4885,#3823,#3824);
#3307=AXIS2_PLACEMENT_3D('',#4889,#3826,#3827);
#3308=AXIS2_PLACEMENT_3D('',#4893,#3829,#3830);
#3309=AXIS2_PLACEMENT_3D('',#4897,#3832,#3833);
#3310=AXIS2_PLACEMENT_3D('',#4901,#3835,#3836);
#3311=AXIS2_PLACEMENT_3D('',#4910,#3841,#3842);
#3312=AXIS2_PLACEMENT_3D('',#4919,#3847,#3848);
#3313=AXIS2_PLACEMENT_3D('',#4920,#3849,#3850);
#3314=AXIS2_PLACEMENT_3D('',#4922,#3851,#3852);
#3315=AXIS2_PLACEMENT_3D('',#4924,#3853,#3854);
#3316=AXIS2_PLACEMENT_3D('',#4926,#3855,#3856);
#3317=AXIS2_PLACEMENT_3D('',#4931,#3858,#3859);
#3318=AXIS2_PLACEMENT_3D('',#4934,#3861,#3862);
#3319=AXIS2_PLACEMENT_3D('',#4935,#3863,#3864);
#3320=AXIS2_PLACEMENT_3D('',#4936,#3865,#3866);
#3321=AXIS2_PLACEMENT_3D('',#4937,#3867,#3868);
#3322=AXIS2_PLACEMENT_3D('',#4938,#3869,#3870);
#3323=AXIS2_PLACEMENT_3D('',#4939,#3871,#3872);
#3324=AXIS2_PLACEMENT_3D('',#4940,#3873,#3874);
#3325=AXIS2_PLACEMENT_3D('',#4942,#3876,#3877);
#3326=AXIS2_PLACEMENT_3D('',#4945,#3880,#3881);
#3327=AXIS2_PLACEMENT_3D('',#4946,#3882,#3883);
#3328=AXIS2_PLACEMENT_3D('',#4948,#3884,#3885);
#3329=AXIS2_PLACEMENT_3D('',#4950,#3886,#3887);
#3330=AXIS2_PLACEMENT_3D('',#4951,#3888,#3889);
#3331=AXIS2_PLACEMENT_3D('',#4953,#3890,#3891);
#3332=AXIS2_PLACEMENT_3D('',#4955,#3892,#3893);
#3333=AXIS2_PLACEMENT_3D('',#4956,#3894,#3895);
#3334=AXIS2_PLACEMENT_3D('',#4957,#3896,#3897);
#3335=AXIS2_PLACEMENT_3D('',#4958,#3898,#3899);
#3336=AXIS2_PLACEMENT_3D('',#4960,#3900,#3901);
#3337=AXIS2_PLACEMENT_3D('',#4962,#3902,#3903);
#3338=AXIS2_PLACEMENT_3D('',#4963,#3904,#3905);
#3339=AXIS2_PLACEMENT_3D('',#4965,#3906,#3907);
#3340=AXIS2_PLACEMENT_3D('',#4967,#3908,#3909);
#3341=AXIS2_PLACEMENT_3D('',#4968,#3910,#3911);
#3342=AXIS2_PLACEMENT_3D('',#4969,#3912,#3913);
#3343=AXIS2_PLACEMENT_3D('',#4970,#3914,#3915);
#3344=AXIS2_PLACEMENT_3D('',#4972,#3916,#3917);
#3345=AXIS2_PLACEMENT_3D('',#4974,#3918,#3919);
#3346=AXIS2_PLACEMENT_3D('',#4975,#3920,#3921);
#3347=AXIS2_PLACEMENT_3D('',#4977,#3922,#3923);
#3348=AXIS2_PLACEMENT_3D('',#4979,#3924,#3925);
#3349=AXIS2_PLACEMENT_3D('',#4980,#3926,#3927);
#3350=AXIS2_PLACEMENT_3D('',#4981,#3928,#3929);
#3351=AXIS2_PLACEMENT_3D('',#4982,#3930,#3931);
#3352=AXIS2_PLACEMENT_3D('',#4984,#3932,#3933);
#3353=AXIS2_PLACEMENT_3D('',#4986,#3934,#3935);
#3354=AXIS2_PLACEMENT_3D('',#4987,#3936,#3937);
#3355=AXIS2_PLACEMENT_3D('',#4989,#3938,#3939);
#3356=AXIS2_PLACEMENT_3D('',#4991,#3940,#3941);
#3357=AXIS2_PLACEMENT_3D('',#4992,#3942,#3943);
#3358=AXIS2_PLACEMENT_3D('',#4993,#3944,#3945);
#3359=AXIS2_PLACEMENT_3D('',#4994,#3946,#3947);
#3360=AXIS2_PLACEMENT_3D('',#4996,#3948,#3949);
#3361=AXIS2_PLACEMENT_3D('',#4998,#3950,#3951);
#3362=AXIS2_PLACEMENT_3D('',#4999,#3952,#3953);
#3363=AXIS2_PLACEMENT_3D('',#5001,#3954,#3955);
#3364=AXIS2_PLACEMENT_3D('',#5003,#3956,#3957);
#3365=AXIS2_PLACEMENT_3D('',#5004,#3958,#3959);
#3366=AXIS2_PLACEMENT_3D('',#5005,#3960,#3961);
#3367=AXIS2_PLACEMENT_3D('',#5006,#3962,#3963);
#3368=AXIS2_PLACEMENT_3D('',#5008,#3964,#3965);
#3369=AXIS2_PLACEMENT_3D('',#5010,#3966,#3967);
#3370=AXIS2_PLACEMENT_3D('',#5011,#3968,#3969);
#3371=AXIS2_PLACEMENT_3D('',#5013,#3970,#3971);
#3372=AXIS2_PLACEMENT_3D('',#5015,#3972,#3973);
#3373=AXIS2_PLACEMENT_3D('',#5016,#3974,#3975);
#3374=AXIS2_PLACEMENT_3D('',#5017,#3976,#3977);
#3375=AXIS2_PLACEMENT_3D('',#5018,#3978,#3979);
#3376=AXIS2_PLACEMENT_3D('',#5020,#3980,#3981);
#3377=AXIS2_PLACEMENT_3D('',#5022,#3982,#3983);
#3378=AXIS2_PLACEMENT_3D('',#5023,#3984,#3985);
#3379=AXIS2_PLACEMENT_3D('',#5025,#3986,#3987);
#3380=AXIS2_PLACEMENT_3D('',#5027,#3988,#3989);
#3381=AXIS2_PLACEMENT_3D('',#5028,#3990,#3991);
#3382=AXIS2_PLACEMENT_3D('',#5029,#3992,#3993);
#3383=AXIS2_PLACEMENT_3D('',#5030,#3994,#3995);
#3384=AXIS2_PLACEMENT_3D('',#5032,#3996,#3997);
#3385=AXIS2_PLACEMENT_3D('',#5034,#3998,#3999);
#3386=AXIS2_PLACEMENT_3D('',#5035,#4000,#4001);
#3387=AXIS2_PLACEMENT_3D('',#5037,#4002,#4003);
#3388=AXIS2_PLACEMENT_3D('',#5039,#4004,#4005);
#3389=AXIS2_PLACEMENT_3D('',#5040,#4006,#4007);
#3390=AXIS2_PLACEMENT_3D('',#5041,#4008,#4009);
#3391=AXIS2_PLACEMENT_3D('',#5042,#4010,#4011);
#3392=AXIS2_PLACEMENT_3D('',#5044,#4012,#4013);
#3393=AXIS2_PLACEMENT_3D('',#5046,#4014,#4015);
#3394=AXIS2_PLACEMENT_3D('',#5047,#4016,#4017);
#3395=AXIS2_PLACEMENT_3D('',#5049,#4018,#4019);
#3396=AXIS2_PLACEMENT_3D('',#5050,#4020,#4021);
#3397=AXIS2_PLACEMENT_3D('',#5051,#4022,#4023);
#3398=AXIS2_PLACEMENT_3D('',#5057,#4027,#4028);
#3399=AXIS2_PLACEMENT_3D('',#5061,#4031,#4032);
#3400=AXIS2_PLACEMENT_3D('',#5065,#4035,#4036);
#3401=AXIS2_PLACEMENT_3D('',#5067,#4038,#4039);
#3402=AXIS2_PLACEMENT_3D('',#5068,#4040,#4041);
#3403=AXIS2_PLACEMENT_3D('',#5074,#4045,#4046);
#3404=AXIS2_PLACEMENT_3D('',#5078,#4049,#4050);
#3405=AXIS2_PLACEMENT_3D('',#5082,#4053,#4054);
#3406=AXIS2_PLACEMENT_3D('',#5084,#4056,#4057);
#3407=AXIS2_PLACEMENT_3D('',#5085,#4058,#4059);
#3408=AXIS2_PLACEMENT_3D('',#5086,#4060,#4061);
#3409=AXIS2_PLACEMENT_3D('',#5087,#4062,#4063);
#3410=AXIS2_PLACEMENT_3D('',#5088,#4064,#4065);
#3411=AXIS2_PLACEMENT_3D('',#5089,#4066,#4067);
#3412=AXIS2_PLACEMENT_3D('',#5090,#4068,#4069);
#3413=AXIS2_PLACEMENT_3D('',#5091,#4070,#4071);
#3414=AXIS2_PLACEMENT_3D('',#5092,#4072,#4073);
#3415=AXIS2_PLACEMENT_3D('',#5093,#4074,#4075);
#3416=AXIS2_PLACEMENT_3D('',#5094,#4076,#4077);
#3417=AXIS2_PLACEMENT_3D('',#5095,#4078,#4079);
#3418=AXIS2_PLACEMENT_3D('',#5096,#4080,#4081);
#3419=AXIS2_PLACEMENT_3D('',#5097,#4082,#4083);
#3420=AXIS2_PLACEMENT_3D('',#5098,#4084,#4085);
#3421=AXIS2_PLACEMENT_3D('',#5099,#4086,#4087);
#3422=AXIS2_PLACEMENT_3D('',#5100,#4088,#4089);
#3423=AXIS2_PLACEMENT_3D('',#5108,#4091,#4092);
#3424=AXIS2_PLACEMENT_3D('',#5109,#4093,#4094);
#3425=AXIS2_PLACEMENT_3D('',#5110,#4095,#4096);
#3426=AXIS2_PLACEMENT_3D('',#5111,#4097,#4098);
#3427=AXIS2_PLACEMENT_3D('',#5112,#4099,#4100);
#3428=AXIS2_PLACEMENT_3D('',#5113,#4101,#4102);
#3429=AXIS2_PLACEMENT_3D('',#5114,#4103,#4104);
#3430=AXIS2_PLACEMENT_3D('',#5115,#4105,#4106);
#3431=AXIS2_PLACEMENT_3D('',#5116,#4107,#4108);
#3432=AXIS2_PLACEMENT_3D('',#5117,#4109,#4110);
#3433=AXIS2_PLACEMENT_3D('',#5118,#4111,#4112);
#3434=AXIS2_PLACEMENT_3D('',#5119,#4113,#4114);
#3435=AXIS2_PLACEMENT_3D('',#5120,#4115,#4116);
#3436=AXIS2_PLACEMENT_3D('',#5126,#4120,#4121);
#3437=AXIS2_PLACEMENT_3D('',#5130,#4123,#4124);
#3438=AXIS2_PLACEMENT_3D('',#5131,#4125,#4126);
#3439=AXIS2_PLACEMENT_3D('',#5132,#4127,#4128);
#3440=AXIS2_PLACEMENT_3D('',#5133,#4129,#4130);
#3441=AXIS2_PLACEMENT_3D('',#5136,#4132,#4133);
#3442=AXIS2_PLACEMENT_3D('',#5142,#4137,#4138);
#3443=AXIS2_PLACEMENT_3D('',#5145,#4140,#4141);
#3444=AXIS2_PLACEMENT_3D('',#5146,#4142,#4143);
#3445=AXIS2_PLACEMENT_3D('',#5147,#4144,#4145);
#3446=AXIS2_PLACEMENT_3D('',#5151,#4148,#4149);
#3447=AXIS2_PLACEMENT_3D('',#5154,#4151,#4152);
#3448=AXIS2_PLACEMENT_3D('',#5155,#4153,#4154);
#3449=AXIS2_PLACEMENT_3D('',#5157,#4156,#4157);
#3450=AXIS2_PLACEMENT_3D('',#5163,#4161,#4162);
#3451=AXIS2_PLACEMENT_3D('',#5166,#4164,#4165);
#3452=AXIS2_PLACEMENT_3D('',#5167,#4166,#4167);
#3453=AXIS2_PLACEMENT_3D('',#5168,#4168,#4169);
#3454=AXIS2_PLACEMENT_3D('',#5171,#4171,#4172);
#3455=AXIS2_PLACEMENT_3D('',#5175,#4175,#4176);
#3456=AXIS2_PLACEMENT_3D('',#5178,#4178,#4179);
#3457=AXIS2_PLACEMENT_3D('',#5179,#4180,#4181);
#3458=AXIS2_PLACEMENT_3D('',#5183,#4184,#4185);
#3459=AXIS2_PLACEMENT_3D('',#5186,#4187,#4188);
#3460=AXIS2_PLACEMENT_3D('',#5187,#4189,#4190);
#3461=AXIS2_PLACEMENT_3D('',#5191,#4193,#4194);
#3462=AXIS2_PLACEMENT_3D('',#5194,#4196,#4197);
#3463=AXIS2_PLACEMENT_3D('',#5195,#4198,#4199);
#3464=AXIS2_PLACEMENT_3D('',#5199,#4202,#4203);
#3465=AXIS2_PLACEMENT_3D('',#5202,#4205,#4206);
#3466=AXIS2_PLACEMENT_3D('',#5203,#4207,#4208);
#3467=AXIS2_PLACEMENT_3D('',#5205,#4210,#4211);
#3468=AXIS2_PLACEMENT_3D('',#5206,#4212,#4213);
#3469=AXIS2_PLACEMENT_3D('',#5207,#4214,#4215);
#3470=AXIS2_PLACEMENT_3D('',#5208,#4216,#4217);
#3471=AXIS2_PLACEMENT_3D('',#5209,#4218,#4219);
#3472=AXIS2_PLACEMENT_3D('',#5210,#4220,#4221);
#3473=AXIS2_PLACEMENT_3D('',#5211,#4222,#4223);
#3474=AXIS2_PLACEMENT_3D('',#5212,#4224,#4225);
#3475=AXIS2_PLACEMENT_3D('',#5213,#4226,#4227);
#3476=AXIS2_PLACEMENT_3D('',#5219,#4229,#4230);
#3477=AXIS2_PLACEMENT_3D('',#5221,#4232,#4233);
#3478=AXIS2_PLACEMENT_3D('',#5223,#4235,#4236);
#3479=AXIS2_PLACEMENT_3D('',#5228,#4237,#4238);
#3480=AXIS2_PLACEMENT_3D('',#5230,#4240,#4241);
#3481=AXIS2_PLACEMENT_3D('',#5232,#4243,#4244);
#3482=AXIS2_PLACEMENT_3D('',#5234,#4246,#4247);
#3483=AXIS2_PLACEMENT_3D('',#5236,#4249,#4250);
#3484=AXIS2_PLACEMENT_3D('',#5238,#4252,#4253);
#3485=AXIS2_PLACEMENT_3D('',#5240,#4255,#4256);
#3486=AXIS2_PLACEMENT_3D('',#5242,#4258,#4259);
#3487=AXIS2_PLACEMENT_3D('',#5243,#4260,#4261);
#3488=AXIS2_PLACEMENT_3D('',#5244,#4262,#4263);
#3489=AXIS2_PLACEMENT_3D('',#5246,#4264,#4265);
#3490=AXIS2_PLACEMENT_3D('',#5247,#4266,#4267);
#3491=AXIS2_PLACEMENT_3D('',#5253,#4271,#4272);
#3492=AXIS2_PLACEMENT_3D('',#5255,#4274,#4275);
#3493=AXIS2_PLACEMENT_3D('',#5257,#4277,#4278);
#3494=AXIS2_PLACEMENT_3D('',#5258,#4279,#4280);
#3495=AXIS2_PLACEMENT_3D('',#5264,#4284,#4285);
#3496=AXIS2_PLACEMENT_3D('',#5268,#4288,#4289);
#3497=AXIS2_PLACEMENT_3D('',#5272,#4292,#4293);
#3498=AXIS2_PLACEMENT_3D('',#5274,#4295,#4296);
#3499=AXIS2_PLACEMENT_3D('',#5275,#4297,#4298);
#3500=AXIS2_PLACEMENT_3D('',#5285,#4304,#4305);
#3501=AXIS2_PLACEMENT_3D('',#5291,#4309,#4310);
#3502=AXIS2_PLACEMENT_3D('',#5297,#4314,#4315);
#3503=AXIS2_PLACEMENT_3D('',#5300,#4318,#4319);
#3504=AXIS2_PLACEMENT_3D('',#5301,#4320,#4321);
#3505=AXIS2_PLACEMENT_3D('',#5307,#4325,#4326);
#3506=AXIS2_PLACEMENT_3D('',#5313,#4330,#4331);
#3507=AXIS2_PLACEMENT_3D('',#5316,#4334,#4335);
#3508=AXIS2_PLACEMENT_3D('',#5317,#4336,#4337);
#3509=AXIS2_PLACEMENT_3D('',#5321,#4340,#4341);
#3510=AXIS2_PLACEMENT_3D('',#5325,#4344,#4345);
#3511=AXIS2_PLACEMENT_3D('',#5327,#4347,#4348);
#3512=AXIS2_PLACEMENT_3D('',#5328,#4349,#4350);
#3513=AXIS2_PLACEMENT_3D('',#5329,#4351,#4352);
#3514=AXIS2_PLACEMENT_3D('',#5331,#4353,#4354);
#3515=AXIS2_PLACEMENT_3D('',#5332,#4355,#4356);
#3516=AXIS2_PLACEMENT_3D('',#5333,#4357,#4358);
#3517=AXIS2_PLACEMENT_3D('',#5335,#4359,#4360);
#3518=AXIS2_PLACEMENT_3D('',#5336,#4361,#4362);
#3519=AXIS2_PLACEMENT_3D('',#5337,#4363,#4364);
#3520=AXIS2_PLACEMENT_3D('',#5339,#4365,#4366);
#3521=AXIS2_PLACEMENT_3D('',#5340,#4367,#4368);
#3522=AXIS2_PLACEMENT_3D('',#5341,#4369,#4370);
#3523=AXIS2_PLACEMENT_3D('',#5343,#4371,#4372);
#3524=AXIS2_PLACEMENT_3D('',#5344,#4373,#4374);
#3525=AXIS2_PLACEMENT_3D('',#5345,#4375,#4376);
#3526=AXIS2_PLACEMENT_3D('',#5347,#4377,#4378);
#3527=AXIS2_PLACEMENT_3D('',#5349,#4379,#4380);
#3528=AXIS2_PLACEMENT_3D('',#5350,#4381,#4382);
#3529=AXIS2_PLACEMENT_3D('',#5355,#4384,#4385);
#3530=AXIS2_PLACEMENT_3D('',#5358,#4387,#4388);
#3531=AXIS2_PLACEMENT_3D('',#5361,#4390,#4391);
#3532=AXIS2_PLACEMENT_3D('',#5364,#4393,#4394);
#3533=AXIS2_PLACEMENT_3D('',#5365,#4395,#4396);
#3534=AXIS2_PLACEMENT_3D('',#5366,#4397,#4398);
#3535=AXIS2_PLACEMENT_3D('',#5368,#4399,#4400);
#3536=AXIS2_PLACEMENT_3D('',#5370,#4401,#4402);
#3537=AXIS2_PLACEMENT_3D('',#5371,#4403,#4404);
#3538=AXIS2_PLACEMENT_3D('',#5376,#4406,#4407);
#3539=AXIS2_PLACEMENT_3D('',#5379,#4409,#4410);
#3540=AXIS2_PLACEMENT_3D('',#5384,#4413,#4414);
#3541=AXIS2_PLACEMENT_3D('',#5385,#4415,#4416);
#3542=AXIS2_PLACEMENT_3D('',#5386,#4417,#4418);
#3543=AXIS2_PLACEMENT_3D('',#5389,#4421,#4422);
#3544=AXIS2_PLACEMENT_3D('',#5391,#4424,#4425);
#3545=AXIS2_PLACEMENT_3D('',#5393,#4427,#4428);
#3546=AXIS2_PLACEMENT_3D('',#5395,#4430,#4431);
#3547=AXIS2_PLACEMENT_3D('',#5397,#4433,#4434);
#3548=AXIS2_PLACEMENT_3D('',#5399,#4436,#4437);
#3549=AXIS2_PLACEMENT_3D('',#5401,#4439,#4440);
#3550=AXIS2_PLACEMENT_3D('',#5402,#4441,#4442);
#3551=AXIS2_PLACEMENT_3D('',#5410,#4447,#4448);
#3552=AXIS2_PLACEMENT_3D('',#5412,#4450,#4451);
#3553=AXIS2_PLACEMENT_3D('',#5414,#4453,#4454);
#3554=AXIS2_PLACEMENT_3D('',#5416,#4456,#4457);
#3555=AXIS2_PLACEMENT_3D('',#5417,#4458,#4459);
#3556=AXIS2_PLACEMENT_3D('',#5418,#4460,#4461);
#3557=AXIS2_PLACEMENT_3D('',#5419,#4462,#4463);
#3558=AXIS2_PLACEMENT_3D('',#5422,#4465,#4466);
#3559=AXIS2_PLACEMENT_3D('',#5423,#4467,#4468);
#3560=AXIS2_PLACEMENT_3D('',#5427,#4471,#4472);
#3561=AXIS2_PLACEMENT_3D('',#5429,#4474,#4475);
#3562=AXIS2_PLACEMENT_3D('',#5430,#4476,#4477);
#3563=AXIS2_PLACEMENT_3D('',#5436,#4481,#4482);
#3564=AXIS2_PLACEMENT_3D('',#5437,#4483,#4484);
#3565=AXIS2_PLACEMENT_3D('',#5438,#4485,#4486);
#3566=AXIS2_PLACEMENT_3D('',#5440,#4488,#4489);
#3567=AXIS2_PLACEMENT_3D('',#5441,#4490,#4491);
#3568=AXIS2_PLACEMENT_3D('',#5447,#4495,#4496);
#3569=AXIS2_PLACEMENT_3D('',#5448,#4497,#4498);
#3570=AXIS2_PLACEMENT_3D('',#5449,#4499,#4500);
#3571=AXIS2_PLACEMENT_3D('',#5451,#4502,#4503);
#3572=AXIS2_PLACEMENT_3D('',#5452,#4504,#4505);
#3573=AXIS2_PLACEMENT_3D('',#5455,#4507,#4508);
#3574=AXIS2_PLACEMENT_3D('',#5456,#4509,#4510);
#3575=AXIS2_PLACEMENT_3D('',#5460,#4513,#4514);
#3576=AXIS2_PLACEMENT_3D('',#5462,#4516,#4517);
#3577=AXIS2_PLACEMENT_3D('',#5463,#4518,#4519);
#3578=AXIS2_PLACEMENT_3D('',#5466,#4521,#4522);
#3579=AXIS2_PLACEMENT_3D('',#5469,#4524,#4525);
#3580=AXIS2_PLACEMENT_3D('',#5471,#4527,#4528);
#3581=AXIS2_PLACEMENT_3D('',#5473,#4530,#4531);
#3582=AXIS2_PLACEMENT_3D('',#5474,#4532,#4533);
#3583=AXIS2_PLACEMENT_3D('',#5478,#4536,#4537);
#3584=AXIS2_PLACEMENT_3D('',#5481,#4539,#4540);
#3585=AXIS2_PLACEMENT_3D('',#5482,#4541,#4542);
#3586=AXIS2_PLACEMENT_3D('',#5484,#4544,#4545);
#3587=AXIS2_PLACEMENT_3D('',#5485,#4546,#4547);
#3588=AXIS2_PLACEMENT_3D('',#5488,#4550,#4551);
#3589=AXIS2_PLACEMENT_3D('',#5490,#4553,#4554);
#3590=AXIS2_PLACEMENT_3D('',#5492,#4556,#4557);
#3591=AXIS2_PLACEMENT_3D('',#5493,#4558,#4559);
#3592=AXIS2_PLACEMENT_3D('',#5495,#4561,#4562);
#3593=AXIS2_PLACEMENT_3D('',#5497,#4564,#4565);
#3594=AXIS2_PLACEMENT_3D('',#5498,#4566,#4567);
#3595=DIRECTION('',(0.,0.,1.));
#3596=DIRECTION('',(1.,0.,0.));
#3597=DIRECTION('',(2.4093381610789E-16,0.,1.));
#3598=DIRECTION('',(1.,0.,-2.4093381610789E-16));
#3599=DIRECTION('',(2.4093381610789E-16,0.,1.));
#3600=DIRECTION('',(1.,0.,-2.4093381610789E-16));
#3601=DIRECTION('',(2.4093381610789E-16,0.,1.));
#3602=DIRECTION('',(1.,0.,-2.4093381610789E-16));
#3603=DIRECTION('',(0.,1.,0.));
#3604=DIRECTION('',(2.4093381610789E-16,0.,1.));
#3605=DIRECTION('',(1.,0.,-2.4093381610789E-16));
#3606=DIRECTION('',(-1.,0.,2.4093381610789E-16));
#3607=DIRECTION('',(-2.4093381610789E-16,0.,-1.));
#3608=DIRECTION('',(1.,0.,-2.4093381610789E-16));
#3609=DIRECTION('',(1.,0.,-2.4093381610789E-16));
#3610=DIRECTION('',(0.,-1.,0.));
#3611=DIRECTION('',(-1.,0.,2.4093381610789E-16));
#3612=DIRECTION('',(0.,-1.,0.));
#3613=DIRECTION('',(-1.,0.,2.4093381610789E-16));
#3614=DIRECTION('',(2.4093381610789E-16,0.,1.));
#3615=DIRECTION('',(1.,0.,-2.4093381610789E-16));
#3616=DIRECTION('',(-1.,0.,2.4093381610789E-16));
#3617=DIRECTION('',(-2.4093381610789E-16,0.,-1.));
#3618=DIRECTION('',(1.,0.,-2.4093381610789E-16));
#3619=DIRECTION('',(0.,1.,0.));
#3620=DIRECTION('',(1.,0.,-2.4093381610789E-16));
#3621=DIRECTION('',(0.,-1.,0.));
#3622=DIRECTION('',(-1.,0.,0.));
#3623=DIRECTION('',(0.,1.,0.));
#3624=DIRECTION('',(1.,0.,0.));
#3625=DIRECTION('',(0.,-1.,0.));
#3626=DIRECTION('',(0.,1.,0.));
#3627=DIRECTION('',(1.,0.,0.));
#3628=DIRECTION('',(0.,1.,0.));
#3629=DIRECTION('',(0.,1.,0.));
#3630=DIRECTION('',(1.,0.,0.));
#3631=DIRECTION('',(2.4093381610789E-16,0.,1.));
#3632=DIRECTION('',(1.,0.,-2.4093381610789E-16));
#3633=DIRECTION('',(2.4093381610789E-16,0.,1.));
#3634=DIRECTION('',(1.,0.,-2.4093381610789E-16));
#3635=DIRECTION('',(0.,1.,0.));
#3636=DIRECTION('',(2.4093381610789E-16,0.,1.));
#3637=DIRECTION('',(1.,0.,-2.4093381610789E-16));
#3638=DIRECTION('',(-1.,0.,2.4093381610789E-16));
#3639=DIRECTION('',(2.4093381610789E-16,0.,1.));
#3640=DIRECTION('',(1.,0.,-2.4093381610789E-16));
#3641=DIRECTION('',(0.,1.,0.));
#3642=DIRECTION('',(2.4093381610789E-16,0.,1.));
#3643=DIRECTION('',(1.,0.,-2.4093381610789E-16));
#3644=DIRECTION('',(-0.707106781186548,0.707106781186547,1.70365935187041E-16));
#3645=DIRECTION('',(2.4093381610789E-16,0.,1.));
#3646=DIRECTION('',(1.,0.,-2.4093381610789E-16));
#3647=DIRECTION('',(-1.,0.,2.4093381610789E-16));
#3648=DIRECTION('',(2.4093381610789E-16,0.,1.));
#3649=DIRECTION('',(1.,0.,-2.4093381610789E-16));
#3650=DIRECTION('',(-0.707106781186548,-0.707106781186547,1.70365935187041E-16));
#3651=DIRECTION('',(0.,-1.,0.));
#3652=DIRECTION('',(0.707106781186548,0.707106781186548,-1.70365935187041E-16));
#3653=DIRECTION('',(-1.,0.,2.4093381610789E-16));
#3654=DIRECTION('',(0.,-1.,0.));
#3655=DIRECTION('',(-1.,0.,2.4093381610789E-16));
#3656=DIRECTION('',(0.,-1.,0.));
#3657=DIRECTION('',(-1.,0.,2.4093381610789E-16));
#3658=DIRECTION('',(0.,1.,0.));
#3659=DIRECTION('',(1.,0.,-2.4093381610789E-16));
#3660=DIRECTION('',(0.,1.,0.));
#3661=DIRECTION('',(-1.,0.,2.4093381610789E-16));
#3662=DIRECTION('',(0.,-1.,0.));
#3663=DIRECTION('',(-1.,-4.44089209850062E-16,0.));
#3664=DIRECTION('',(2.4093381610789E-16,0.,1.));
#3665=DIRECTION('',(1.,0.,-2.4093381610789E-16));
#3666=DIRECTION('',(0.,1.,0.));
#3667=DIRECTION('',(2.4093381610789E-16,0.,1.));
#3668=DIRECTION('',(1.,0.,-2.4093381610789E-16));
#3669=DIRECTION('',(1.,0.,-2.4093381610789E-16));
#3670=DIRECTION('',(2.4093381610789E-16,0.,1.));
#3671=DIRECTION('',(1.,0.,-2.4093381610789E-16));
#3672=DIRECTION('',(0.,1.,0.));
#3673=DIRECTION('',(2.4093381610789E-16,0.,1.));
#3674=DIRECTION('',(1.,0.,-2.4093381610789E-16));
#3675=DIRECTION('',(0.,-1.,0.));
#3676=DIRECTION('',(-1.,0.,2.4093381610789E-16));
#3677=DIRECTION('',(0.,-1.,0.));
#3678=DIRECTION('',(-1.,0.,0.));
#3679=DIRECTION('',(0.,-1.,0.));
#3680=DIRECTION('',(-1.,0.,2.4093381610789E-16));
#3681=DIRECTION('',(-0.707106781186548,0.707106781186548,1.70365935187041E-16));
#3682=DIRECTION('',(0.,-1.,0.));
#3683=DIRECTION('',(-1.,0.,0.));
#3684=DIRECTION('',(0.,1.,0.));
#3685=DIRECTION('',(1.,0.,0.));
#3686=DIRECTION('',(-1.94035708010312E-16,0.,-1.));
#3687=DIRECTION('',(1.,0.,0.));
#3688=DIRECTION('',(1.94035708010312E-16,0.,1.));
#3689=DIRECTION('',(-4.33315745641884E-16,0.,1.));
#3690=DIRECTION('',(-1.,0.,0.));
#3691=DIRECTION('',(-4.33315745641884E-16,0.,1.));
#3692=DIRECTION('',(-1.25010782773766E-16,0.,1.));
#3693=DIRECTION('',(1.,0.,0.));
#3694=DIRECTION('',(0.,0.,1.));
#3695=DIRECTION('',(0.,1.,0.));
#3696=DIRECTION('',(1.,0.,0.));
#3697=DIRECTION('',(0.,0.,-1.));
#3698=DIRECTION('',(-2.4093381610789E-16,0.,-1.));
#3699=DIRECTION('',(-1.,-1.68058148296206E-16,2.4093381610789E-16));
#3700=DIRECTION('',(-2.4093381610789E-16,0.,-1.));
#3701=DIRECTION('',(-2.4093381610789E-16,0.,-1.));
#3702=DIRECTION('',(-1.,0.,2.4093381610789E-16));
#3703=DIRECTION('',(-2.4093381610789E-16,0.,-1.));
#3704=DIRECTION('',(-2.4093381610789E-16,0.,-1.));
#3705=DIRECTION('',(-1.,0.,2.4093381610789E-16));
#3706=DIRECTION('',(-2.4093381610789E-16,0.,-1.));
#3707=DIRECTION('',(-2.4093381610789E-16,0.,-1.));
#3708=DIRECTION('',(1.,1.68058148296206E-15,-2.4093381610789E-16));
#3709=DIRECTION('',(-2.4093381610789E-16,0.,-1.));
#3710=DIRECTION('',(0.,1.,0.));
#3711=DIRECTION('',(1.,0.,0.));
#3712=DIRECTION('',(0.,0.,-1.));
#3713=DIRECTION('',(0.,1.,0.));
#3714=DIRECTION('',(1.,0.,0.));
#3715=DIRECTION('',(0.,0.,1.));
#3716=DIRECTION('',(1.,0.,0.));
#3717=DIRECTION('',(0.,0.,1.));
#3718=DIRECTION('',(0.,1.,0.));
#3719=DIRECTION('',(1.,0.,0.));
#3720=DIRECTION('',(0.,1.,0.));
#3721=DIRECTION('',(1.,0.,0.));
#3722=DIRECTION('',(0.,1.,0.));
#3723=DIRECTION('',(1.,0.,0.));
#3724=DIRECTION('',(1.,0.,0.));
#3725=DIRECTION('',(6.46785693367708E-17,0.,1.));
#3726=DIRECTION('',(-1.,0.,0.));
#3727=DIRECTION('',(-6.46785693367708E-17,0.,-1.));
#3728=DIRECTION('',(1.,0.,0.));
#3729=DIRECTION('',(0.,0.,1.));
#3730=DIRECTION('',(1.,0.,0.));
#3731=DIRECTION('',(0.,0.,1.));
#3732=DIRECTION('',(0.,1.,0.));
#3733=DIRECTION('',(1.,0.,0.));
#3734=DIRECTION('',(1.,0.,0.));
#3735=DIRECTION('',(0.,0.,1.));
#3736=DIRECTION('',(1.,0.,0.));
#3737=DIRECTION('',(0.,0.,1.));
#3738=DIRECTION('',(0.,1.,0.));
#3739=DIRECTION('',(1.,0.,0.));
#3740=DIRECTION('',(0.,1.,0.));
#3741=DIRECTION('',(1.,0.,0.));
#3742=DIRECTION('',(0.,1.,0.));
#3743=DIRECTION('',(1.,0.,0.));
#3744=DIRECTION('',(0.,1.,0.));
#3745=DIRECTION('',(1.,0.,0.));
#3746=DIRECTION('',(0.,1.,0.));
#3747=DIRECTION('',(1.,0.,0.));
#3748=DIRECTION('',(0.,1.,0.));
#3749=DIRECTION('',(1.,0.,0.));
#3750=DIRECTION('',(0.,1.,0.));
#3751=DIRECTION('',(1.,0.,0.));
#3752=DIRECTION('',(0.,1.,0.));
#3753=DIRECTION('',(1.,0.,0.));
#3754=DIRECTION('',(1.,0.,0.));
#3755=DIRECTION('',(0.,0.,1.));
#3756=DIRECTION('',(1.,0.,0.));
#3757=DIRECTION('',(0.,0.,1.));
#3758=DIRECTION('',(0.,-1.,0.));
#3759=DIRECTION('',(-1.,0.,0.));
#3760=DIRECTION('',(0.707106781186548,-0.707106781186548,-4.5734654975475E-17));
#3761=DIRECTION('',(-0.707106781186548,-0.707106781186548,4.57346549754749E-17));
#3762=DIRECTION('',(0.,0.707106781186548,-0.707106781186547));
#3763=DIRECTION('',(0.,-0.707106781186547,-0.707106781186548));
#3764=DIRECTION('',(0.707106781186548,-0.707106781186548,-4.5734654975475E-17));
#3765=DIRECTION('',(-0.707106781186548,-0.707106781186548,4.57346549754749E-17));
#3766=DIRECTION('',(0.,-1.,0.));
#3767=DIRECTION('',(0.,1.,0.));
#3768=DIRECTION('',(1.,0.,0.));
#3769=DIRECTION('',(0.,-1.,0.));
#3770=DIRECTION('',(0.,1.,0.));
#3771=DIRECTION('',(1.,0.,0.));
#3772=DIRECTION('',(0.,1.,0.));
#3773=DIRECTION('',(1.,0.,0.));
#3774=DIRECTION('',(-6.46785693367708E-17,0.,-1.));
#3775=DIRECTION('',(0.,1.,0.));
#3776=DIRECTION('',(1.,0.,0.));
#3777=DIRECTION('',(0.,1.,0.));
#3778=DIRECTION('',(1.,0.,0.));
#3779=DIRECTION('',(1.,0.,0.));
#3780=DIRECTION('',(0.,1.,0.));
#3781=DIRECTION('',(1.,0.,0.));
#3782=DIRECTION('',(-7.30409884621814E-17,0.,1.));
#3783=DIRECTION('',(0.,1.,0.));
#3784=DIRECTION('',(1.,0.,0.));
#3785=DIRECTION('',(1.,0.,0.));
#3786=DIRECTION('',(0.,1.,0.));
#3787=DIRECTION('',(1.,0.,0.));
#3788=DIRECTION('',(7.30409884621814E-17,0.,1.));
#3789=DIRECTION('',(0.,0.,-1.));
#3790=DIRECTION('',(0.,1.,0.));
#3791=DIRECTION('',(0.,0.,-1.));
#3792=DIRECTION('',(0.,1.,0.));
#3793=DIRECTION('',(0.,0.,-1.));
#3794=DIRECTION('',(0.,1.,0.));
#3795=DIRECTION('',(1.,0.,0.));
#3796=DIRECTION('',(0.,-1.,0.));
#3797=DIRECTION('',(1.,0.,0.));
#3798=DIRECTION('',(0.,-1.,0.));
#3799=DIRECTION('',(1.,0.,-7.30409884621814E-17));
#3800=DIRECTION('',(-7.30409884621814E-17,0.,-1.));
#3801=DIRECTION('',(7.30409884621814E-17,0.,1.));
#3802=DIRECTION('',(0.,-1.,0.));
#3803=DIRECTION('',(7.30409884621814E-17,0.,1.));
#3804=DIRECTION('',(0.,-1.,0.));
#3805=DIRECTION('',(0.,0.,-1.));
#3806=DIRECTION('',(0.,1.,0.));
#3807=DIRECTION('',(0.,0.,-1.));
#3808=DIRECTION('',(0.,1.,0.));
#3809=DIRECTION('',(-1.,3.27306316222044E-15,0.));
#3810=DIRECTION('',(0.,0.,-1.));
#3811=DIRECTION('',(0.,1.,0.));
#3812=DIRECTION('',(0.,1.,0.));
#3813=DIRECTION('',(0.,0.,-1.));
#3814=DIRECTION('',(0.,1.,0.));
#3815=DIRECTION('',(1.,0.,0.));
#3816=DIRECTION('',(0.,0.,-1.));
#3817=DIRECTION('',(0.,1.,0.));
#3818=DIRECTION('',(0.,-1.,0.));
#3819=DIRECTION('',(-1.,0.,0.));
#3820=DIRECTION('',(0.,0.,-1.));
#3821=DIRECTION('',(0.,1.,0.));
#3822=DIRECTION('',(-0.707106781186548,0.707106781186547,0.));
#3823=DIRECTION('',(0.,0.,-1.));
#3824=DIRECTION('',(0.,1.,0.));
#3825=DIRECTION('',(0.,1.,0.));
#3826=DIRECTION('',(0.,0.,-1.));
#3827=DIRECTION('',(0.,1.,0.));
#3828=DIRECTION('',(1.,0.,0.));
#3829=DIRECTION('',(0.,0.,-1.));
#3830=DIRECTION('',(0.,1.,0.));
#3831=DIRECTION('',(0.,-1.,0.));
#3832=DIRECTION('',(0.,0.,-1.));
#3833=DIRECTION('',(0.,1.,0.));
#3834=DIRECTION('',(-0.707106781186548,-0.707106781186547,0.));
#3835=DIRECTION('',(0.,0.,-1.));
#3836=DIRECTION('',(0.,1.,0.));
#3837=DIRECTION('',(1.,0.,0.));
#3838=DIRECTION('',(0.,-1.,0.));
#3839=DIRECTION('',(1.,0.,0.));
#3840=DIRECTION('',(0.,-1.,0.));
#3841=DIRECTION('',(1.,0.,7.30409884621814E-17));
#3842=DIRECTION('',(7.30409884621814E-17,0.,-1.));
#3843=DIRECTION('',(-7.30409884621814E-17,0.,1.));
#3844=DIRECTION('',(0.,-1.,0.));
#3845=DIRECTION('',(-7.30409884621814E-17,0.,1.));
#3846=DIRECTION('',(0.,-1.,0.));
#3847=DIRECTION('',(0.,1.,0.));
#3848=DIRECTION('',(1.,0.,0.));
#3849=DIRECTION('',(0.,1.,0.));
#3850=DIRECTION('',(1.,0.,0.));
#3851=DIRECTION('',(0.,1.,0.));
#3852=DIRECTION('',(1.,0.,0.));
#3853=DIRECTION('',(0.,1.,0.));
#3854=DIRECTION('',(1.,0.,0.));
#3855=DIRECTION('',(0.,1.,0.));
#3856=DIRECTION('',(1.,0.,0.));
#3857=DIRECTION('',(0.,0.,1.));
#3858=DIRECTION('',(0.,1.,0.));
#3859=DIRECTION('',(1.,0.,0.));
#3860=DIRECTION('',(0.,0.,1.));
#3861=DIRECTION('',(0.,1.,0.));
#3862=DIRECTION('',(1.,0.,0.));
#3863=DIRECTION('',(0.,1.,0.));
#3864=DIRECTION('',(1.,0.,0.));
#3865=DIRECTION('',(0.,1.,0.));
#3866=DIRECTION('',(1.,0.,0.));
#3867=DIRECTION('',(0.,1.,0.));
#3868=DIRECTION('',(1.,0.,0.));
#3869=DIRECTION('',(0.,1.,0.));
#3870=DIRECTION('',(1.,0.,0.));
#3871=DIRECTION('',(0.,1.,0.));
#3872=DIRECTION('',(1.,0.,0.));
#3873=DIRECTION('',(-1.,0.,0.));
#3874=DIRECTION('',(0.,1.,0.));
#3875=DIRECTION('',(0.,1.,0.));
#3876=DIRECTION('',(-1.,0.,0.));
#3877=DIRECTION('',(0.,1.,0.));
#3878=DIRECTION('',(0.,1.,0.));
#3879=DIRECTION('',(0.,1.,0.));
#3880=DIRECTION('',(0.,-1.,0.));
#3881=DIRECTION('',(-1.,0.,0.));
#3882=DIRECTION('',(0.,1.,0.));
#3883=DIRECTION('',(1.,0.,0.));
#3884=DIRECTION('',(-1.73333694994848E-32,0.999999999999968,-4.16333634234419E-17));
#3885=DIRECTION('',(0.,4.16333634234432E-17,1.));
#3886=DIRECTION('',(0.,-1.,0.));
#3887=DIRECTION('',(-1.,0.,0.));
#3888=DIRECTION('',(0.,1.,0.));
#3889=DIRECTION('',(1.,0.,0.));
#3890=DIRECTION('',(-1.73333694994848E-32,0.999999999999968,-4.16333634234419E-17));
#3891=DIRECTION('',(0.,4.16333634234432E-17,1.));
#3892=DIRECTION('',(-1.73333694994848E-32,0.999999999999968,-4.16333634234419E-17));
#3893=DIRECTION('',(-2.98372437868016E-16,-4.1633363423444E-17,-1.00000000000001));
#3894=DIRECTION('',(0.,1.,0.));
#3895=DIRECTION('',(1.,0.,0.));
#3896=DIRECTION('',(0.,-1.,0.));
#3897=DIRECTION('',(-1.,0.,0.));
#3898=DIRECTION('',(0.,1.,0.));
#3899=DIRECTION('',(1.,0.,0.));
#3900=DIRECTION('',(-1.73333694994848E-32,0.999999999999968,-4.16333634234419E-17));
#3901=DIRECTION('',(0.,4.16333634234432E-17,1.));
#3902=DIRECTION('',(0.,-1.,0.));
#3903=DIRECTION('',(-1.,0.,0.));
#3904=DIRECTION('',(0.,1.,0.));
#3905=DIRECTION('',(1.,0.,0.));
#3906=DIRECTION('',(-1.73333694994848E-32,0.999999999999968,-4.16333634234419E-17));
#3907=DIRECTION('',(0.,4.16333634234432E-17,1.));
#3908=DIRECTION('',(-1.73333694994848E-32,0.999999999999968,-4.16333634234419E-17));
#3909=DIRECTION('',(-2.98372437868016E-16,-4.1633363423444E-17,-1.00000000000001));
#3910=DIRECTION('',(0.,1.,0.));
#3911=DIRECTION('',(1.,0.,0.));
#3912=DIRECTION('',(0.,-1.,0.));
#3913=DIRECTION('',(-1.,0.,0.));
#3914=DIRECTION('',(0.,1.,0.));
#3915=DIRECTION('',(1.,0.,0.));
#3916=DIRECTION('',(-1.73333694994848E-32,0.999999999999968,-4.16333634234419E-17));
#3917=DIRECTION('',(0.,4.16333634234432E-17,1.));
#3918=DIRECTION('',(0.,-1.,0.));
#3919=DIRECTION('',(-1.,0.,0.));
#3920=DIRECTION('',(0.,1.,0.));
#3921=DIRECTION('',(1.,0.,0.));
#3922=DIRECTION('',(-1.73333694994848E-32,0.999999999999968,-4.16333634234419E-17));
#3923=DIRECTION('',(0.,4.16333634234432E-17,1.));
#3924=DIRECTION('',(-1.73333694994848E-32,0.999999999999968,-4.16333634234419E-17));
#3925=DIRECTION('',(-2.98372437868016E-16,-4.1633363423444E-17,-1.00000000000001));
#3926=DIRECTION('',(0.,1.,0.));
#3927=DIRECTION('',(1.,0.,0.));
#3928=DIRECTION('',(0.,-1.,0.));
#3929=DIRECTION('',(-1.,0.,0.));
#3930=DIRECTION('',(0.,1.,0.));
#3931=DIRECTION('',(1.,0.,0.));
#3932=DIRECTION('',(-1.73333694994848E-32,0.999999999999968,-4.16333634234419E-17));
#3933=DIRECTION('',(0.,4.16333634234432E-17,1.));
#3934=DIRECTION('',(0.,-1.,0.));
#3935=DIRECTION('',(-1.,0.,0.));
#3936=DIRECTION('',(0.,1.,0.));
#3937=DIRECTION('',(1.,0.,0.));
#3938=DIRECTION('',(-1.73333694994848E-32,0.999999999999968,-4.16333634234419E-17));
#3939=DIRECTION('',(0.,4.16333634234432E-17,1.));
#3940=DIRECTION('',(-1.73333694994848E-32,0.999999999999968,-4.16333634234419E-17));
#3941=DIRECTION('',(-2.98372437868016E-16,-4.1633363423444E-17,-1.00000000000001));
#3942=DIRECTION('',(0.,1.,0.));
#3943=DIRECTION('',(1.,0.,0.));
#3944=DIRECTION('',(0.,-1.,0.));
#3945=DIRECTION('',(-1.,0.,0.));
#3946=DIRECTION('',(0.,1.,0.));
#3947=DIRECTION('',(1.,0.,0.));
#3948=DIRECTION('',(-1.73333694994848E-32,0.999999999999968,-4.16333634234419E-17));
#3949=DIRECTION('',(0.,4.16333634234432E-17,1.));
#3950=DIRECTION('',(0.,-1.,0.));
#3951=DIRECTION('',(-1.,0.,0.));
#3952=DIRECTION('',(0.,1.,0.));
#3953=DIRECTION('',(1.,0.,0.));
#3954=DIRECTION('',(-1.73333694994848E-32,0.999999999999968,-4.16333634234419E-17));
#3955=DIRECTION('',(0.,4.16333634234432E-17,1.));
#3956=DIRECTION('',(-1.73333694994848E-32,0.999999999999968,-4.16333634234419E-17));
#3957=DIRECTION('',(-2.98372437868016E-16,-4.1633363423444E-17,-1.00000000000001));
#3958=DIRECTION('',(0.,1.,0.));
#3959=DIRECTION('',(1.,0.,0.));
#3960=DIRECTION('',(0.,-1.,0.));
#3961=DIRECTION('',(-1.,0.,0.));
#3962=DIRECTION('',(0.,1.,0.));
#3963=DIRECTION('',(1.,0.,0.));
#3964=DIRECTION('',(-1.73333694994848E-32,0.999999999999968,-4.16333634234419E-17));
#3965=DIRECTION('',(0.,4.16333634234432E-17,1.));
#3966=DIRECTION('',(0.,-1.,0.));
#3967=DIRECTION('',(-1.,0.,0.));
#3968=DIRECTION('',(0.,1.,0.));
#3969=DIRECTION('',(1.,0.,0.));
#3970=DIRECTION('',(-1.73333694994848E-32,0.999999999999968,-4.16333634234419E-17));
#3971=DIRECTION('',(0.,4.16333634234432E-17,1.));
#3972=DIRECTION('',(-1.73333694994848E-32,0.999999999999968,-4.16333634234419E-17));
#3973=DIRECTION('',(-2.98372437868016E-16,-4.1633363423444E-17,-1.00000000000001));
#3974=DIRECTION('',(0.,1.,0.));
#3975=DIRECTION('',(1.,0.,0.));
#3976=DIRECTION('',(0.,-1.,0.));
#3977=DIRECTION('',(-1.,0.,0.));
#3978=DIRECTION('',(0.,1.,0.));
#3979=DIRECTION('',(1.,0.,0.));
#3980=DIRECTION('',(-1.73333694994848E-32,0.999999999999968,-4.16333634234419E-17));
#3981=DIRECTION('',(0.,4.16333634234432E-17,1.));
#3982=DIRECTION('',(0.,-1.,0.));
#3983=DIRECTION('',(-1.,0.,0.));
#3984=DIRECTION('',(0.,1.,0.));
#3985=DIRECTION('',(1.,0.,0.));
#3986=DIRECTION('',(-1.73333694994848E-32,0.999999999999968,-4.16333634234419E-17));
#3987=DIRECTION('',(0.,4.16333634234432E-17,1.));
#3988=DIRECTION('',(-1.73333694994848E-32,0.999999999999968,-4.16333634234419E-17));
#3989=DIRECTION('',(-2.98372437868016E-16,-4.1633363423444E-17,-1.00000000000001));
#3990=DIRECTION('',(0.,1.,0.));
#3991=DIRECTION('',(1.,0.,0.));
#3992=DIRECTION('',(0.,-1.,0.));
#3993=DIRECTION('',(-1.,0.,0.));
#3994=DIRECTION('',(0.,1.,0.));
#3995=DIRECTION('',(1.,0.,0.));
#3996=DIRECTION('',(-1.73333694994848E-32,0.999999999999968,-4.16333634234419E-17));
#3997=DIRECTION('',(0.,4.16333634234432E-17,1.));
#3998=DIRECTION('',(0.,-1.,0.));
#3999=DIRECTION('',(-1.,0.,0.));
#4000=DIRECTION('',(0.,1.,0.));
#4001=DIRECTION('',(1.,0.,0.));
#4002=DIRECTION('',(-1.73333694994848E-32,0.999999999999968,-4.16333634234419E-17));
#4003=DIRECTION('',(0.,4.16333634234432E-17,1.));
#4004=DIRECTION('',(-1.73333694994848E-32,0.999999999999968,-4.16333634234419E-17));
#4005=DIRECTION('',(-2.98372437868016E-16,-4.1633363423444E-17,-1.00000000000001));
#4006=DIRECTION('',(0.,1.,0.));
#4007=DIRECTION('',(1.,0.,0.));
#4008=DIRECTION('',(0.,-1.,0.));
#4009=DIRECTION('',(-1.,0.,0.));
#4010=DIRECTION('',(0.,1.,0.));
#4011=DIRECTION('',(1.,0.,0.));
#4012=DIRECTION('',(0.,1.,0.));
#4013=DIRECTION('',(1.,0.,0.));
#4014=DIRECTION('',(0.,-1.,0.));
#4015=DIRECTION('',(-1.,0.,0.));
#4016=DIRECTION('',(0.,1.,0.));
#4017=DIRECTION('',(1.,0.,0.));
#4018=DIRECTION('',(0.,1.,0.));
#4019=DIRECTION('',(1.,0.,0.));
#4020=DIRECTION('',(0.,1.,0.));
#4021=DIRECTION('',(1.,0.,0.));
#4022=DIRECTION('',(0.,0.,-1.));
#4023=DIRECTION('',(0.,1.,0.));
#4024=DIRECTION('',(0.,-1.,0.));
#4025=DIRECTION('',(1.,0.,0.));
#4026=DIRECTION('',(0.,-1.,0.));
#4027=DIRECTION('',(1.,0.,0.));
#4028=DIRECTION('',(0.,-1.,0.));
#4029=DIRECTION('',(0.,-1.,0.));
#4030=DIRECTION('',(0.,0.,1.));
#4031=DIRECTION('',(0.,0.,-1.));
#4032=DIRECTION('',(0.,1.,0.));
#4033=DIRECTION('',(0.,-1.,0.));
#4034=DIRECTION('',(1.,0.,0.));
#4035=DIRECTION('',(1.,0.,0.));
#4036=DIRECTION('',(0.,-1.,0.));
#4037=DIRECTION('',(0.,0.,1.));
#4038=DIRECTION('',(0.,1.,0.));
#4039=DIRECTION('',(1.,0.,0.));
#4040=DIRECTION('',(0.,0.,-1.));
#4041=DIRECTION('',(0.,1.,0.));
#4042=DIRECTION('',(0.,-1.,0.));
#4043=DIRECTION('',(1.,0.,0.));
#4044=DIRECTION('',(0.,-1.,0.));
#4045=DIRECTION('',(1.,0.,0.));
#4046=DIRECTION('',(0.,-1.,0.));
#4047=DIRECTION('',(0.,-1.,0.));
#4048=DIRECTION('',(0.,0.,1.));
#4049=DIRECTION('',(0.,0.,-1.));
#4050=DIRECTION('',(0.,1.,0.));
#4051=DIRECTION('',(0.,-1.,0.));
#4052=DIRECTION('',(1.,0.,0.));
#4053=DIRECTION('',(1.,0.,0.));
#4054=DIRECTION('',(0.,-1.,0.));
#4055=DIRECTION('',(0.,0.,1.));
#4056=DIRECTION('',(0.,1.,0.));
#4057=DIRECTION('',(1.,0.,0.));
#4058=DIRECTION('',(7.30409884621814E-17,0.,1.));
#4059=DIRECTION('',(1.,0.,-7.30409884621814E-17));
#4060=DIRECTION('',(0.,0.,1.));
#4061=DIRECTION('',(0.,-1.,0.));
#4062=DIRECTION('',(0.,0.,-1.));
#4063=DIRECTION('',(0.,1.,0.));
#4064=DIRECTION('',(-1.,0.,0.));
#4065=DIRECTION('',(0.,1.,0.));
#4066=DIRECTION('',(-1.,0.,0.));
#4067=DIRECTION('',(0.,1.,0.));
#4068=DIRECTION('',(1.,0.,0.));
#4069=DIRECTION('',(0.,-1.,0.));
#4070=DIRECTION('',(1.,0.,0.));
#4071=DIRECTION('',(0.,-1.,0.));
#4072=DIRECTION('',(1.,0.,0.));
#4073=DIRECTION('',(0.,-1.,0.));
#4074=DIRECTION('',(-1.,0.,0.));
#4075=DIRECTION('',(0.,1.,0.));
#4076=DIRECTION('',(7.30409884621814E-17,0.,-1.));
#4077=DIRECTION('',(-1.,0.,-7.30409884621814E-17));
#4078=DIRECTION('',(0.,0.,-1.));
#4079=DIRECTION('',(0.,1.,0.));
#4080=DIRECTION('',(0.,0.,1.));
#4081=DIRECTION('',(0.,-1.,0.));
#4082=DIRECTION('',(0.,1.,0.));
#4083=DIRECTION('',(1.,0.,0.));
#4084=DIRECTION('',(0.,-1.,0.));
#4085=DIRECTION('',(-1.,0.,0.));
#4086=DIRECTION('',(0.,1.,0.));
#4087=DIRECTION('',(1.,0.,0.));
#4088=DIRECTION('',(0.,-1.,0.));
#4089=DIRECTION('',(-1.,0.,0.));
#4090=DIRECTION('',(0.,1.,0.));
#4091=DIRECTION('',(0.,1.,0.));
#4092=DIRECTION('',(1.,0.,0.));
#4093=DIRECTION('',(0.,1.,0.));
#4094=DIRECTION('',(1.,0.,0.));
#4095=DIRECTION('',(0.,1.,0.));
#4096=DIRECTION('',(1.,0.,0.));
#4097=DIRECTION('',(0.,-1.,0.));
#4098=DIRECTION('',(-1.,0.,0.));
#4099=DIRECTION('',(0.,1.,0.));
#4100=DIRECTION('',(1.,0.,0.));
#4101=DIRECTION('',(0.,1.,0.));
#4102=DIRECTION('',(1.,0.,0.));
#4103=DIRECTION('',(0.,-1.,0.));
#4104=DIRECTION('',(-1.,0.,0.));
#4105=DIRECTION('',(0.,1.,0.));
#4106=DIRECTION('',(1.,0.,0.));
#4107=DIRECTION('',(0.,1.,0.));
#4108=DIRECTION('',(1.,0.,0.));
#4109=DIRECTION('',(0.,1.,0.));
#4110=DIRECTION('',(1.,0.,0.));
#4111=DIRECTION('',(0.,1.,0.));
#4112=DIRECTION('',(1.,0.,0.));
#4113=DIRECTION('',(0.,1.,0.));
#4114=DIRECTION('',(1.,0.,0.));
#4115=DIRECTION('',(-1.,0.,0.));
#4116=DIRECTION('',(0.,1.,0.));
#4117=DIRECTION('',(0.,0.,1.));
#4118=DIRECTION('',(0.,1.,0.));
#4119=DIRECTION('',(0.,0.,1.));
#4120=DIRECTION('',(0.,0.,1.));
#4121=DIRECTION('',(0.,-1.,0.));
#4122=DIRECTION('',(0.,0.,1.));
#4123=DIRECTION('',(0.,0.,-1.));
#4124=DIRECTION('',(0.,1.,0.));
#4125=DIRECTION('',(2.4093381610789E-16,0.,1.));
#4126=DIRECTION('',(1.,0.,-2.4093381610789E-16));
#4127=DIRECTION('',(0.,0.,1.));
#4128=DIRECTION('',(0.,-1.,0.));
#4129=DIRECTION('',(0.,0.,-1.));
#4130=DIRECTION('',(0.,1.,0.));
#4131=DIRECTION('',(0.,0.,1.));
#4132=DIRECTION('',(-3.27306316222044E-15,-1.,0.));
#4133=DIRECTION('',(-1.,3.27306316222044E-15,0.));
#4134=DIRECTION('',(0.,0.,1.));
#4135=DIRECTION('',(1.,-3.27306316222044E-15,0.));
#4136=DIRECTION('',(-1.,3.27306316222044E-15,2.4093381610789E-16));
#4137=DIRECTION('',(0.,0.,1.));
#4138=DIRECTION('',(0.,-1.,0.));
#4139=DIRECTION('',(0.,0.,1.));
#4140=DIRECTION('',(0.,0.,-1.));
#4141=DIRECTION('',(0.,1.,0.));
#4142=DIRECTION('',(2.4093381610789E-16,0.,1.));
#4143=DIRECTION('',(1.,0.,-2.4093381610789E-16));
#4144=DIRECTION('',(-1.,0.,0.));
#4145=DIRECTION('',(0.,1.,0.));
#4146=DIRECTION('',(0.,0.,1.));
#4147=DIRECTION('',(0.,-1.,0.));
#4148=DIRECTION('',(0.,0.,1.));
#4149=DIRECTION('',(0.,-1.,0.));
#4150=DIRECTION('',(0.,0.,1.));
#4151=DIRECTION('',(0.,0.,-1.));
#4152=DIRECTION('',(0.,1.,0.));
#4153=DIRECTION('',(0.,1.,0.));
#4154=DIRECTION('',(1.,0.,0.));
#4155=DIRECTION('',(-1.,0.,0.));
#4156=DIRECTION('',(-1.,0.,0.));
#4157=DIRECTION('',(0.,1.,0.));
#4158=DIRECTION('',(0.,0.,1.));
#4159=DIRECTION('',(0.,1.,0.));
#4160=DIRECTION('',(0.,0.,1.));
#4161=DIRECTION('',(0.,0.,1.));
#4162=DIRECTION('',(0.,-1.,0.));
#4163=DIRECTION('',(0.,0.,1.));
#4164=DIRECTION('',(0.,0.,-1.));
#4165=DIRECTION('',(0.,1.,0.));
#4166=DIRECTION('',(0.,0.,1.));
#4167=DIRECTION('',(0.,-1.,0.));
#4168=DIRECTION('',(0.,0.,-1.));
#4169=DIRECTION('',(0.,1.,0.));
#4170=DIRECTION('',(0.,0.,1.));
#4171=DIRECTION('',(0.707106781186547,-0.707106781186548,0.));
#4172=DIRECTION('',(-0.707106781186548,-0.707106781186547,0.));
#4173=DIRECTION('',(0.,0.,1.));
#4174=DIRECTION('',(0.707106781186548,0.707106781186547,0.));
#4175=DIRECTION('',(0.,0.,1.));
#4176=DIRECTION('',(0.,-1.,0.));
#4177=DIRECTION('',(0.,0.,1.));
#4178=DIRECTION('',(0.,0.,-1.));
#4179=DIRECTION('',(0.,1.,0.));
#4180=DIRECTION('',(0.,-1.,0.));
#4181=DIRECTION('',(-1.,0.,0.));
#4182=DIRECTION('',(0.,0.,1.));
#4183=DIRECTION('',(1.,0.,0.));
#4184=DIRECTION('',(0.,0.,1.));
#4185=DIRECTION('',(0.,-1.,0.));
#4186=DIRECTION('',(0.,0.,1.));
#4187=DIRECTION('',(0.,0.,-1.));
#4188=DIRECTION('',(0.,1.,0.));
#4189=DIRECTION('',(-0.707106781186547,-0.707106781186548,0.));
#4190=DIRECTION('',(-0.707106781186548,0.707106781186547,0.));
#4191=DIRECTION('',(0.,0.,1.));
#4192=DIRECTION('',(0.707106781186548,-0.707106781186547,0.));
#4193=DIRECTION('',(0.,0.,1.));
#4194=DIRECTION('',(0.,-1.,0.));
#4195=DIRECTION('',(0.,0.,1.));
#4196=DIRECTION('',(0.,0.,-1.));
#4197=DIRECTION('',(0.,1.,0.));
#4198=DIRECTION('',(-1.,0.,0.));
#4199=DIRECTION('',(0.,1.,0.));
#4200=DIRECTION('',(0.,0.,1.));
#4201=DIRECTION('',(0.,-1.,0.));
#4202=DIRECTION('',(0.,0.,1.));
#4203=DIRECTION('',(0.,-1.,0.));
#4204=DIRECTION('',(0.,0.,1.));
#4205=DIRECTION('',(0.,0.,-1.));
#4206=DIRECTION('',(0.,1.,0.));
#4207=DIRECTION('',(0.,-1.,0.));
#4208=DIRECTION('',(-1.,0.,0.));
#4209=DIRECTION('',(-1.,0.,0.));
#4210=DIRECTION('',(0.,-1.,0.));
#4211=DIRECTION('',(-1.,0.,0.));
#4212=DIRECTION('',(0.,-1.,0.));
#4213=DIRECTION('',(-1.,0.,0.));
#4214=DIRECTION('',(0.,-1.,0.));
#4215=DIRECTION('',(-1.,0.,0.));
#4216=DIRECTION('',(0.,-1.,0.));
#4217=DIRECTION('',(-1.,0.,0.));
#4218=DIRECTION('',(0.,-1.,0.));
#4219=DIRECTION('',(-1.,0.,0.));
#4220=DIRECTION('',(0.,-1.,0.));
#4221=DIRECTION('',(-1.,0.,0.));
#4222=DIRECTION('',(0.,-1.,0.));
#4223=DIRECTION('',(-1.,0.,0.));
#4224=DIRECTION('',(0.,-1.,0.));
#4225=DIRECTION('',(-1.,0.,0.));
#4226=DIRECTION('',(0.,0.,1.));
#4227=DIRECTION('',(0.,-1.,0.));
#4228=DIRECTION('',(3.38647863849722E-15,0.780868809443031,0.624695047554424));
#4229=DIRECTION('',(0.,-0.624695047554423,0.780868809443031));
#4230=DIRECTION('',(-1.,0.,0.));
#4231=DIRECTION('',(0.,0.780868809443031,0.624695047554423));
#4232=DIRECTION('',(-0.624695047554424,0.,0.780868809443031));
#4233=DIRECTION('',(0.,1.,0.));
#4234=DIRECTION('',(-0.780868809443031,5.41836582159554E-15,-0.624695047554424));
#4235=DIRECTION('',(0.,0.,1.));
#4236=DIRECTION('',(0.,-1.,0.));
#4237=DIRECTION('',(0.,0.,1.));
#4238=DIRECTION('',(0.,-1.,0.));
#4239=DIRECTION('',(-0.552157630374233,0.552157630374233,-0.624695047554424));
#4240=DIRECTION('',(-0.624695047554424,0.,-0.780868809443031));
#4241=DIRECTION('',(0.,-1.,0.));
#4242=DIRECTION('',(-0.780868809443031,0.,0.624695047554424));
#4243=DIRECTION('',(0.441726104299386,-0.441726104299386,-0.780868809443031));
#4244=DIRECTION('',(0.707106781186548,0.707106781186547,0.));
#4245=DIRECTION('',(-0.552157630374228,0.552157630374238,-0.624695047554424));
#4246=DIRECTION('',(0.,0.,1.));
#4247=DIRECTION('',(0.,-1.,0.));
#4248=DIRECTION('',(-0.552157630374227,-0.552157630374238,0.624695047554424));
#4249=DIRECTION('',(0.,0.,1.));
#4250=DIRECTION('',(0.,-1.,0.));
#4251=DIRECTION('',(0.,0.780868809443031,-0.624695047554423));
#4252=DIRECTION('',(-0.441726104299386,-0.441726104299386,-0.780868809443031));
#4253=DIRECTION('',(0.707106781186548,-0.707106781186547,0.));
#4254=DIRECTION('',(-0.552157630374227,-0.552157630374239,0.624695047554423));
#4255=DIRECTION('',(0.,-0.624695047554423,-0.780868809443031));
#4256=DIRECTION('',(1.,0.,0.));
#4257=DIRECTION('',(-1.89642803755844E-14,0.780868809443031,-0.624695047554423));
#4258=DIRECTION('',(0.,0.,1.));
#4259=DIRECTION('',(0.,-1.,0.));
#4260=DIRECTION('',(0.,-1.,0.));
#4261=DIRECTION('',(-1.,0.,0.));
#4262=DIRECTION('',(0.,1.,0.));
#4263=DIRECTION('',(1.,0.,0.));
#4264=DIRECTION('',(0.,1.,0.));
#4265=DIRECTION('',(1.,0.,0.));
#4266=DIRECTION('',(0.,0.,-1.));
#4267=DIRECTION('',(0.,1.,0.));
#4268=DIRECTION('',(0.,-1.,0.));
#4269=DIRECTION('',(1.,0.,0.));
#4270=DIRECTION('',(0.,-1.,0.));
#4271=DIRECTION('',(1.,0.,0.));
#4272=DIRECTION('',(0.,-1.,0.));
#4273=DIRECTION('',(0.,0.,1.));
#4274=DIRECTION('',(1.,0.,0.));
#4275=DIRECTION('',(0.,-1.,0.));
#4276=DIRECTION('',(0.,0.,1.));
#4277=DIRECTION('',(0.,1.,0.));
#4278=DIRECTION('',(1.,0.,0.));
#4279=DIRECTION('',(0.,0.,-1.));
#4280=DIRECTION('',(0.,1.,0.));
#4281=DIRECTION('',(0.,-1.,0.));
#4282=DIRECTION('',(1.,0.,0.));
#4283=DIRECTION('',(0.,-1.,0.));
#4284=DIRECTION('',(1.,0.,0.));
#4285=DIRECTION('',(0.,-1.,0.));
#4286=DIRECTION('',(0.,-1.,0.));
#4287=DIRECTION('',(0.,0.,1.));
#4288=DIRECTION('',(0.,0.,-1.));
#4289=DIRECTION('',(0.,1.,0.));
#4290=DIRECTION('',(0.,-1.,0.));
#4291=DIRECTION('',(1.,0.,0.));
#4292=DIRECTION('',(1.,0.,0.));
#4293=DIRECTION('',(0.,-1.,0.));
#4294=DIRECTION('',(0.,0.,1.));
#4295=DIRECTION('',(0.,1.,0.));
#4296=DIRECTION('',(1.,0.,0.));
#4297=DIRECTION('',(1.,0.,-6.46785693367708E-17));
#4298=DIRECTION('',(-6.46785693367708E-17,0.,-1.));
#4299=DIRECTION('',(0.,-1.,0.));
#4300=DIRECTION('',(6.46785693367708E-17,0.,1.));
#4301=DIRECTION('',(6.46785693367708E-17,0.,1.));
#4302=DIRECTION('',(0.,-1.,0.));
#4303=DIRECTION('',(6.46785693367708E-17,0.,1.));
#4304=DIRECTION('',(0.,0.,-1.));
#4305=DIRECTION('',(0.,1.,0.));
#4306=DIRECTION('',(0.,-1.,0.));
#4307=DIRECTION('',(-1.,0.,0.));
#4308=DIRECTION('',(1.,0.,0.));
#4309=DIRECTION('',(0.,0.,-1.));
#4310=DIRECTION('',(0.,1.,0.));
#4311=DIRECTION('',(1.,0.,0.));
#4312=DIRECTION('',(0.,-1.,0.));
#4313=DIRECTION('',(1.,0.,0.));
#4314=DIRECTION('',(1.,0.,-6.46785693367708E-17));
#4315=DIRECTION('',(-6.46785693367708E-17,0.,-1.));
#4316=DIRECTION('',(-6.46785693367708E-17,0.,-1.));
#4317=DIRECTION('',(6.46785693367708E-17,0.,1.));
#4318=DIRECTION('',(0.,1.,0.));
#4319=DIRECTION('',(1.,0.,0.));
#4320=DIRECTION('',(-1.,0.,1.94035708010312E-16));
#4321=DIRECTION('',(1.94035708010312E-16,0.,1.));
#4322=DIRECTION('',(-1.94035708010312E-16,0.,-1.));
#4323=DIRECTION('',(0.,-1.,0.));
#4324=DIRECTION('',(-1.94035708010312E-16,0.,-1.));
#4325=DIRECTION('',(0.,0.,1.));
#4326=DIRECTION('',(0.,-1.,0.));
#4327=DIRECTION('',(-1.,0.,0.));
#4328=DIRECTION('',(0.,-1.,0.));
#4329=DIRECTION('',(-1.,0.,0.));
#4330=DIRECTION('',(-1.,0.,1.94035708010312E-16));
#4331=DIRECTION('',(1.94035708010312E-16,0.,1.));
#4332=DIRECTION('',(1.94035708010312E-16,0.,1.));
#4333=DIRECTION('',(-1.94035708010312E-16,0.,-1.));
#4334=DIRECTION('',(0.,1.,0.));
#4335=DIRECTION('',(1.,0.,0.));
#4336=DIRECTION('',(1.,0.,4.33315745641884E-16));
#4337=DIRECTION('',(4.33315745641884E-16,0.,-1.));
#4338=DIRECTION('',(0.,-1.,0.));
#4339=DIRECTION('',(-4.33315745641884E-16,0.,1.));
#4340=DIRECTION('',(0.,0.,1.));
#4341=DIRECTION('',(0.,-1.,0.));
#4342=DIRECTION('',(0.,-1.,0.));
#4343=DIRECTION('',(-1.,0.,0.));
#4344=DIRECTION('',(1.,0.,4.33315745641884E-16));
#4345=DIRECTION('',(4.33315745641884E-16,0.,-1.));
#4346=DIRECTION('',(-4.33315745641884E-16,0.,1.));
#4347=DIRECTION('',(0.,1.,0.));
#4348=DIRECTION('',(1.,0.,0.));
#4349=DIRECTION('',(0.,1.,0.));
#4350=DIRECTION('',(1.,0.,0.));
#4351=DIRECTION('',(0.,1.,0.));
#4352=DIRECTION('',(1.,0.,0.));
#4353=DIRECTION('',(0.,1.,0.));
#4354=DIRECTION('',(1.,0.,0.));
#4355=DIRECTION('',(0.,1.,0.));
#4356=DIRECTION('',(1.,0.,0.));
#4357=DIRECTION('',(0.,1.,0.));
#4358=DIRECTION('',(1.,0.,0.));
#4359=DIRECTION('',(0.,1.,0.));
#4360=DIRECTION('',(1.,0.,0.));
#4361=DIRECTION('',(0.,1.,0.));
#4362=DIRECTION('',(1.,0.,0.));
#4363=DIRECTION('',(0.,1.,0.));
#4364=DIRECTION('',(1.,0.,0.));
#4365=DIRECTION('',(0.,1.,0.));
#4366=DIRECTION('',(1.,0.,0.));
#4367=DIRECTION('',(0.,1.,0.));
#4368=DIRECTION('',(1.,0.,0.));
#4369=DIRECTION('',(0.,1.,0.));
#4370=DIRECTION('',(1.,0.,0.));
#4371=DIRECTION('',(0.,1.,0.));
#4372=DIRECTION('',(1.,0.,0.));
#4373=DIRECTION('',(0.,-1.,0.));
#4374=DIRECTION('',(-1.,0.,0.));
#4375=DIRECTION('',(0.,1.,0.));
#4376=DIRECTION('',(1.,0.,0.));
#4377=DIRECTION('',(0.,1.,0.));
#4378=DIRECTION('',(1.,0.,0.));
#4379=DIRECTION('',(0.,-1.,0.));
#4380=DIRECTION('',(-1.,0.,0.));
#4381=DIRECTION('',(0.,1.,0.));
#4382=DIRECTION('',(1.,0.,0.));
#4383=DIRECTION('',(0.,-1.,0.));
#4384=DIRECTION('',(0.,1.,0.));
#4385=DIRECTION('',(1.,0.,0.));
#4386=DIRECTION('',(0.,-1.,0.));
#4387=DIRECTION('',(0.,1.,0.));
#4388=DIRECTION('',(1.,0.,0.));
#4389=DIRECTION('',(1.,0.,0.));
#4390=DIRECTION('',(0.,1.,0.));
#4391=DIRECTION('',(1.,0.,0.));
#4392=DIRECTION('',(1.,0.,0.));
#4393=DIRECTION('',(0.,1.,0.));
#4394=DIRECTION('',(1.,0.,0.));
#4395=DIRECTION('',(0.,-1.,0.));
#4396=DIRECTION('',(-1.,0.,0.));
#4397=DIRECTION('',(0.,1.,0.));
#4398=DIRECTION('',(1.,0.,0.));
#4399=DIRECTION('',(0.,1.,0.));
#4400=DIRECTION('',(1.,0.,0.));
#4401=DIRECTION('',(0.,-1.,0.));
#4402=DIRECTION('',(-1.,0.,0.));
#4403=DIRECTION('',(0.,1.,0.));
#4404=DIRECTION('',(1.,0.,0.));
#4405=DIRECTION('',(0.,-1.,0.));
#4406=DIRECTION('',(0.,1.,0.));
#4407=DIRECTION('',(1.,0.,0.));
#4408=DIRECTION('',(0.,-1.,0.));
#4409=DIRECTION('',(0.,1.,0.));
#4410=DIRECTION('',(1.,0.,0.));
#4411=DIRECTION('',(1.,0.,0.));
#4412=DIRECTION('',(1.,0.,0.));
#4413=DIRECTION('',(0.,1.,0.));
#4414=DIRECTION('',(1.,0.,0.));
#4415=DIRECTION('',(0.,1.,0.));
#4416=DIRECTION('',(1.,0.,0.));
#4417=DIRECTION('',(0.,0.624695047554423,-0.780868809443031));
#4418=DIRECTION('',(-1.,0.,0.));
#4419=DIRECTION('',(0.,-0.780868809443031,-0.624695047554423));
#4420=DIRECTION('',(2.70918291079777E-15,0.780868809443031,0.624695047554423));
#4421=DIRECTION('',(0.,0.,1.));
#4422=DIRECTION('',(0.,-1.,0.));
#4423=DIRECTION('',(-0.780868809443031,0.,0.624695047554424));
#4424=DIRECTION('',(0.,0.,1.));
#4425=DIRECTION('',(0.,-1.,0.));
#4426=DIRECTION('',(-0.780868809443031,0.,-0.624695047554423));
#4427=DIRECTION('',(-0.624695047554423,0.,-0.780868809443031));
#4428=DIRECTION('',(0.,-1.,0.));
#4429=DIRECTION('',(-0.780868809443031,0.,0.624695047554423));
#4430=DIRECTION('',(-0.624695047554423,0.,0.780868809443031));
#4431=DIRECTION('',(0.,1.,0.));
#4432=DIRECTION('',(-0.780868809443031,0.,-0.624695047554423));
#4433=DIRECTION('',(0.,0.,1.));
#4434=DIRECTION('',(0.,-1.,0.));
#4435=DIRECTION('',(-2.70918291079777E-15,-0.780868809443031,0.624695047554423));
#4436=DIRECTION('',(0.,0.,1.));
#4437=DIRECTION('',(0.,-1.,0.));
#4438=DIRECTION('',(2.70918291079777E-15,0.780868809443031,-0.624695047554423));
#4439=DIRECTION('',(-2.04466634777193E-15,-0.624695047554423,-0.780868809443031));
#4440=DIRECTION('',(1.,-3.27306316222044E-15,0.));
#4441=DIRECTION('',(4.44089209850062E-16,-1.,8.32667268468869E-17));
#4442=DIRECTION('',(-1.,4.44089209850062E-16,9.62771529167119E-17));
#4443=DIRECTION('',(-1.,-4.44089209850062E-16,0.));
#4444=DIRECTION('',(1.25010782773766E-16,-8.32667268468868E-17,-1.));
#4445=DIRECTION('',(-1.,-4.44089209850062E-16,0.));
#4446=DIRECTION('',(0.,-8.32667268468869E-17,-1.));
#4447=DIRECTION('',(1.,0.,0.));
#4448=DIRECTION('',(0.,-1.,0.));
#4449=DIRECTION('',(0.,-1.,0.));
#4450=DIRECTION('',(0.,0.,-1.));
#4451=DIRECTION('',(0.,1.,0.));
#4452=DIRECTION('',(0.,-1.,0.));
#4453=DIRECTION('',(1.,0.,1.25010782773766E-16));
#4454=DIRECTION('',(1.25010782773766E-16,0.,-1.));
#4455=DIRECTION('',(0.,-1.,0.));
#4456=DIRECTION('',(0.,0.,-1.));
#4457=DIRECTION('',(0.,1.,0.));
#4458=DIRECTION('',(0.,0.,-1.));
#4459=DIRECTION('',(0.,1.,0.));
#4460=DIRECTION('',(0.,0.,-1.));
#4461=DIRECTION('',(0.,1.,0.));
#4462=DIRECTION('',(-2.4093381610789E-16,0.,-1.));
#4463=DIRECTION('',(-1.,0.,2.4093381610789E-16));
#4464=DIRECTION('',(-2.4093381610789E-16,0.,-1.));
#4465=DIRECTION('',(2.4093381610789E-16,0.,1.));
#4466=DIRECTION('',(1.,0.,-2.4093381610789E-16));
#4467=DIRECTION('',(0.,-1.,0.));
#4468=DIRECTION('',(-1.,0.,0.));
#4469=DIRECTION('',(-2.4093381610789E-16,0.,-1.));
#4470=DIRECTION('',(-1.,0.,2.4093381610789E-16));
#4471=DIRECTION('',(1.,0.,-2.4093381610789E-16));
#4472=DIRECTION('',(-2.4093381610789E-16,0.,-1.));
#4473=DIRECTION('',(0.,-1.,0.));
#4474=DIRECTION('',(2.4093381610789E-16,0.,1.));
#4475=DIRECTION('',(1.,0.,-2.4093381610789E-16));
#4476=DIRECTION('',(0.,1.,0.));
#4477=DIRECTION('',(1.,0.,0.));
#4478=DIRECTION('',(-2.4093381610789E-16,0.,-1.));
#4479=DIRECTION('',(1.,0.,-2.4093381610789E-16));
#4480=DIRECTION('',(-2.4093381610789E-16,0.,-1.));
#4481=DIRECTION('',(-2.4093381610789E-16,0.,-1.));
#4482=DIRECTION('',(-1.,0.,2.4093381610789E-16));
#4483=DIRECTION('',(-2.4093381610789E-16,0.,-1.));
#4484=DIRECTION('',(1.,0.,-2.4093381610789E-16));
#4485=DIRECTION('',(1.,0.,-2.4093381610789E-16));
#4486=DIRECTION('',(-2.4093381610789E-16,0.,-1.));
#4487=DIRECTION('',(0.,-1.,0.));
#4488=DIRECTION('',(2.4093381610789E-16,0.,1.));
#4489=DIRECTION('',(1.,0.,-2.4093381610789E-16));
#4490=DIRECTION('',(0.,1.,0.));
#4491=DIRECTION('',(1.,0.,0.));
#4492=DIRECTION('',(-2.4093381610789E-16,0.,-1.));
#4493=DIRECTION('',(1.,0.,-2.4093381610789E-16));
#4494=DIRECTION('',(-2.4093381610789E-16,0.,-1.));
#4495=DIRECTION('',(-2.4093381610789E-16,0.,-1.));
#4496=DIRECTION('',(-1.,0.,2.4093381610789E-16));
#4497=DIRECTION('',(-2.4093381610789E-16,0.,-1.));
#4498=DIRECTION('',(1.,0.,-2.4093381610789E-16));
#4499=DIRECTION('',(1.,0.,-2.4093381610789E-16));
#4500=DIRECTION('',(-2.4093381610789E-16,0.,-1.));
#4501=DIRECTION('',(0.,-1.,0.));
#4502=DIRECTION('',(2.4093381610789E-16,0.,1.));
#4503=DIRECTION('',(1.,0.,-2.4093381610789E-16));
#4504=DIRECTION('',(-2.4093381610789E-16,0.,-1.));
#4505=DIRECTION('',(-1.,0.,2.4093381610789E-16));
#4506=DIRECTION('',(-2.4093381610789E-16,0.,-1.));
#4507=DIRECTION('',(2.4093381610789E-16,0.,1.));
#4508=DIRECTION('',(1.,0.,-2.4093381610789E-16));
#4509=DIRECTION('',(0.,-1.,0.));
#4510=DIRECTION('',(-1.,0.,0.));
#4511=DIRECTION('',(-2.4093381610789E-16,0.,-1.));
#4512=DIRECTION('',(-1.,0.,2.4093381610789E-16));
#4513=DIRECTION('',(1.,0.,-2.4093381610789E-16));
#4514=DIRECTION('',(-2.4093381610789E-16,0.,-1.));
#4515=DIRECTION('',(0.,-1.,0.));
#4516=DIRECTION('',(2.4093381610789E-16,0.,1.));
#4517=DIRECTION('',(1.,0.,-2.4093381610789E-16));
#4518=DIRECTION('',(0.,-1.,0.));
#4519=DIRECTION('',(-1.,0.,0.));
#4520=DIRECTION('',(0.,-1.,0.));
#4521=DIRECTION('',(0.,1.,0.));
#4522=DIRECTION('',(1.,0.,0.));
#4523=DIRECTION('',(0.,-1.,0.));
#4524=DIRECTION('',(0.,0.,-1.));
#4525=DIRECTION('',(0.,1.,0.));
#4526=DIRECTION('',(1.,0.,0.));
#4527=DIRECTION('',(0.,0.,-1.));
#4528=DIRECTION('',(0.,1.,0.));
#4529=DIRECTION('',(1.,0.,0.));
#4530=DIRECTION('',(0.,1.,0.));
#4531=DIRECTION('',(1.,0.,0.));
#4532=DIRECTION('',(0.,0.,-1.));
#4533=DIRECTION('',(0.,1.,0.));
#4534=DIRECTION('',(0.,-1.,0.));
#4535=DIRECTION('',(1.,0.,0.));
#4536=DIRECTION('',(0.,-1.,0.));
#4537=DIRECTION('',(-1.,0.,0.));
#4538=DIRECTION('',(0.,-1.,0.));
#4539=DIRECTION('',(0.,1.,0.));
#4540=DIRECTION('',(1.,0.,0.));
#4541=DIRECTION('',(0.,0.,-1.));
#4542=DIRECTION('',(0.,1.,0.));
#4543=DIRECTION('',(1.,0.,0.));
#4544=DIRECTION('',(0.,1.,0.));
#4545=DIRECTION('',(1.,0.,0.));
#4546=DIRECTION('',(0.,0.707106781186548,-0.707106781186547));
#4547=DIRECTION('',(-1.,0.,0.));
#4548=DIRECTION('',(-0.577350269189625,-0.577350269189626,-0.577350269189626));
#4549=DIRECTION('',(0.577350269189625,-0.577350269189626,-0.577350269189626));
#4550=DIRECTION('',(0.707106781186548,0.707106781186547,-4.5734654975475E-17));
#4551=DIRECTION('',(-6.46785693367708E-17,0.,-1.));
#4552=DIRECTION('',(-0.577350269189626,0.577350269189626,-0.577350269189626));
#4553=DIRECTION('',(0.,-0.707106781186548,-0.707106781186548));
#4554=DIRECTION('',(1.,0.,0.));
#4555=DIRECTION('',(-0.577350269189626,-0.577350269189626,0.577350269189626));
#4556=DIRECTION('',(0.707106781186548,-0.707106781186548,-4.5734654975475E-17));
#4557=DIRECTION('',(6.46785693367708E-17,0.,1.));
#4558=DIRECTION('',(-0.707106781186548,-0.707106781186548,1.37203964926425E-16));
#4559=DIRECTION('',(-1.94035708010312E-16,0.,-1.));
#4560=DIRECTION('',(-0.577350269189626,0.577350269189626,0.577350269189626));
#4561=DIRECTION('',(0.,-0.707106781186548,0.707106781186547));
#4562=DIRECTION('',(-1.,0.,0.));
#4563=DIRECTION('',(-0.577350269189626,-0.577350269189626,-0.577350269189626));
#4564=DIRECTION('',(-0.707106781186548,0.707106781186548,1.37203964926425E-16));
#4565=DIRECTION('',(1.94035708010312E-16,0.,1.));
#4566=DIRECTION('',(0.707106781186548,-0.707106781186548,-4.5734654975475E-17));
#4567=DIRECTION('',(6.46785693367708E-17,0.,1.));
#4568=CARTESIAN_POINT('',(0.,0.,0.));
#4569=CARTESIAN_POINT('',(0.,-0.227817621135331,-0.0451));
#4570=CARTESIAN_POINT('',(0.0372705787124403,0.0091,-0.0451));
#4571=CARTESIAN_POINT('',(0.0412705787124402,0.0091,-0.0451));
#4572=CARTESIAN_POINT('',(-0.0372705787124403,0.0091,-0.0451));
#4573=CARTESIAN_POINT('',(-0.0332705787124403,0.0091,-0.0451));
#4574=CARTESIAN_POINT('',(-0.0436,-0.227817621135331,-0.0451));
#4575=CARTESIAN_POINT('',(-0.0436,0.029,-0.0451));
#4576=CARTESIAN_POINT('',(-0.0436,0.00342651551825645,-0.0451));
#4577=CARTESIAN_POINT('',(-0.0372705787124403,0.0091,-0.0451));
#4578=CARTESIAN_POINT('',(-0.0431900381472197,0.003,-0.0451));
#4579=CARTESIAN_POINT('',(0.,0.003,-0.0451));
#4580=CARTESIAN_POINT('',(-0.0313511192776607,0.003,-0.0451));
#4581=CARTESIAN_POINT('',(-0.0372705787124403,0.0091,-0.0451));
#4582=CARTESIAN_POINT('',(-0.0293705787124402,0.00596312257172835,-0.0451));
#4583=CARTESIAN_POINT('',(-0.0290705787124402,0.00596312257172835,-0.0451));
#4584=CARTESIAN_POINT('',(-0.0287705787124402,0.00596312257172835,-0.0451));
#4585=CARTESIAN_POINT('',(-0.0287705787124402,0.00448156128586417,-0.0451));
#4586=CARTESIAN_POINT('',(-0.0287705787124402,0.003,-0.0451));
#4587=CARTESIAN_POINT('',(0.,0.003,-0.0451));
#4588=CARTESIAN_POINT('',(0.0287705787124403,0.003,-0.0451));
#4589=CARTESIAN_POINT('',(0.0287705787124403,0.00448156128586418,-0.0451));
#4590=CARTESIAN_POINT('',(0.0287705787124403,0.00596312257172836,-0.0451));
#4591=CARTESIAN_POINT('',(0.0290705787124402,0.00596312257172836,-0.0451));
#4592=CARTESIAN_POINT('',(0.0293705787124403,0.00596312257172835,-0.0451));
#4593=CARTESIAN_POINT('',(0.0372705787124403,0.0091,-0.0451));
#4594=CARTESIAN_POINT('',(0.0313511192776608,0.003,-0.0451));
#4595=CARTESIAN_POINT('',(0.,0.003,-0.0451));
#4596=CARTESIAN_POINT('',(0.0431900381472198,0.003,-0.0451));
#4597=CARTESIAN_POINT('',(0.0372705787124403,0.0091,-0.0451));
#4598=CARTESIAN_POINT('',(0.0436,0.00342651551825641,-0.0451));
#4599=CARTESIAN_POINT('',(0.0436,0.029,-0.0451));
#4600=CARTESIAN_POINT('',(0.0436,0.029,-0.0451));
#4601=CARTESIAN_POINT('',(0.,0.029,-0.0451));
#4602=CARTESIAN_POINT('',(0.0436,-0.227817621135331,-0.0311));
#4603=CARTESIAN_POINT('',(0.0451705787124402,0.00596312257172836,-0.0450116240068523));
#4604=CARTESIAN_POINT('',(0.0447979219079425,0.00502461323470464,-0.0450536957911315));
#4605=CARTESIAN_POINT('',(0.0442748472423039,0.00417938485543954,-0.0451));
#4606=CARTESIAN_POINT('',(0.0436,0.00342651551825641,-0.0451));
#4607=CARTESIAN_POINT('',(0.0451705787124402,0.00596312257172836,-0.0450116240068523));
#4608=CARTESIAN_POINT('',(0.0436,0.00596312257172835,-0.0311));
#4609=CARTESIAN_POINT('',(0.0457705787124402,0.00596312257172836,-0.0449307117695765));
#4610=CARTESIAN_POINT('',(0.0457705787124402,-0.227817621135331,-0.0449307117695765));
#4611=CARTESIAN_POINT('',(0.0457705787124402,0.003,-0.0449307117695765));
#4612=CARTESIAN_POINT('',(0.0436,0.003,-0.0311));
#4613=CARTESIAN_POINT('',(0.0576,0.003,-0.0311));
#4614=CARTESIAN_POINT('',(0.0576,0.003,-0.0311));
#4615=CARTESIAN_POINT('',(0.0576,0.029,-0.0311));
#4616=CARTESIAN_POINT('',(0.0436,0.029,-0.0311));
#4617=CARTESIAN_POINT('',(0.,-0.227817621135331,0.0451));
#4618=CARTESIAN_POINT('',(-0.00718511267401085,0.0209117952875164,0.0451));
#4619=CARTESIAN_POINT('',(-0.00668511267401086,0.0209117952875164,0.0451));
#4620=CARTESIAN_POINT('',(-0.00683155928341758,0.0205582418969231,0.0451));
#4621=CARTESIAN_POINT('',(-0.00668511267401085,0.0211026793892059,0.0451));
#4622=CARTESIAN_POINT('',(-0.00668511267401085,0.0212935634908955,0.0451));
#4623=CARTESIAN_POINT('',(-0.00825317518172806,0.0207895542509018,0.0451));
#4624=CARTESIAN_POINT('',(-0.00825317518172805,0.0224366259986126,0.0451));
#4625=CARTESIAN_POINT('',(-0.0109101126740108,0.0224366259986126,0.0451));
#4626=CARTESIAN_POINT('',(-0.0135670501662936,0.0224366259986126,0.0451));
#4627=CARTESIAN_POINT('',(-0.0135670501662936,0.0207895542509018,0.0451));
#4628=CARTESIAN_POINT('',(-0.0151351126740109,0.0212935634908955,0.0451));
#4629=CARTESIAN_POINT('',(-0.0151351126740109,0.0211026793892059,0.0451));
#4630=CARTESIAN_POINT('',(-0.0151351126740109,0.0209117952875164,0.0451));
#4631=CARTESIAN_POINT('',(-0.0146351126740109,0.0209117952875164,0.0451));
#4632=CARTESIAN_POINT('',(-0.0149886660646041,0.0205582418969231,0.0451));
#4633=CARTESIAN_POINT('',(-0.0143010814201522,0.0198706572524712,0.0451));
#4634=CARTESIAN_POINT('',(-0.0136134967757004,0.0191830726080193,0.0451));
#4635=CARTESIAN_POINT('',(-0.0132599433851071,0.0195366259986126,0.0451));
#4636=CARTESIAN_POINT('',(-0.0132599433851071,0.0190366259986126,0.0451));
#4637=CARTESIAN_POINT('',(-0.0109101126740108,0.0190366259986126,0.0451));
#4638=CARTESIAN_POINT('',(-0.0085602819629146,0.0190366259986126,0.0451));
#4639=CARTESIAN_POINT('',(-0.0085602819629146,0.0195366259986126,0.0451));
#4640=CARTESIAN_POINT('',(-0.00820672857232133,0.0191830726080193,0.0451));
#4641=CARTESIAN_POINT('',(-0.00751914392786945,0.0198706572524712,0.0451));
#4642=CARTESIAN_POINT('',(0.00393354192078109,0.014,0.0451));
#4643=CARTESIAN_POINT('',(0.00393354192078109,0.014,0.0451));
#4644=CARTESIAN_POINT('',(0.00393354192078109,0.0045,0.0451));
#4645=CARTESIAN_POINT('',(0.00243354192078109,0.003,0.0451));
#4646=CARTESIAN_POINT('',(0.00243354192078109,0.003,0.0451));
#4647=CARTESIAN_POINT('',(0.,0.003,0.0451));
#4648=CARTESIAN_POINT('',(-0.00990189956873655,0.003,0.0451));
#4649=CARTESIAN_POINT('',(-0.00990189956873655,0.005,0.0451));
#4650=CARTESIAN_POINT('',(-0.00990189956873655,0.005,0.0451));
#4651=CARTESIAN_POINT('',(0.,0.005,0.0451));
#4652=CARTESIAN_POINT('',(-0.0139018995687365,0.005,0.0451));
#4653=CARTESIAN_POINT('',(-0.0139018995687365,0.005,0.0451));
#4654=CARTESIAN_POINT('',(-0.0139018995687365,0.003,0.0451));
#4655=CARTESIAN_POINT('',(0.,0.003,0.0451));
#4656=CARTESIAN_POINT('',(-0.0436,0.003,0.0451));
#4657=CARTESIAN_POINT('',(-0.0436,0.029,0.0451));
#4658=CARTESIAN_POINT('',(-0.0436,0.029,0.0451));
#4659=CARTESIAN_POINT('',(0.,0.029,0.0451));
#4660=CARTESIAN_POINT('',(0.0436,0.029,0.0451));
#4661=CARTESIAN_POINT('',(0.0436,-0.227817621135331,0.0451));
#4662=CARTESIAN_POINT('',(0.0436,0.003,0.0451));
#4663=CARTESIAN_POINT('',(0.,0.003,0.0451));
#4664=CARTESIAN_POINT('',(0.0317122646797025,0.003,0.0451));
#4665=CARTESIAN_POINT('',(0.0317122646797025,0.262717621135332,0.0451));
#4666=CARTESIAN_POINT('',(0.0317122646797025,0.00703,0.0451));
#4667=CARTESIAN_POINT('',(0.0309122646797027,0.00703,0.0451));
#4668=CARTESIAN_POINT('',(0.0314035132877186,0.00703,0.0451));
#4669=CARTESIAN_POINT('',(0.0308422646797025,0.008555,0.0451));
#4670=CARTESIAN_POINT('',(0.0324672646797025,0.008555,0.0451));
#4671=CARTESIAN_POINT('',(0.0324672646797025,0.01169,0.0451));
#4672=CARTESIAN_POINT('',(0.0324672646797025,0.014825,0.0451));
#4673=CARTESIAN_POINT('',(0.0308422646797025,0.014825,0.0451));
#4674=CARTESIAN_POINT('',(0.0308422646797025,0.01645,0.0451));
#4675=CARTESIAN_POINT('',(0.0305772646797026,0.01645,0.0451));
#4676=CARTESIAN_POINT('',(0.0303122646797025,0.01645,0.0451));
#4677=CARTESIAN_POINT('',(0.0303122646797025,0.014825,0.0451));
#4678=CARTESIAN_POINT('',(0.0286872646797025,0.014825,0.0451));
#4679=CARTESIAN_POINT('',(0.0286872646797025,0.01169,0.0451));
#4680=CARTESIAN_POINT('',(0.0286872646797026,0.008555,0.0451));
#4681=CARTESIAN_POINT('',(0.0303122646797025,0.008555,0.0451));
#4682=CARTESIAN_POINT('',(0.0301122646797025,0.00694235465771298,0.0451));
#4683=CARTESIAN_POINT('',(0.0301122646797025,0.262717621135332,0.0451));
#4684=CARTESIAN_POINT('',(0.0301122646797025,0.003,0.0451));
#4685=CARTESIAN_POINT('',(0.,0.003,0.0451));
#4686=CARTESIAN_POINT('',(0.0279122646797025,0.003,0.0451));
#4687=CARTESIAN_POINT('',(0.0279122646797025,0.014,0.0451));
#4688=CARTESIAN_POINT('',(0.0279122646797025,0.014,0.0451));
#4689=CARTESIAN_POINT('',(0.0271729033002418,0.014,0.0451));
#4690=CARTESIAN_POINT('',(0.0264335419207811,0.014,0.0451));
#4691=CARTESIAN_POINT('',(0.0264335419207811,0.014,0.0451));
#4692=CARTESIAN_POINT('',(0.0264335419207811,0.003,0.0451));
#4693=CARTESIAN_POINT('',(0.,0.003,0.0451));
#4694=CARTESIAN_POINT('',(0.00663354192078109,0.003,0.0451));
#4695=CARTESIAN_POINT('',(0.00513354192078109,0.0045,0.0451));
#4696=CARTESIAN_POINT('',(0.00513354192078109,0.0045,0.0451));
#4697=CARTESIAN_POINT('',(0.00513354192078109,0.014,0.0451));
#4698=CARTESIAN_POINT('',(0.00513354192078109,0.014,0.0451));
#4699=CARTESIAN_POINT('',(0.00453354192078109,0.014,0.0451));
#4700=CARTESIAN_POINT('',(0.,0.003,0.));
#4701=CARTESIAN_POINT('',(0.00243354192078108,0.003,0.0182793159037828));
#4702=CARTESIAN_POINT('',(0.00243354192078108,0.003,0.0167793159037829));
#4703=CARTESIAN_POINT('',(0.,0.003,0.0167793159037829));
#4704=CARTESIAN_POINT('',(0.00663354192078109,0.003,0.0167793159037829));
#4705=CARTESIAN_POINT('',(0.00663354192078108,0.003,-1.28714400321484E-18));
#4706=CARTESIAN_POINT('',(0.0264335419207811,0.003,0.0290865179751813));
#4707=CARTESIAN_POINT('',(0.0264335419207812,0.003,0.0130730359503626));
#4708=CARTESIAN_POINT('',(0.0271729033002418,0.003,0.0130730359503626));
#4709=CARTESIAN_POINT('',(0.0279122646797025,0.003,0.0130730359503626));
#4710=CARTESIAN_POINT('',(0.0279122646797025,0.003,0.0290865179751813));
#4711=CARTESIAN_POINT('',(0.0301122646797025,0.003,0.031223409217298));
#4712=CARTESIAN_POINT('',(0.0301122646797025,0.003,0.0173468184345959));
#4713=CARTESIAN_POINT('',(0.0309122646797025,0.003,0.0173468184345959));
#4714=CARTESIAN_POINT('',(0.0317122646797025,0.003,0.0173468184345959));
#4715=CARTESIAN_POINT('',(0.0317122646797025,0.003,0.031223409217298));
#4716=CARTESIAN_POINT('',(0.0436,0.003,0.0311));
#4717=CARTESIAN_POINT('',(0.0576,0.003,0.0311));
#4718=CARTESIAN_POINT('',(0.0576,0.003,0.));
#4719=CARTESIAN_POINT('',(0.0457705787124402,0.003,-0.0401));
#4720=CARTESIAN_POINT('',(0.0457705787124402,0.003,-0.0401));
#4721=CARTESIAN_POINT('',(0.04448030842983,0.003,-0.0401));
#4722=CARTESIAN_POINT('',(0.0431900381472198,0.003,-0.0401));
#4723=CARTESIAN_POINT('',(0.0431900381472198,0.003,-0.0401));
#4724=CARTESIAN_POINT('',(0.0313511192776608,0.003,-0.0401));
#4725=CARTESIAN_POINT('',(0.0313511192776608,0.003,-0.0401));
#4726=CARTESIAN_POINT('',(1.20466908053945E-18,0.003,-0.0401));
#4727=CARTESIAN_POINT('',(0.0287705787124403,0.003,-0.0401));
#4728=CARTESIAN_POINT('',(0.0287705787124403,0.003,-0.0401));
#4729=CARTESIAN_POINT('',(-0.0287705787124402,0.003,-0.0401));
#4730=CARTESIAN_POINT('',(-0.0287705787124402,0.003,-0.0401));
#4731=CARTESIAN_POINT('',(1.20466908053945E-18,0.003,-0.0401));
#4732=CARTESIAN_POINT('',(-0.0313511192776607,0.003,-0.0401));
#4733=CARTESIAN_POINT('',(-0.0313511192776607,0.003,-0.0401));
#4734=CARTESIAN_POINT('',(-0.0431900381472197,0.003,-0.0401));
#4735=CARTESIAN_POINT('',(-0.0431900381472197,0.003,-0.0401));
#4736=CARTESIAN_POINT('',(-0.04448030842983,0.003,-0.0401));
#4737=CARTESIAN_POINT('',(-0.0457705787124402,0.003,-0.0401));
#4738=CARTESIAN_POINT('',(-0.0457705787124402,0.003,-0.0401));
#4739=CARTESIAN_POINT('',(-0.0457705787124402,0.003,-0.0449307117695765));
#4740=CARTESIAN_POINT('',(-0.0436,0.003,-0.0311));
#4741=CARTESIAN_POINT('',(-0.0576,0.003,-0.0311));
#4742=CARTESIAN_POINT('',(-0.0576,0.003,0.));
#4743=CARTESIAN_POINT('',(-0.0576,0.003,0.0311));
#4744=CARTESIAN_POINT('',(-0.0436,0.003,0.0311));
#4745=CARTESIAN_POINT('',(-0.0139018995687365,0.003,0.0437));
#4746=CARTESIAN_POINT('',(-0.0139018995687365,0.003,0.0423));
#4747=CARTESIAN_POINT('',(-0.0119018995687365,0.003,0.0423));
#4748=CARTESIAN_POINT('',(-0.00990189956873655,0.003,0.0423));
#4749=CARTESIAN_POINT('',(-0.00990189956873655,0.003,0.0437));
#4750=CARTESIAN_POINT('',(-0.0453360974788665,0.003,0.0125846378505228));
#4751=CARTESIAN_POINT('',(-0.0353360974788665,0.003,0.0125846378505228));
#4752=CARTESIAN_POINT('',(0.0453360974788667,0.003,0.0125846378505228));
#4753=CARTESIAN_POINT('',(0.0553360974788667,0.003,0.0125846378505228));
#4754=CARTESIAN_POINT('',(0.00143354192078108,0.003,-0.0266414528131484));
#4755=CARTESIAN_POINT('',(0.00248489108752614,0.003,-0.0290194067507983));
#4756=CARTESIAN_POINT('',(0.00243354192078108,0.003,-0.0242414528131484));
#4757=CARTESIAN_POINT('',(0.00513354192078108,0.003,-0.0290194067507983));
#4758=CARTESIAN_POINT('',(0.00663354192078108,0.003,-0.0290194067507983));
#4759=CARTESIAN_POINT('',(0.00663354192078108,0.003,-0.000698722654581069));
#4760=CARTESIAN_POINT('',(0.00663354192078108,0.003,0.000801277345418931));
#4761=CARTESIAN_POINT('',(0.,0.003,0.000801277345418931));
#4762=CARTESIAN_POINT('',(0.00243354192078108,0.003,0.000801277345418931));
#4763=CARTESIAN_POINT('',(0.00243354192078108,0.003,-1.57398009857177E-19));
#4764=CARTESIAN_POINT('',(0.0157335419207811,0.003,0.0201));
#4765=CARTESIAN_POINT('',(0.0117335419207811,0.003,0.0201));
#4766=CARTESIAN_POINT('',(0.0197335419207811,0.003,0.0201));
#4767=CARTESIAN_POINT('',(0.0197335419207811,0.003,0.0241));
#4768=CARTESIAN_POINT('',(0.0197335419207811,0.003,0.0281));
#4769=CARTESIAN_POINT('',(0.0157335419207811,0.003,0.0281));
#4770=CARTESIAN_POINT('',(0.0117335419207811,0.003,0.0281));
#4771=CARTESIAN_POINT('',(0.0117335419207811,0.003,0.0241));
#4772=CARTESIAN_POINT('',(0.0157335419207811,0.003,0.0041));
#4773=CARTESIAN_POINT('',(0.0197335419207811,0.003,0.0041));
#4774=CARTESIAN_POINT('',(0.0157335419207811,0.003,-0.0199));
#4775=CARTESIAN_POINT('',(0.0117335419207811,0.003,-0.0199));
#4776=CARTESIAN_POINT('',(0.0197335419207811,0.003,-0.0199));
#4777=CARTESIAN_POINT('',(0.0197335419207811,0.003,-0.0159));
#4778=CARTESIAN_POINT('',(0.0197335419207811,0.003,-0.0119));
#4779=CARTESIAN_POINT('',(0.0157335419207811,0.003,-0.0119));
#4780=CARTESIAN_POINT('',(0.0117335419207811,0.003,-0.0119));
#4781=CARTESIAN_POINT('',(0.0117335419207811,0.003,-0.0159));
#4782=CARTESIAN_POINT('',(-0.04875,0.003,-0.0345000000000007));
#4783=CARTESIAN_POINT('',(-0.04475,0.003,-0.0345000000000007));
#4784=CARTESIAN_POINT('',(-0.04875,0.003,-0.0079999999999996));
#4785=CARTESIAN_POINT('',(-0.04475,0.003,-0.0079999999999996));
#4786=CARTESIAN_POINT('',(-0.0282499999999994,0.003,-0.0345000000000007));
#4787=CARTESIAN_POINT('',(-0.0242499999999994,0.003,-0.0345000000000007));
#4788=CARTESIAN_POINT('',(-0.0282499999999994,0.003,-0.00799999999999959));
#4789=CARTESIAN_POINT('',(-0.0242499999999994,0.003,-0.00799999999999959));
#4790=CARTESIAN_POINT('',(0.05075,0.003,-0.0345));
#4791=CARTESIAN_POINT('',(0.05475,0.003,-0.0345));
#4792=CARTESIAN_POINT('',(0.03025,0.003,-0.0345));
#4793=CARTESIAN_POINT('',(0.03425,0.003,-0.0345));
#4794=CARTESIAN_POINT('',(0.03025,0.003,-0.00800000000000015));
#4795=CARTESIAN_POINT('',(0.03425,0.003,-0.00800000000000015));
#4796=CARTESIAN_POINT('',(0.05075,0.003,-0.00800000000000014));
#4797=CARTESIAN_POINT('',(0.05475,0.003,-0.00800000000000014));
#4798=CARTESIAN_POINT('',(-0.0190419349174397,0.003,-0.0281153834462166));
#4799=CARTESIAN_POINT('',(-0.0210419349174398,0.003,-0.0281153834462166));
#4800=CARTESIAN_POINT('',(-0.0170419349174398,0.003,-0.0281153834462166));
#4801=CARTESIAN_POINT('',(-0.0170419349174398,0.003,-0.0267153834462166));
#4802=CARTESIAN_POINT('',(-0.0170419349174398,0.003,-0.0253153834462166));
#4803=CARTESIAN_POINT('',(-0.0190419349174397,0.003,-0.0253153834462166));
#4804=CARTESIAN_POINT('',(-0.0210419349174398,0.003,-0.0253153834462166));
#4805=CARTESIAN_POINT('',(-0.0210419349174398,0.003,-0.0267153834462166));
#4806=CARTESIAN_POINT('',(0.00143354192078108,0.005,-0.0266414528131484));
#4807=CARTESIAN_POINT('',(0.00143354192078108,0.002,-0.0266414528131484));
#4808=CARTESIAN_POINT('',(0.00393354192078108,0.0045,-0.0273555956560027));
#4809=CARTESIAN_POINT('',(0.00384871225144495,0.00441517033066387,-0.0276042364201343));
#4810=CARTESIAN_POINT('',(0.00143354192078108,0.00537795393764986,-0.0266414528131484));
#4811=CARTESIAN_POINT('',(0.00143354192078108,0.002,-0.0266414528131484));
#4812=CARTESIAN_POINT('',(0.00393354192078108,0.0045,-0.0259273099702941));
#4813=CARTESIAN_POINT('',(0.00393354192078108,0.005,-0.0259273099702941));
#4814=CARTESIAN_POINT('',(0.00393354192078108,0.005,-0.0259273099702941));
#4815=CARTESIAN_POINT('',(0.00143354192078108,0.005,-0.0266414528131484));
#4816=CARTESIAN_POINT('',(0.00393354192078108,0.005,-0.0273555956560027));
#4817=CARTESIAN_POINT('',(0.00393354192078108,0.005,-0.0273555956560027));
#4818=CARTESIAN_POINT('',(0.,0.005,1.38777878078145E-17));
#4819=CARTESIAN_POINT('',(0.00143354192078108,0.005,-0.0266414528131484));
#4820=CARTESIAN_POINT('',(0.00257354192078108,0.005,-0.0266414528131484));
#4821=CARTESIAN_POINT('',(0.00393354192078109,0.005,1.36233719439521E-17));
#4822=CARTESIAN_POINT('',(0.,0.,0.));
#4823=CARTESIAN_POINT('',(-0.054,0.,-0.0415));
#4824=CARTESIAN_POINT('',(-0.054,0.,-0.0465));
#4825=CARTESIAN_POINT('',(-0.059,0.,-0.0415));
#4826=CARTESIAN_POINT('',(0.06,0.,-0.0465));
#4827=CARTESIAN_POINT('',(0.054,0.,-0.0465));
#4828=CARTESIAN_POINT('',(0.054,0.,-0.0415));
#4829=CARTESIAN_POINT('',(0.059,0.,-0.0415));
#4830=CARTESIAN_POINT('',(0.059,0.,0.0475));
#4831=CARTESIAN_POINT('',(0.059,0.,0.0415));
#4832=CARTESIAN_POINT('',(0.054,0.,0.0415));
#4833=CARTESIAN_POINT('',(0.054,0.,0.0465));
#4834=CARTESIAN_POINT('',(0.,0.,0.0465));
#4835=CARTESIAN_POINT('',(-0.054,0.,0.0465));
#4836=CARTESIAN_POINT('',(-0.054,0.,0.0415));
#4837=CARTESIAN_POINT('',(-0.059,0.,0.0415));
#4838=CARTESIAN_POINT('',(-0.059,0.,4.3094183192687E-18));
#4839=CARTESIAN_POINT('',(3.46944695195361E-18,0.029,-0.0475));
#4840=CARTESIAN_POINT('',(0.0372705787124403,0.0091,-0.0475));
#4841=CARTESIAN_POINT('',(0.0372705787124403,0.0131,-0.0475));
#4842=CARTESIAN_POINT('',(-0.0372705787124403,0.0091,-0.0475));
#4843=CARTESIAN_POINT('',(-0.0372705787124403,0.0131,-0.0475));
#4844=CARTESIAN_POINT('',(3.46944695195361E-18,0.029,-0.0475));
#4845=CARTESIAN_POINT('',(-0.054,0.029,-0.0475));
#4846=CARTESIAN_POINT('',(0.054,0.029,-0.0475));
#4847=CARTESIAN_POINT('',(0.054,0.029,-0.0475));
#4848=CARTESIAN_POINT('',(0.054,0.001,-0.0475));
#4849=CARTESIAN_POINT('',(-0.06,0.001,-0.0475));
#4850=CARTESIAN_POINT('',(-0.054,0.001,-0.0475));
#4851=CARTESIAN_POINT('',(-0.054,0.029,-0.0475));
#4852=CARTESIAN_POINT('',(-0.06,0.029,0.));
#4853=CARTESIAN_POINT('',(-0.06,0.001,0.));
#4854=CARTESIAN_POINT('',(-0.06,0.001,-0.0415));
#4855=CARTESIAN_POINT('',(-0.06,0.001,0.0415));
#4856=CARTESIAN_POINT('',(-0.06,0.029,0.0415));
#4857=CARTESIAN_POINT('',(-0.06,0.029,0.0415));
#4858=CARTESIAN_POINT('',(-0.06,0.029,0.));
#4859=CARTESIAN_POINT('',(-0.06,0.029,-0.0415));
#4860=CARTESIAN_POINT('',(-0.06,0.001,-0.0415));
#4861=CARTESIAN_POINT('',(3.46944695195361E-18,0.029,0.0475));
#4862=CARTESIAN_POINT('',(0.0308422646797025,0.008555,0.0475));
#4863=CARTESIAN_POINT('',(0.0344672646797025,0.008555,0.0475));
#4864=CARTESIAN_POINT('',(0.0308422646797025,0.00493,0.0475));
#4865=CARTESIAN_POINT('',(-7.53131833626921E-17,0.00493000000000009,0.0475));
#4866=CARTESIAN_POINT('',(0.0303122646797025,0.00493,0.0475));
#4867=CARTESIAN_POINT('',(0.0303122646797025,0.008555,0.0475));
#4868=CARTESIAN_POINT('',(0.0266872646797025,0.008555,0.0475));
#4869=CARTESIAN_POINT('',(0.0266872646797025,0.029,0.0475));
#4870=CARTESIAN_POINT('',(0.0266872646797025,0.014825,0.0475));
#4871=CARTESIAN_POINT('',(0.0303122646797025,0.014825,0.0475));
#4872=CARTESIAN_POINT('',(0.0303122646797025,0.01845,0.0475));
#4873=CARTESIAN_POINT('',(3.46944695195361E-18,0.01845,0.0475));
#4874=CARTESIAN_POINT('',(0.0308422646797025,0.01845,0.0475));
#4875=CARTESIAN_POINT('',(0.0308422646797025,0.014825,0.0475));
#4876=CARTESIAN_POINT('',(0.0344672646797025,0.014825,0.0475));
#4877=CARTESIAN_POINT('',(0.0344672646797025,0.008555,0.0475));
#4878=CARTESIAN_POINT('',(3.46944695195361E-18,0.0170366259986126,0.0475));
#4879=CARTESIAN_POINT('',(-0.0085602819629146,0.0170366259986126,0.0475));
#4880=CARTESIAN_POINT('',(-0.013259943385107,0.0170366259986126,0.0475));
#4881=CARTESIAN_POINT('',(-0.0132599433851071,0.0195366259986126,0.0475));
#4882=CARTESIAN_POINT('',(-0.0150277103380734,0.0177688590456463,0.0475));
#4883=CARTESIAN_POINT('',(-0.0131294256462136,0.0158705743537864,0.0475));
#4884=CARTESIAN_POINT('',(-0.0164028796269772,0.01914402833455,0.0475));
#4885=CARTESIAN_POINT('',(-0.0146351126740109,0.0209117952875164,0.0475));
#4886=CARTESIAN_POINT('',(-0.0171351126740109,0.0209117952875164,0.0475));
#4887=CARTESIAN_POINT('',(-0.0171351126740109,0.029,0.0475));
#4888=CARTESIAN_POINT('',(-0.0171351126740109,0.0215445789352556,0.0475));
#4889=CARTESIAN_POINT('',(-0.0135670501662936,0.0207895542509018,0.0475));
#4890=CARTESIAN_POINT('',(-0.0135670501662936,0.0244366259986127,0.0475));
#4891=CARTESIAN_POINT('',(-0.00825317518172805,0.0244366259986126,0.0475));
#4892=CARTESIAN_POINT('',(-0.00825317518172805,0.0244366259986126,0.0475));
#4893=CARTESIAN_POINT('',(-0.00825317518172806,0.0207895542509018,0.0475));
#4894=CARTESIAN_POINT('',(-0.00468511267401223,0.0215445789352556,0.0475));
#4895=CARTESIAN_POINT('',(-0.00468511267401085,0.0209117952875164,0.0475));
#4896=CARTESIAN_POINT('',(-0.00468511267401085,0.0209117952875163,0.0475));
#4897=CARTESIAN_POINT('',(-0.00718511267401085,0.0209117952875164,0.0475));
#4898=CARTESIAN_POINT('',(-0.00541734572104449,0.01914402833455,0.0475));
#4899=CARTESIAN_POINT('',(0.00221931297220275,0.0267806870277973,0.0475));
#4900=CARTESIAN_POINT('',(-0.00679251500994825,0.0177688590456463,0.0475));
#4901=CARTESIAN_POINT('',(-0.0085602819629146,0.0195366259986126,0.0475));
#4902=CARTESIAN_POINT('',(3.46944695195361E-18,0.001,0.0475));
#4903=CARTESIAN_POINT('',(-0.054,0.001,0.0475));
#4904=CARTESIAN_POINT('',(0.054,0.001,0.0475));
#4905=CARTESIAN_POINT('',(0.054,0.029,0.0475));
#4906=CARTESIAN_POINT('',(0.054,0.029,0.0475));
#4907=CARTESIAN_POINT('',(3.46944695195361E-18,0.029,0.0475));
#4908=CARTESIAN_POINT('',(-0.054,0.029,0.0475));
#4909=CARTESIAN_POINT('',(-0.054,0.029,0.0475));
#4910=CARTESIAN_POINT('',(0.06,0.029,0.));
#4911=CARTESIAN_POINT('',(0.06,0.029,0.));
#4912=CARTESIAN_POINT('',(0.06,0.029,-0.0415));
#4913=CARTESIAN_POINT('',(0.06,0.029,0.0415));
#4914=CARTESIAN_POINT('',(0.06,0.001,0.0415));
#4915=CARTESIAN_POINT('',(0.06,0.001,0.0415));
#4916=CARTESIAN_POINT('',(0.06,0.001,-0.0475));
#4917=CARTESIAN_POINT('',(0.06,0.001,-0.0415));
#4918=CARTESIAN_POINT('',(0.06,0.029,-0.0415));
#4919=CARTESIAN_POINT('',(0.,0.029,0.));
#4920=CARTESIAN_POINT('',(-0.0558710678118655,0.029,-0.0433710678118655));
#4921=CARTESIAN_POINT('',(-0.0547210678118655,0.029,-0.0433710678118655));
#4922=CARTESIAN_POINT('',(0.0558710678118655,0.029,-0.0433710678118655));
#4923=CARTESIAN_POINT('',(0.0570210678118655,0.029,-0.0433710678118655));
#4924=CARTESIAN_POINT('',(0.0558710678118655,0.029,0.0433710678118655));
#4925=CARTESIAN_POINT('',(0.0570210678118655,0.029,0.0433710678118655));
#4926=CARTESIAN_POINT('',(-0.0558710678118655,0.029,0.0433710678118655));
#4927=CARTESIAN_POINT('',(-0.0547210678118655,0.029,0.0433710678118655));
#4928=CARTESIAN_POINT('',(-0.0576,0.029,0.));
#4929=CARTESIAN_POINT('',(-0.0576,0.029,-0.0311));
#4930=CARTESIAN_POINT('',(-0.0576,0.029,0.0311));
#4931=CARTESIAN_POINT('',(-0.0436,0.029,-0.0311));
#4932=CARTESIAN_POINT('',(0.0576,0.029,0.));
#4933=CARTESIAN_POINT('',(0.0576,0.029,0.0311));
#4934=CARTESIAN_POINT('',(0.0436,0.029,0.0311));
#4935=CARTESIAN_POINT('',(-0.0436,0.029,0.0311));
#4936=CARTESIAN_POINT('',(0.054,0.029,0.0415));
#4937=CARTESIAN_POINT('',(0.054,0.029,-0.0415));
#4938=CARTESIAN_POINT('',(-0.054,0.029,-0.0415));
#4939=CARTESIAN_POINT('',(-0.054,0.029,0.0415));
#4940=CARTESIAN_POINT('',(0.0576,-0.227817621135331,0.));
#4941=CARTESIAN_POINT('',(0.0576,-0.227817621135331,0.0311));
#4942=CARTESIAN_POINT('',(-0.0576,-0.227817621135331,0.));
#4943=CARTESIAN_POINT('',(-0.0576,0.003,0.0311));
#4944=CARTESIAN_POINT('',(-0.0576,-0.227817621135331,-0.0311));
#4945=CARTESIAN_POINT('',(-0.04875,0.0148688929175521,-0.0345000000000007));
#4946=CARTESIAN_POINT('',(-0.04875,0.003,-0.0345000000000007));
#4947=CARTESIAN_POINT('',(-0.0476,0.003,-0.0345000000000007));
#4948=CARTESIAN_POINT('',(-0.04875,0.0148668929175521,-0.0345000000000007));
#4949=CARTESIAN_POINT('',(-0.04875,0.0148668929175521,-0.0333500000000007));
#4950=CARTESIAN_POINT('',(-0.04875,0.0148688929175521,-0.0345000000000007));
#4951=CARTESIAN_POINT('',(-0.04875,0.006,-0.0345000000000007));
#4952=CARTESIAN_POINT('',(-0.04575,0.006,-0.0345000000000007));
#4953=CARTESIAN_POINT('',(-0.04875,0.0148668929175521,-0.0345000000000007));
#4954=CARTESIAN_POINT('',(-0.04875,0.0148668929175521,-0.0315000000000007));
#4955=CARTESIAN_POINT('',(-0.0385459711273689,0.0148668929175521,-0.0199232472928371));
#4956=CARTESIAN_POINT('',(0.,0.003,0.));
#4957=CARTESIAN_POINT('',(0.05075,0.0148688929175521,-0.00800000000000014));
#4958=CARTESIAN_POINT('',(0.05075,0.003,-0.00800000000000014));
#4959=CARTESIAN_POINT('',(0.0519,0.003,-0.00800000000000014));
#4960=CARTESIAN_POINT('',(0.05075,0.0148668929175521,-0.00800000000000014));
#4961=CARTESIAN_POINT('',(0.05075,0.0148668929175521,-0.00685000000000014));
#4962=CARTESIAN_POINT('',(0.05075,0.0148688929175521,-0.00800000000000014));
#4963=CARTESIAN_POINT('',(0.05075,0.006,-0.00800000000000014));
#4964=CARTESIAN_POINT('',(0.05375,0.006,-0.00800000000000014));
#4965=CARTESIAN_POINT('',(0.05075,0.0148668929175521,-0.00800000000000014));
#4966=CARTESIAN_POINT('',(0.05075,0.0148668929175521,-0.00500000000000014));
#4967=CARTESIAN_POINT('',(-0.0385459711273689,0.0148668929175521,-0.0199232472928371));
#4968=CARTESIAN_POINT('',(0.,0.003,0.));
#4969=CARTESIAN_POINT('',(0.03025,0.0148688929175521,-0.00800000000000015));
#4970=CARTESIAN_POINT('',(0.03025,0.003,-0.00800000000000015));
#4971=CARTESIAN_POINT('',(0.0314,0.003,-0.00800000000000015));
#4972=CARTESIAN_POINT('',(0.03025,0.0148668929175521,-0.00800000000000015));
#4973=CARTESIAN_POINT('',(0.03025,0.0148668929175521,-0.00685000000000015));
#4974=CARTESIAN_POINT('',(0.03025,0.0148688929175521,-0.00800000000000015));
#4975=CARTESIAN_POINT('',(0.03025,0.006,-0.00800000000000015));
#4976=CARTESIAN_POINT('',(0.03325,0.006,-0.00800000000000015));
#4977=CARTESIAN_POINT('',(0.03025,0.0148668929175521,-0.00800000000000015));
#4978=CARTESIAN_POINT('',(0.03025,0.0148668929175521,-0.00500000000000015));
#4979=CARTESIAN_POINT('',(-0.0385459711273689,0.0148668929175521,-0.0199232472928371));
#4980=CARTESIAN_POINT('',(0.,0.003,0.));
#4981=CARTESIAN_POINT('',(0.03025,0.0148688929175521,-0.0345));
#4982=CARTESIAN_POINT('',(0.03025,0.003,-0.0345));
#4983=CARTESIAN_POINT('',(0.0314,0.003,-0.0345));
#4984=CARTESIAN_POINT('',(0.03025,0.0148668929175521,-0.0345));
#4985=CARTESIAN_POINT('',(0.03025,0.0148668929175521,-0.03335));
#4986=CARTESIAN_POINT('',(0.03025,0.0148688929175521,-0.0345));
#4987=CARTESIAN_POINT('',(0.03025,0.006,-0.0345));
#4988=CARTESIAN_POINT('',(0.03325,0.006,-0.0345));
#4989=CARTESIAN_POINT('',(0.03025,0.0148668929175521,-0.0345));
#4990=CARTESIAN_POINT('',(0.03025,0.0148668929175521,-0.0315));
#4991=CARTESIAN_POINT('',(-0.0385459711273689,0.0148668929175521,-0.0199232472928371));
#4992=CARTESIAN_POINT('',(0.,0.003,0.));
#4993=CARTESIAN_POINT('',(-0.04875,0.0148688929175521,-0.0079999999999996));
#4994=CARTESIAN_POINT('',(-0.04875,0.003,-0.0079999999999996));
#4995=CARTESIAN_POINT('',(-0.0476,0.003,-0.0079999999999996));
#4996=CARTESIAN_POINT('',(-0.04875,0.0148668929175521,-0.0079999999999996));
#4997=CARTESIAN_POINT('',(-0.04875,0.0148668929175521,-0.0068499999999996));
#4998=CARTESIAN_POINT('',(-0.04875,0.0148688929175521,-0.0079999999999996));
#4999=CARTESIAN_POINT('',(-0.04875,0.006,-0.0079999999999996));
#5000=CARTESIAN_POINT('',(-0.04575,0.006,-0.0079999999999996));
#5001=CARTESIAN_POINT('',(-0.04875,0.0148668929175521,-0.0079999999999996));
#5002=CARTESIAN_POINT('',(-0.04875,0.0148668929175521,-0.0049999999999996));
#5003=CARTESIAN_POINT('',(-0.0385459711273689,0.0148668929175521,-0.0199232472928371));
#5004=CARTESIAN_POINT('',(0.,0.003,0.));
#5005=CARTESIAN_POINT('',(-0.0282499999999994,0.0148688929175521,-0.0345000000000007));
#5006=CARTESIAN_POINT('',(-0.0282499999999994,0.003,-0.0345000000000007));
#5007=CARTESIAN_POINT('',(-0.0270999999999995,0.003,-0.0345000000000007));
#5008=CARTESIAN_POINT('',(-0.0282499999999994,0.0148668929175521,-0.0345000000000007));
#5009=CARTESIAN_POINT('',(-0.0282499999999994,0.0148668929175521,-0.0333500000000007));
#5010=CARTESIAN_POINT('',(-0.0282499999999994,0.0148688929175521,-0.0345000000000007));
#5011=CARTESIAN_POINT('',(-0.0282499999999994,0.006,-0.0345000000000007));
#5012=CARTESIAN_POINT('',(-0.0252499999999994,0.006,-0.0345000000000007));
#5013=CARTESIAN_POINT('',(-0.0282499999999994,0.0148668929175521,-0.0345000000000007));
#5014=CARTESIAN_POINT('',(-0.0282499999999994,0.0148668929175521,-0.0315000000000007));
#5015=CARTESIAN_POINT('',(-0.0385459711273689,0.0148668929175521,-0.0199232472928371));
#5016=CARTESIAN_POINT('',(0.,0.003,0.));
#5017=CARTESIAN_POINT('',(-0.0282499999999994,0.0148688929175521,-0.00799999999999959));
#5018=CARTESIAN_POINT('',(-0.0282499999999994,0.003,-0.00799999999999959));
#5019=CARTESIAN_POINT('',(-0.0270999999999994,0.003,-0.00799999999999959));
#5020=CARTESIAN_POINT('',(-0.0282499999999994,0.0148668929175521,-0.00799999999999959));
#5021=CARTESIAN_POINT('',(-0.0282499999999994,0.0148668929175521,-0.00684999999999959));
#5022=CARTESIAN_POINT('',(-0.0282499999999994,0.0148688929175521,-0.00799999999999959));
#5023=CARTESIAN_POINT('',(-0.0282499999999994,0.006,-0.00799999999999959));
#5024=CARTESIAN_POINT('',(-0.0252499999999994,0.006,-0.00799999999999959));
#5025=CARTESIAN_POINT('',(-0.0282499999999994,0.0148668929175521,-0.00799999999999959));
#5026=CARTESIAN_POINT('',(-0.0282499999999994,0.0148668929175521,-0.00499999999999959));
#5027=CARTESIAN_POINT('',(-0.0385459711273689,0.0148668929175521,-0.0199232472928371));
#5028=CARTESIAN_POINT('',(0.,0.003,0.));
#5029=CARTESIAN_POINT('',(0.05075,0.0148688929175521,-0.0345));
#5030=CARTESIAN_POINT('',(0.05075,0.003,-0.0345));
#5031=CARTESIAN_POINT('',(0.0519,0.003,-0.0345));
#5032=CARTESIAN_POINT('',(0.05075,0.0148668929175521,-0.0345));
#5033=CARTESIAN_POINT('',(0.05075,0.0148668929175521,-0.03335));
#5034=CARTESIAN_POINT('',(0.05075,0.0148688929175521,-0.0345));
#5035=CARTESIAN_POINT('',(0.05075,0.006,-0.0345));
#5036=CARTESIAN_POINT('',(0.05375,0.006,-0.0345));
#5037=CARTESIAN_POINT('',(0.05075,0.0148668929175521,-0.0345));
#5038=CARTESIAN_POINT('',(0.05075,0.0148668929175521,-0.0315));
#5039=CARTESIAN_POINT('',(-0.0385459711273689,0.0148668929175521,-0.0199232472928371));
#5040=CARTESIAN_POINT('',(0.,0.003,0.));
#5041=CARTESIAN_POINT('',(0.0157335419207811,0.006,0.0041));
#5042=CARTESIAN_POINT('',(0.0157335419207811,0.006,0.0041));
#5043=CARTESIAN_POINT('',(0.0168835419207811,0.006,0.0041));
#5044=CARTESIAN_POINT('',(0.0157335419207811,0.003,0.0041));
#5045=CARTESIAN_POINT('',(0.0168835419207811,0.003,0.0041));
#5046=CARTESIAN_POINT('',(0.0157335419207811,0.006,0.0041));
#5047=CARTESIAN_POINT('',(0.0157335419207811,0.006,0.0041));
#5048=CARTESIAN_POINT('',(0.0197335419207811,0.006,0.0041));
#5049=CARTESIAN_POINT('',(0.,0.006,6.93889390390723E-18));
#5050=CARTESIAN_POINT('',(0.,0.003,0.));
#5051=CARTESIAN_POINT('',(0.0157335419207811,0.006,-0.0199));
#5052=CARTESIAN_POINT('',(0.0117335419207811,0.006,-0.0199));
#5053=CARTESIAN_POINT('',(0.0117335419207811,0.006,-0.0199));
#5054=CARTESIAN_POINT('',(0.0157335419207811,0.006,-0.0199));
#5055=CARTESIAN_POINT('',(0.0197335419207811,0.006,-0.0199));
#5056=CARTESIAN_POINT('',(0.0197335419207811,0.006,-0.0199));
#5057=CARTESIAN_POINT('',(0.0117335419207811,0.006,-0.0159));
#5058=CARTESIAN_POINT('',(0.0117335419207811,0.006,-0.0119));
#5059=CARTESIAN_POINT('',(0.0117335419207811,0.006,-0.0119));
#5060=CARTESIAN_POINT('',(0.0117335419207811,0.006,-0.0159));
#5061=CARTESIAN_POINT('',(0.0157335419207811,0.006,-0.0119));
#5062=CARTESIAN_POINT('',(0.0197335419207811,0.006,-0.0119));
#5063=CARTESIAN_POINT('',(0.0197335419207811,0.006,-0.0119));
#5064=CARTESIAN_POINT('',(0.0157335419207811,0.006,-0.0119));
#5065=CARTESIAN_POINT('',(0.0197335419207811,0.006,-0.0159));
#5066=CARTESIAN_POINT('',(0.0197335419207811,0.006,-0.0159));
#5067=CARTESIAN_POINT('',(0.,0.006,6.93889390390723E-18));
#5068=CARTESIAN_POINT('',(0.0157335419207811,0.006,0.0201));
#5069=CARTESIAN_POINT('',(0.0117335419207811,0.006,0.0201));
#5070=CARTESIAN_POINT('',(0.0117335419207811,0.006,0.0201));
#5071=CARTESIAN_POINT('',(0.0157335419207811,0.006,0.0201));
#5072=CARTESIAN_POINT('',(0.0197335419207811,0.006,0.0201));
#5073=CARTESIAN_POINT('',(0.0197335419207811,0.006,0.0201));
#5074=CARTESIAN_POINT('',(0.0117335419207811,0.006,0.0241));
#5075=CARTESIAN_POINT('',(0.0117335419207811,0.006,0.0281));
#5076=CARTESIAN_POINT('',(0.0117335419207811,0.006,0.0281));
#5077=CARTESIAN_POINT('',(0.0117335419207811,0.006,0.0241));
#5078=CARTESIAN_POINT('',(0.0157335419207811,0.006,0.0281));
#5079=CARTESIAN_POINT('',(0.0197335419207811,0.006,0.0281));
#5080=CARTESIAN_POINT('',(0.0197335419207811,0.006,0.0281));
#5081=CARTESIAN_POINT('',(0.0157335419207811,0.006,0.0281));
#5082=CARTESIAN_POINT('',(0.0197335419207811,0.006,0.0241));
#5083=CARTESIAN_POINT('',(0.0197335419207811,0.006,0.0241));
#5084=CARTESIAN_POINT('',(0.,0.006,6.93889390390723E-18));
#5085=CARTESIAN_POINT('',(-0.059,0.001,-7.30409884621814E-20));
#5086=CARTESIAN_POINT('',(-0.059,0.001,-0.0415));
#5087=CARTESIAN_POINT('',(-0.059,0.001,0.0415));
#5088=CARTESIAN_POINT('',(0.,0.001,-0.0465));
#5089=CARTESIAN_POINT('',(0.054,0.001,-0.0465));
#5090=CARTESIAN_POINT('',(-0.054,0.001,-0.0465));
#5091=CARTESIAN_POINT('',(3.46944695195361E-18,0.001,0.0465));
#5092=CARTESIAN_POINT('',(-0.054,0.001,0.0465));
#5093=CARTESIAN_POINT('',(0.054,0.001,0.0465));
#5094=CARTESIAN_POINT('',(0.059,0.001,4.3094183192687E-18));
#5095=CARTESIAN_POINT('',(0.059,0.001,0.0415));
#5096=CARTESIAN_POINT('',(0.059,0.001,-0.0415));
#5097=CARTESIAN_POINT('',(0.0436,-0.227817621135331,0.0311));
#5098=CARTESIAN_POINT('',(-0.0436,-0.227817621135331,0.0311));
#5099=CARTESIAN_POINT('',(-0.0436,-0.227817621135331,-0.0311));
#5100=CARTESIAN_POINT('',(-0.0436,0.00596312257172835,-0.0311));
#5101=CARTESIAN_POINT('',(-0.0451705787124402,0.00596312257172835,-0.0450116240068523));
#5102=CARTESIAN_POINT('',(-0.0457705787124402,0.00596312257172835,-0.0449307117695765));
#5103=CARTESIAN_POINT('',(-0.0451705787124402,0.00596312257172834,-0.0450116240068523));
#5104=CARTESIAN_POINT('',(-0.0447979219079425,0.00502461323470464,-0.0450536957911315));
#5105=CARTESIAN_POINT('',(-0.0442748472423039,0.00417938485543956,-0.0451));
#5106=CARTESIAN_POINT('',(-0.0436,0.00342651551825644,-0.0451));
#5107=CARTESIAN_POINT('',(-0.0457705787124402,-0.227817621135331,-0.0449307117695765));
#5108=CARTESIAN_POINT('',(-0.054,0.029,-0.0415));
#5109=CARTESIAN_POINT('',(-0.054,0.001,-0.0415));
#5110=CARTESIAN_POINT('',(-0.054,0.001,-0.0415));
#5111=CARTESIAN_POINT('',(-0.054,0.029,0.0415));
#5112=CARTESIAN_POINT('',(-0.054,0.001,0.0415));
#5113=CARTESIAN_POINT('',(-0.054,0.001,0.0415));
#5114=CARTESIAN_POINT('',(0.054,0.029,-0.0415));
#5115=CARTESIAN_POINT('',(0.054,0.001,-0.0415));
#5116=CARTESIAN_POINT('',(0.054,0.001,-0.0415));
#5117=CARTESIAN_POINT('',(0.054,0.029,0.0415));
#5118=CARTESIAN_POINT('',(0.054,0.001,0.0415));
#5119=CARTESIAN_POINT('',(0.054,0.001,0.0415));
#5120=CARTESIAN_POINT('',(0.0324672646797025,0.01169,0.045098));
#5121=CARTESIAN_POINT('',(0.0324672646797025,0.008555,0.045098));
#5122=CARTESIAN_POINT('',(0.0324672646797025,0.008555,0.0459));
#5123=CARTESIAN_POINT('',(0.0324672646797025,0.014825,0.0459));
#5124=CARTESIAN_POINT('',(0.0324672646797025,0.014825,0.0459));
#5125=CARTESIAN_POINT('',(0.0324672646797025,0.014825,0.045098));
#5126=CARTESIAN_POINT('',(0.0308422646797025,0.008555,0.045098));
#5127=CARTESIAN_POINT('',(0.0308422646797025,0.00693,0.045098));
#5128=CARTESIAN_POINT('',(0.0308422646797025,0.00693,0.0451));
#5129=CARTESIAN_POINT('',(0.0308422646797025,0.00693,0.0459));
#5130=CARTESIAN_POINT('',(0.0308422646797025,0.008555,0.0459));
#5131=CARTESIAN_POINT('',(0.0308422646797025,0.008555,0.0451));
#5132=CARTESIAN_POINT('',(0.0308422646797025,0.014825,0.045098));
#5133=CARTESIAN_POINT('',(0.0308422646797025,0.014825,0.0459));
#5134=CARTESIAN_POINT('',(0.0308422646797025,0.01645,0.0459));
#5135=CARTESIAN_POINT('',(0.0308422646797025,0.01645,0.045098));
#5136=CARTESIAN_POINT('',(0.0305772646797026,0.00693,0.045098));
#5137=CARTESIAN_POINT('',(0.0303122646797025,0.00693,0.045098));
#5138=CARTESIAN_POINT('',(0.0303122646797025,0.00693,0.0451));
#5139=CARTESIAN_POINT('',(0.0303122646797025,0.00693,0.0459));
#5140=CARTESIAN_POINT('',(0.0305772646797026,0.00693,0.0459));
#5141=CARTESIAN_POINT('',(0.0305772646797026,0.00693,0.0451));
#5142=CARTESIAN_POINT('',(0.0303122646797025,0.008555,0.045098));
#5143=CARTESIAN_POINT('',(0.0286872646797026,0.008555,0.045098));
#5144=CARTESIAN_POINT('',(0.0286872646797026,0.008555,0.0459));
#5145=CARTESIAN_POINT('',(0.0303122646797025,0.008555,0.0459));
#5146=CARTESIAN_POINT('',(0.0303122646797025,0.008555,0.0451));
#5147=CARTESIAN_POINT('',(0.0286872646797025,0.01169,0.045098));
#5148=CARTESIAN_POINT('',(0.0286872646797025,0.014825,0.045098));
#5149=CARTESIAN_POINT('',(0.0286872646797025,0.014825,0.0459));
#5150=CARTESIAN_POINT('',(0.0286872646797025,0.01169,0.0459));
#5151=CARTESIAN_POINT('',(0.0303122646797025,0.014825,0.045098));
#5152=CARTESIAN_POINT('',(0.0303122646797025,0.01645,0.045098));
#5153=CARTESIAN_POINT('',(0.0303122646797025,0.01645,0.0459));
#5154=CARTESIAN_POINT('',(0.0303122646797025,0.014825,0.0459));
#5155=CARTESIAN_POINT('',(0.0305772646797026,0.01645,0.045098));
#5156=CARTESIAN_POINT('',(0.0305772646797026,0.01645,0.0459));
#5157=CARTESIAN_POINT('',(-0.00668511267401085,0.0211026793892059,0.045098));
#5158=CARTESIAN_POINT('',(-0.00668511267401086,0.0209117952875164,0.045098));
#5159=CARTESIAN_POINT('',(-0.00668511267401086,0.0209117952875164,0.0459));
#5160=CARTESIAN_POINT('',(-0.00668511267401085,0.0212935634908955,0.0459));
#5161=CARTESIAN_POINT('',(-0.00668511267401085,0.0212935634908955,0.0459));
#5162=CARTESIAN_POINT('',(-0.00668511267401085,0.0212935634908955,0.045098));
#5163=CARTESIAN_POINT('',(-0.00718511267401085,0.0209117952875164,0.045098));
#5164=CARTESIAN_POINT('',(-0.00683155928341758,0.0205582418969231,0.045098));
#5165=CARTESIAN_POINT('',(-0.00683155928341758,0.0205582418969231,0.0459));
#5166=CARTESIAN_POINT('',(-0.00718511267401085,0.0209117952875164,0.0459));
#5167=CARTESIAN_POINT('',(-0.00825317518172806,0.0207895542509018,0.045098));
#5168=CARTESIAN_POINT('',(-0.00825317518172806,0.0207895542509018,0.0459));
#5169=CARTESIAN_POINT('',(-0.00825317518172805,0.0224366259986126,0.0459));
#5170=CARTESIAN_POINT('',(-0.00825317518172805,0.0224366259986126,0.045098));
#5171=CARTESIAN_POINT('',(-0.00751914392786945,0.0198706572524712,0.045098));
#5172=CARTESIAN_POINT('',(-0.00820672857232133,0.0191830726080193,0.045098));
#5173=CARTESIAN_POINT('',(-0.00820672857232133,0.0191830726080193,0.0459));
#5174=CARTESIAN_POINT('',(-0.00751914392786945,0.0198706572524712,0.0459));
#5175=CARTESIAN_POINT('',(-0.0085602819629146,0.0195366259986126,0.045098));
#5176=CARTESIAN_POINT('',(-0.0085602819629146,0.0190366259986126,0.045098));
#5177=CARTESIAN_POINT('',(-0.0085602819629146,0.0190366259986126,0.0459));
#5178=CARTESIAN_POINT('',(-0.0085602819629146,0.0195366259986126,0.0459));
#5179=CARTESIAN_POINT('',(-0.0109101126740108,0.0190366259986126,0.045098));
#5180=CARTESIAN_POINT('',(-0.0132599433851071,0.0190366259986126,0.045098));
#5181=CARTESIAN_POINT('',(-0.0132599433851071,0.0190366259986126,0.0459));
#5182=CARTESIAN_POINT('',(-0.0109101126740108,0.0190366259986126,0.0459));
#5183=CARTESIAN_POINT('',(-0.0132599433851071,0.0195366259986126,0.045098));
#5184=CARTESIAN_POINT('',(-0.0136134967757004,0.0191830726080193,0.045098));
#5185=CARTESIAN_POINT('',(-0.0136134967757004,0.0191830726080193,0.0459));
#5186=CARTESIAN_POINT('',(-0.0132599433851071,0.0195366259986126,0.0459));
#5187=CARTESIAN_POINT('',(-0.0143010814201522,0.0198706572524712,0.045098));
#5188=CARTESIAN_POINT('',(-0.0149886660646041,0.0205582418969231,0.045098));
#5189=CARTESIAN_POINT('',(-0.0149886660646041,0.0205582418969231,0.0459));
#5190=CARTESIAN_POINT('',(-0.0143010814201522,0.0198706572524712,0.0459));
#5191=CARTESIAN_POINT('',(-0.0146351126740109,0.0209117952875164,0.045098));
#5192=CARTESIAN_POINT('',(-0.0151351126740109,0.0209117952875164,0.045098));
#5193=CARTESIAN_POINT('',(-0.0151351126740109,0.0209117952875164,0.0459));
#5194=CARTESIAN_POINT('',(-0.0146351126740109,0.0209117952875164,0.0459));
#5195=CARTESIAN_POINT('',(-0.0151351126740109,0.0211026793892059,0.045098));
#5196=CARTESIAN_POINT('',(-0.0151351126740109,0.0212935634908955,0.045098));
#5197=CARTESIAN_POINT('',(-0.0151351126740109,0.0212935634908955,0.0459));
#5198=CARTESIAN_POINT('',(-0.0151351126740109,0.0211026793892059,0.0459));
#5199=CARTESIAN_POINT('',(-0.0135670501662936,0.0207895542509018,0.045098));
#5200=CARTESIAN_POINT('',(-0.0135670501662936,0.0224366259986126,0.045098));
#5201=CARTESIAN_POINT('',(-0.0135670501662936,0.0224366259986126,0.0459));
#5202=CARTESIAN_POINT('',(-0.0135670501662936,0.0207895542509018,0.0459));
#5203=CARTESIAN_POINT('',(-0.0109101126740108,0.0224366259986126,0.045098));
#5204=CARTESIAN_POINT('',(-0.0135670501662936,0.0224366259986126,0.0459));
#5205=CARTESIAN_POINT('',(0.05075,0.006,-0.00800000000000014));
#5206=CARTESIAN_POINT('',(0.03025,0.006,-0.00800000000000015));
#5207=CARTESIAN_POINT('',(0.03025,0.006,-0.0345));
#5208=CARTESIAN_POINT('',(0.05075,0.006,-0.0345));
#5209=CARTESIAN_POINT('',(-0.0282499999999994,0.006,-0.00799999999999959));
#5210=CARTESIAN_POINT('',(-0.0282499999999994,0.006,-0.0345000000000007));
#5211=CARTESIAN_POINT('',(-0.04875,0.006,-0.0079999999999996));
#5212=CARTESIAN_POINT('',(-0.04875,0.006,-0.0345000000000007));
#5213=CARTESIAN_POINT('',(-0.00825317518172806,0.0207895542509018,0.0475));
#5214=CARTESIAN_POINT('',(-0.00668511267401085,0.0212935634908955,0.0459));
#5215=CARTESIAN_POINT('',(-0.00602008905490892,0.021397813585048,0.0464320188952815));
#5216=CARTESIAN_POINT('',(-0.0053528165613977,0.0214747073432772,0.0469658368900909));
#5217=CARTESIAN_POINT('',(-0.00468511267401137,0.0215445789352634,0.0475));
#5218=CARTESIAN_POINT('',(-0.00825317518172805,0.0224366259986126,0.0459));
#5219=CARTESIAN_POINT('',(3.46944695195361E-18,0.0244366259986126,0.0475));
#5220=CARTESIAN_POINT('',(-0.0135670501662936,0.0224366259986126,0.0459));
#5221=CARTESIAN_POINT('',(-0.00468511267401085,0.029,0.0475));
#5222=CARTESIAN_POINT('',(-0.00468511267401085,0.0209117952875163,0.0475));
#5223=CARTESIAN_POINT('',(-0.0135670501662936,0.0207895542509018,0.0459));
#5224=CARTESIAN_POINT('',(-0.0151351126740109,0.0212935634908955,0.0459));
#5225=CARTESIAN_POINT('',(-0.0158001362931131,0.021397813585048,0.0464320188952818));
#5226=CARTESIAN_POINT('',(-0.0164674087866228,0.0214747073432771,0.0469658368900896));
#5227=CARTESIAN_POINT('',(-0.0171351126740094,0.0215445789352633,0.0474999999999989));
#5228=CARTESIAN_POINT('',(-0.00718511267401085,0.0209117952875164,0.0459));
#5229=CARTESIAN_POINT('',(-0.00541734572104449,0.01914402833455,0.0475));
#5230=CARTESIAN_POINT('',(-0.0151351126740109,0.0211026793892059,0.0459));
#5231=CARTESIAN_POINT('',(-0.0151351126740109,0.0209117952875164,0.0459));
#5232=CARTESIAN_POINT('',(-0.00751914392786945,0.0198706572524712,0.0459));
#5233=CARTESIAN_POINT('',(-0.00679251500994825,0.0177688590456463,0.0475));
#5234=CARTESIAN_POINT('',(-0.0146351126740109,0.0209117952875164,0.0459));
#5235=CARTESIAN_POINT('',(-0.0149886660646041,0.0205582418969231,0.0459));
#5236=CARTESIAN_POINT('',(-0.0085602819629146,0.0195366259986126,0.0459));
#5237=CARTESIAN_POINT('',(-0.0085602819629146,0.0170366259986126,0.0475));
#5238=CARTESIAN_POINT('',(-0.0143010814201522,0.0198706572524712,0.0459));
#5239=CARTESIAN_POINT('',(-0.0136134967757004,0.0191830726080193,0.0459));
#5240=CARTESIAN_POINT('',(-0.0109101126740108,0.0190366259986126,0.0459));
#5241=CARTESIAN_POINT('',(-0.013259943385107,0.0170366259986126,0.0475));
#5242=CARTESIAN_POINT('',(-0.0132599433851071,0.0195366259986126,0.0459));
#5243=CARTESIAN_POINT('',(0.00143354192078108,0.005,-0.0266414528131484));
#5244=CARTESIAN_POINT('',(0.00143354192078108,0.003,-0.0266414528131484));
#5245=CARTESIAN_POINT('',(0.00257354192078108,0.003,-0.0266414528131484));
#5246=CARTESIAN_POINT('',(0.,0.003,0.));
#5247=CARTESIAN_POINT('',(-0.0119018995687365,0.005,0.0423));
#5248=CARTESIAN_POINT('',(-0.0139018995687365,0.005,0.0423));
#5249=CARTESIAN_POINT('',(-0.0139018995687365,0.005,0.0423));
#5250=CARTESIAN_POINT('',(-0.0119018995687365,0.005,0.0423));
#5251=CARTESIAN_POINT('',(-0.00990189956873655,0.005,0.0423));
#5252=CARTESIAN_POINT('',(-0.00990189956873655,0.005,0.0423));
#5253=CARTESIAN_POINT('',(-0.0139018995687365,0.005,0.0437));
#5254=CARTESIAN_POINT('',(-0.0139018995687365,0.005,0.0437));
#5255=CARTESIAN_POINT('',(-0.00990189956873655,0.005,0.0437));
#5256=CARTESIAN_POINT('',(-0.00990189956873655,0.005,0.0437));
#5257=CARTESIAN_POINT('',(0.,0.005,1.38777878078145E-17));
#5258=CARTESIAN_POINT('',(-0.0190419349174397,0.005,-0.0281153834462166));
#5259=CARTESIAN_POINT('',(-0.0210419349174398,0.005,-0.0281153834462166));
#5260=CARTESIAN_POINT('',(-0.0210419349174398,0.005,-0.0281153834462166));
#5261=CARTESIAN_POINT('',(-0.0190419349174397,0.005,-0.0281153834462166));
#5262=CARTESIAN_POINT('',(-0.0170419349174398,0.005,-0.0281153834462166));
#5263=CARTESIAN_POINT('',(-0.0170419349174398,0.005,-0.0281153834462166));
#5264=CARTESIAN_POINT('',(-0.0210419349174398,0.005,-0.0267153834462166));
#5265=CARTESIAN_POINT('',(-0.0210419349174398,0.005,-0.0253153834462166));
#5266=CARTESIAN_POINT('',(-0.0210419349174398,0.005,-0.0253153834462166));
#5267=CARTESIAN_POINT('',(-0.0210419349174398,0.005,-0.0267153834462166));
#5268=CARTESIAN_POINT('',(-0.0190419349174397,0.005,-0.0253153834462166));
#5269=CARTESIAN_POINT('',(-0.0170419349174398,0.005,-0.0253153834462166));
#5270=CARTESIAN_POINT('',(-0.0170419349174398,0.005,-0.0253153834462166));
#5271=CARTESIAN_POINT('',(-0.0190419349174397,0.005,-0.0253153834462166));
#5272=CARTESIAN_POINT('',(-0.0170419349174398,0.005,-0.0267153834462166));
#5273=CARTESIAN_POINT('',(-0.0170419349174398,0.005,-0.0267153834462166));
#5274=CARTESIAN_POINT('',(0.,0.005,1.38777878078145E-17));
#5275=CARTESIAN_POINT('',(0.00393354192078108,0.014,-0.0141090647026896));
#5276=CARTESIAN_POINT('',(0.00393354192078108,0.014,-0.0275194067507982));
#5277=CARTESIAN_POINT('',(0.00393354192078108,0.014,-0.0275194067507982));
#5278=CARTESIAN_POINT('',(0.00393354192078108,0.0045,-0.0275194067507982));
#5279=CARTESIAN_POINT('',(0.00393354192078108,0.0045,-0.0141090647026896));
#5280=CARTESIAN_POINT('',(0.00393354192078108,0.0045,-0.0141090647026896));
#5281=CARTESIAN_POINT('',(0.00393354192078109,0.0045,-0.000698722654581069));
#5282=CARTESIAN_POINT('',(0.00393354192078109,0.014,-0.000698722654581069));
#5283=CARTESIAN_POINT('',(0.00393354192078109,0.014,-0.000698722654581069));
#5284=CARTESIAN_POINT('',(0.00393354192078108,0.014,-0.0141090647026896));
#5285=CARTESIAN_POINT('',(0.00453354192078108,0.014,-0.0275194067507982));
#5286=CARTESIAN_POINT('',(0.00513354192078108,0.014,-0.0275194067507982));
#5287=CARTESIAN_POINT('',(0.00513354192078108,0.014,-0.0275194067507982));
#5288=CARTESIAN_POINT('',(0.00513354192078108,0.0045,-0.0275194067507982));
#5289=CARTESIAN_POINT('',(0.00393354192078108,0.0045,-0.0275194067507982));
#5290=CARTESIAN_POINT('',(0.00453354192078108,0.014,-0.0275194067507982));
#5291=CARTESIAN_POINT('',(0.00453354192078108,0.014,-0.000698722654581069));
#5292=CARTESIAN_POINT('',(0.00453354192078108,0.0045,-0.000698722654581069));
#5293=CARTESIAN_POINT('',(0.00513354192078108,0.0045,-0.000698722654581069));
#5294=CARTESIAN_POINT('',(0.00513354192078108,0.014,-0.000698722654581069));
#5295=CARTESIAN_POINT('',(0.00513354192078108,0.014,-0.000698722654581069));
#5296=CARTESIAN_POINT('',(0.00453354192078108,0.014,-0.000698722654581069));
#5297=CARTESIAN_POINT('',(0.00513354192078108,0.014,-0.0141090647026896));
#5298=CARTESIAN_POINT('',(0.00513354192078108,0.0045,-0.0275194067507982));
#5299=CARTESIAN_POINT('',(0.00513354192078108,0.014,-0.0141090647026896));
#5300=CARTESIAN_POINT('',(0.0141029033002418,0.014,0.0061));
#5301=CARTESIAN_POINT('',(0.00513354192078109,0.014,0.0316896579518915));
#5302=CARTESIAN_POINT('',(0.00513354192078109,0.0045,0.0316896579518915));
#5303=CARTESIAN_POINT('',(0.00513354192078109,0.0045,0.0182793159037828));
#5304=CARTESIAN_POINT('',(0.00513354192078109,0.014,0.0182793159037828));
#5305=CARTESIAN_POINT('',(0.00513354192078109,0.014,0.0182793159037828));
#5306=CARTESIAN_POINT('',(0.00513354192078109,0.014,0.0316896579518915));
#5307=CARTESIAN_POINT('',(0.00453354192078109,0.014,0.0182793159037828));
#5308=CARTESIAN_POINT('',(0.00453354192078109,0.0045,0.0182793159037828));
#5309=CARTESIAN_POINT('',(0.00393354192078109,0.0045,0.0182793159037828));
#5310=CARTESIAN_POINT('',(0.00393354192078109,0.014,0.0182793159037828));
#5311=CARTESIAN_POINT('',(0.00393354192078109,0.014,0.0182793159037828));
#5312=CARTESIAN_POINT('',(0.00453354192078109,0.014,0.0182793159037828));
#5313=CARTESIAN_POINT('',(0.00393354192078109,0.014,0.0316896579518915));
#5314=CARTESIAN_POINT('',(0.00393354192078109,0.0045,0.0451));
#5315=CARTESIAN_POINT('',(0.00393354192078109,0.014,0.0316896579518915));
#5316=CARTESIAN_POINT('',(0.0141029033002418,0.014,0.0061));
#5317=CARTESIAN_POINT('',(0.0279122646797025,0.014,0.0290865179751813));
#5318=CARTESIAN_POINT('',(0.0279122646797025,0.014,0.0130730359503626));
#5319=CARTESIAN_POINT('',(0.0279122646797025,0.014,0.0130730359503626));
#5320=CARTESIAN_POINT('',(0.0279122646797025,0.014,0.0290865179751813));
#5321=CARTESIAN_POINT('',(0.0271729033002418,0.014,0.0130730359503626));
#5322=CARTESIAN_POINT('',(0.0264335419207812,0.014,0.0130730359503626));
#5323=CARTESIAN_POINT('',(0.0264335419207812,0.014,0.0130730359503626));
#5324=CARTESIAN_POINT('',(0.0271729033002418,0.014,0.0130730359503626));
#5325=CARTESIAN_POINT('',(0.0264335419207811,0.014,0.0290865179751813));
#5326=CARTESIAN_POINT('',(0.0264335419207811,0.014,0.0290865179751813));
#5327=CARTESIAN_POINT('',(0.0141029033002418,0.014,0.0061));
#5328=CARTESIAN_POINT('',(-0.0558710678118655,0.015,0.0433710678118655));
#5329=CARTESIAN_POINT('',(-0.0558710678118655,0.015,0.0433710678118655));
#5330=CARTESIAN_POINT('',(-0.0547210678118655,0.015,0.0433710678118655));
#5331=CARTESIAN_POINT('',(0.,0.015,0.));
#5332=CARTESIAN_POINT('',(0.0558710678118655,0.015,0.0433710678118655));
#5333=CARTESIAN_POINT('',(0.0558710678118655,0.015,0.0433710678118655));
#5334=CARTESIAN_POINT('',(0.0570210678118655,0.015,0.0433710678118655));
#5335=CARTESIAN_POINT('',(0.,0.015,0.));
#5336=CARTESIAN_POINT('',(0.0558710678118655,0.015,-0.0433710678118655));
#5337=CARTESIAN_POINT('',(0.0558710678118655,0.015,-0.0433710678118655));
#5338=CARTESIAN_POINT('',(0.0570210678118655,0.015,-0.0433710678118655));
#5339=CARTESIAN_POINT('',(0.,0.015,0.));
#5340=CARTESIAN_POINT('',(-0.0558710678118655,0.015,-0.0433710678118655));
#5341=CARTESIAN_POINT('',(-0.0558710678118655,0.015,-0.0433710678118655));
#5342=CARTESIAN_POINT('',(-0.0547210678118655,0.015,-0.0433710678118655));
#5343=CARTESIAN_POINT('',(0.,0.015,0.));
#5344=CARTESIAN_POINT('',(0.0453360974788667,0.0117,0.0125846378505228));
#5345=CARTESIAN_POINT('',(0.0453360974788667,0.0117,0.0125846378505228));
#5346=CARTESIAN_POINT('',(0.0518360974788667,0.0117,0.0125846378505228));
#5347=CARTESIAN_POINT('',(0.0453360974788667,0.003,0.0125846378505228));
#5348=CARTESIAN_POINT('',(0.0518360974788667,0.003,0.0125846378505228));
#5349=CARTESIAN_POINT('',(0.0453360974788667,0.0117,0.0125846378505228));
#5350=CARTESIAN_POINT('',(0.0453360974788667,0.0117,0.0125846378505228));
#5351=CARTESIAN_POINT('',(0.0364754282859431,0.0117,0.0172202113267579));
#5352=CARTESIAN_POINT('',(0.0541967666717903,0.0117,0.0172202113267579));
#5353=CARTESIAN_POINT('',(0.0364754282859431,0.0182,0.0172202113267579));
#5354=CARTESIAN_POINT('',(0.0364754282859431,0.0182,0.0172202113267579));
#5355=CARTESIAN_POINT('',(0.0453360974788667,0.0182,0.0125846378505228));
#5356=CARTESIAN_POINT('',(0.0541967666717903,0.0182,0.0172202113267579));
#5357=CARTESIAN_POINT('',(0.0541967666717903,0.0182,0.0172202113267579));
#5358=CARTESIAN_POINT('',(1.11022302462516E-16,0.0117,-0.00259840748131277));
#5359=CARTESIAN_POINT('',(0.053417937194674,0.0117,0.0172202113267579));
#5360=CARTESIAN_POINT('',(0.0526391077175577,0.0117,0.0172202113267579));
#5361=CARTESIAN_POINT('',(0.0453360974788667,0.0117,0.0125846378505228));
#5362=CARTESIAN_POINT('',(0.0380330872401757,0.0117,0.0172202113267579));
#5363=CARTESIAN_POINT('',(0.0372542577630594,0.0117,0.0172202113267579));
#5364=CARTESIAN_POINT('',(0.,0.003,0.));
#5365=CARTESIAN_POINT('',(-0.0453360974788665,0.0117,0.0125846378505228));
#5366=CARTESIAN_POINT('',(-0.0453360974788665,0.0117,0.0125846378505228));
#5367=CARTESIAN_POINT('',(-0.0388360974788665,0.0117,0.0125846378505228));
#5368=CARTESIAN_POINT('',(-0.0453360974788665,0.003,0.0125846378505228));
#5369=CARTESIAN_POINT('',(-0.0388360974788665,0.003,0.0125846378505228));
#5370=CARTESIAN_POINT('',(-0.0453360974788665,0.0117,0.0125846378505228));
#5371=CARTESIAN_POINT('',(-0.0453360974788665,0.0117,0.0125846378505228));
#5372=CARTESIAN_POINT('',(-0.0541967666717901,0.0117,0.0172202113267579));
#5373=CARTESIAN_POINT('',(-0.0364754282859428,0.0117,0.0172202113267579));
#5374=CARTESIAN_POINT('',(-0.0541967666717901,0.0182,0.0172202113267579));
#5375=CARTESIAN_POINT('',(-0.0541967666717901,0.0182,0.0172202113267579));
#5376=CARTESIAN_POINT('',(-0.0453360974788665,0.0182,0.0125846378505228));
#5377=CARTESIAN_POINT('',(-0.0364754282859428,0.0182,0.0172202113267579));
#5378=CARTESIAN_POINT('',(-0.0364754282859428,0.0182,0.0172202113267579));
#5379=CARTESIAN_POINT('',(1.11022302462516E-16,0.0117,-0.00259840748131277));
#5380=CARTESIAN_POINT('',(-0.0534179371946737,0.0117,0.0172202113267579));
#5381=CARTESIAN_POINT('',(-0.0526391077175573,0.0117,0.0172202113267579));
#5382=CARTESIAN_POINT('',(-0.0372542577630593,0.0117,0.0172202113267579));
#5383=CARTESIAN_POINT('',(-0.0380330872401755,0.0117,0.017220211326758));
#5384=CARTESIAN_POINT('',(-0.0453360974788665,0.0117,0.0125846378505228));
#5385=CARTESIAN_POINT('',(0.,0.003,0.));
#5386=CARTESIAN_POINT('',(0.0305772646797026,0.01645,0.0459));
#5387=CARTESIAN_POINT('',(0.0308422646797025,0.01845,0.0475));
#5388=CARTESIAN_POINT('',(0.0303122646797025,0.01645,0.0459));
#5389=CARTESIAN_POINT('',(0.0303122646797025,0.014825,0.0459));
#5390=CARTESIAN_POINT('',(0.0286872646797025,0.014825,0.0459));
#5391=CARTESIAN_POINT('',(0.0308422646797025,0.014825,0.0475));
#5392=CARTESIAN_POINT('',(0.0344672646797025,0.014825,0.0475));
#5393=CARTESIAN_POINT('',(0.0286872646797025,0.01169,0.0459));
#5394=CARTESIAN_POINT('',(0.0286872646797025,0.008555,0.0459));
#5395=CARTESIAN_POINT('',(0.0344672646797025,0.029,0.0475));
#5396=CARTESIAN_POINT('',(0.0344672646797025,0.008555,0.0475));
#5397=CARTESIAN_POINT('',(0.0303122646797025,0.008555,0.0459));
#5398=CARTESIAN_POINT('',(0.0303122646797025,0.00693,0.0459));
#5399=CARTESIAN_POINT('',(0.0308422646797025,0.008555,0.0475));
#5400=CARTESIAN_POINT('',(0.0308422646797025,0.00493,0.0475));
#5401=CARTESIAN_POINT('',(0.0305772646797026,0.00693,0.0459));
#5402=CARTESIAN_POINT('',(0.0308422646797025,0.00703,0.0451));
#5403=CARTESIAN_POINT('',(0.0309122646797027,0.00703,0.0173468184345959));
#5404=CARTESIAN_POINT('',(0.0317122646797025,0.00703,0.0173468184345959));
#5405=CARTESIAN_POINT('',(0.0301122646797025,0.00703,0.0173468184345959));
#5406=CARTESIAN_POINT('',(0.0301122646797025,0.00703,0.031223409217298));
#5407=CARTESIAN_POINT('',(0.0301122646797025,0.00703,0.0451));
#5408=CARTESIAN_POINT('',(0.0309122646797027,0.00703,0.0451));
#5409=CARTESIAN_POINT('',(0.0317122646797025,0.00703,0.031223409217298));
#5410=CARTESIAN_POINT('',(0.0317122646797025,0.262717621135332,0.031223409217298));
#5411=CARTESIAN_POINT('',(0.0317122646797025,0.262717621135332,0.0173468184345959));
#5412=CARTESIAN_POINT('',(0.0309122646797025,0.262717621135332,0.0451));
#5413=CARTESIAN_POINT('',(0.0301122646797025,0.262717621135332,0.0451));
#5414=CARTESIAN_POINT('',(0.0301122646797025,0.262717621135332,0.031223409217298));
#5415=CARTESIAN_POINT('',(0.0301122646797025,0.262717621135332,0.0173468184345959));
#5416=CARTESIAN_POINT('',(0.0309122646797025,0.262717621135332,0.0173468184345959));
#5417=CARTESIAN_POINT('',(-0.0372705787124403,0.0091,-0.045098));
#5418=CARTESIAN_POINT('',(0.0372705787124403,0.0091,-0.045098));
#5419=CARTESIAN_POINT('',(-0.0372705787124403,0.0091,-0.0401));
#5420=CARTESIAN_POINT('',(-0.0451705787124402,0.00596312257172835,-0.0401));
#5421=CARTESIAN_POINT('',(-0.0451705787124402,0.00596312257172835,-0.0401));
#5422=CARTESIAN_POINT('',(-0.0372705787124403,0.0091,-0.0401));
#5423=CARTESIAN_POINT('',(-0.0454705787124402,0.00596312257172835,-0.0401));
#5424=CARTESIAN_POINT('',(-0.0457705787124402,0.00596312257172835,-0.0401));
#5425=CARTESIAN_POINT('',(-0.0457705787124402,0.00596312257172835,-0.0401));
#5426=CARTESIAN_POINT('',(-0.0454705787124402,0.00596312257172835,-0.0401));
#5427=CARTESIAN_POINT('',(-0.0457705787124402,0.00448156128586417,-0.0401));
#5428=CARTESIAN_POINT('',(-0.0457705787124402,0.00448156128586417,-0.0401));
#5429=CARTESIAN_POINT('',(2.50330234936097E-17,0.016,-0.0401));
#5430=CARTESIAN_POINT('',(0.0454705787124402,0.00596312257172836,-0.0401));
#5431=CARTESIAN_POINT('',(0.0451705787124402,0.00596312257172836,-0.0401));
#5432=CARTESIAN_POINT('',(0.0451705787124402,0.00596312257172836,-0.0401));
#5433=CARTESIAN_POINT('',(0.0454705787124402,0.00596312257172836,-0.0401));
#5434=CARTESIAN_POINT('',(0.0457705787124402,0.00596312257172836,-0.0401));
#5435=CARTESIAN_POINT('',(0.0457705787124402,0.00596312257172836,-0.0401));
#5436=CARTESIAN_POINT('',(0.0372705787124403,0.0091,-0.0401));
#5437=CARTESIAN_POINT('',(0.0372705787124403,0.0091,-0.0401));
#5438=CARTESIAN_POINT('',(0.0457705787124402,0.00448156128586418,-0.0401));
#5439=CARTESIAN_POINT('',(0.0457705787124402,0.00448156128586418,-0.0401));
#5440=CARTESIAN_POINT('',(2.50330234936097E-17,0.016,-0.0401));
#5441=CARTESIAN_POINT('',(-0.0290705787124402,0.00596312257172835,-0.0401));
#5442=CARTESIAN_POINT('',(-0.0293705787124402,0.00596312257172835,-0.0401));
#5443=CARTESIAN_POINT('',(-0.0293705787124402,0.00596312257172835,-0.0401));
#5444=CARTESIAN_POINT('',(-0.0290705787124402,0.00596312257172835,-0.0401));
#5445=CARTESIAN_POINT('',(-0.0287705787124402,0.00596312257172835,-0.0401));
#5446=CARTESIAN_POINT('',(-0.0287705787124402,0.00596312257172835,-0.0401));
#5447=CARTESIAN_POINT('',(-0.0372705787124403,0.0091,-0.0401));
#5448=CARTESIAN_POINT('',(-0.0372705787124403,0.0091,-0.0401));
#5449=CARTESIAN_POINT('',(-0.0287705787124402,0.00448156128586417,-0.0401));
#5450=CARTESIAN_POINT('',(-0.0287705787124402,0.00448156128586417,-0.0401));
#5451=CARTESIAN_POINT('',(2.50330234936097E-17,0.016,-0.0401));
#5452=CARTESIAN_POINT('',(0.0372705787124403,0.0091,-0.0401));
#5453=CARTESIAN_POINT('',(0.0293705787124403,0.00596312257172836,-0.0401));
#5454=CARTESIAN_POINT('',(0.0293705787124403,0.00596312257172836,-0.0401));
#5455=CARTESIAN_POINT('',(0.0372705787124403,0.0091,-0.0401));
#5456=CARTESIAN_POINT('',(0.0290705787124402,0.00596312257172836,-0.0401));
#5457=CARTESIAN_POINT('',(0.0287705787124403,0.00596312257172836,-0.0401));
#5458=CARTESIAN_POINT('',(0.0287705787124403,0.00596312257172836,-0.0401));
#5459=CARTESIAN_POINT('',(0.0290705787124402,0.00596312257172836,-0.0401));
#5460=CARTESIAN_POINT('',(0.0287705787124403,0.00448156128586418,-0.0401));
#5461=CARTESIAN_POINT('',(0.0287705787124403,0.00448156128586418,-0.0401));
#5462=CARTESIAN_POINT('',(2.50330234936097E-17,0.016,-0.0401));
#5463=CARTESIAN_POINT('',(-0.0453360974788665,0.0182,0.0125846378505228));
#5464=CARTESIAN_POINT('',(-0.0380330872401755,0.0182,0.017220211326758));
#5465=CARTESIAN_POINT('',(-0.0380330872401755,0.0182,0.017220211326758));
#5466=CARTESIAN_POINT('',(-0.0453360974788665,0.0182,0.0125846378505228));
#5467=CARTESIAN_POINT('',(-0.0526391077175573,0.0182,0.0172202113267579));
#5468=CARTESIAN_POINT('',(-0.0526391077175573,0.0182,0.0172202113267579));
#5469=CARTESIAN_POINT('',(-0.0372542577630593,0.0182,0.0172202113267579));
#5470=CARTESIAN_POINT('',(-0.0372542577630593,0.0182,0.0172202113267579));
#5471=CARTESIAN_POINT('',(-0.0534179371946737,0.0182,0.0172202113267579));
#5472=CARTESIAN_POINT('',(-0.0534179371946737,0.0182,0.0172202113267579));
#5473=CARTESIAN_POINT('',(2.77555756156289E-17,0.0182,0.0125846378505227));
#5474=CARTESIAN_POINT('',(0.0372542577630594,0.0182,0.0172202113267579));
#5475=CARTESIAN_POINT('',(0.0380330872401757,0.0182,0.0172202113267579));
#5476=CARTESIAN_POINT('',(0.0380330872401757,0.0182,0.0172202113267579));
#5477=CARTESIAN_POINT('',(0.0372542577630594,0.0182,0.0172202113267579));
#5478=CARTESIAN_POINT('',(0.0453360974788667,0.0182,0.0125846378505228));
#5479=CARTESIAN_POINT('',(0.0526391077175577,0.0182,0.0172202113267579));
#5480=CARTESIAN_POINT('',(0.0526391077175577,0.0182,0.0172202113267579));
#5481=CARTESIAN_POINT('',(0.0453360974788667,0.0182,0.0125846378505228));
#5482=CARTESIAN_POINT('',(0.053417937194674,0.0182,0.0172202113267579));
#5483=CARTESIAN_POINT('',(0.053417937194674,0.0182,0.0172202113267579));
#5484=CARTESIAN_POINT('',(2.77555756156289E-17,0.0182,0.0125846378505227));
#5485=CARTESIAN_POINT('',(0.,0.003,-0.0290194067507983));
#5486=CARTESIAN_POINT('',(0.00162236128052072,0.00218881935973964,-0.0298305873910586));
#5487=CARTESIAN_POINT('',(0.00442236128052072,0.00521118064026036,-0.0268082261105378));
#5488=CARTESIAN_POINT('',(0.00663354192078108,0.003,-4.29048001071615E-19));
#5489=CARTESIAN_POINT('',(0.00636644947230811,0.00326709244847297,0.000534184896945954));
#5490=CARTESIAN_POINT('',(0.00453354192078108,0.0045,-0.000698722654581069));
#5491=CARTESIAN_POINT('',(0.00413354192078109,0.0047,-0.000898722654581069));
#5492=CARTESIAN_POINT('',(0.00393354192078108,0.0045,-0.0141090647026896));
#5493=CARTESIAN_POINT('',(0.00513354192078109,0.0045,0.0316896579518915));
#5494=CARTESIAN_POINT('',(0.000663427904744893,0.00897011401603619,0.022749429919819));
#5495=CARTESIAN_POINT('',(0.00453354192078109,0.0045,0.0182793159037828));
#5496=CARTESIAN_POINT('',(0.00413354192078109,0.0047,0.0184793159037829));
#5497=CARTESIAN_POINT('',(0.00243354192078108,0.003,-4.72194029571533E-19));
#5498=CARTESIAN_POINT('',(0.00393354192078108,0.0045,-0.0141090647026896));
#5499=MECHANICAL_DESIGN_GEOMETRIC_PRESENTATION_REPRESENTATION('',(#3234),
#5500);
#5500=(
GEOMETRIC_REPRESENTATION_CONTEXT(3)
GLOBAL_UNCERTAINTY_ASSIGNED_CONTEXT((#5501))
GLOBAL_UNIT_ASSIGNED_CONTEXT((#5504,#5503,#5502))
REPRESENTATION_CONTEXT('Remote - Body','TOP_LEVEL_ASSEMBLY_PART')
);
#5501=UNCERTAINTY_MEASURE_WITH_UNIT(LENGTH_MEASURE(2.E-5),#5504,
'DISTANCE_ACCURACY_VALUE','Maximum Tolerance applied to model');
#5502=(
NAMED_UNIT(*)
SI_UNIT($,.STERADIAN.)
SOLID_ANGLE_UNIT()
);
#5503=(
NAMED_UNIT(*)
PLANE_ANGLE_UNIT()
SI_UNIT($,.RADIAN.)
);
#5504=(
LENGTH_UNIT()
NAMED_UNIT(*)
SI_UNIT($,.METRE.)
);
#5505=PRODUCT_DEFINITION_SHAPE('','',#5506);
#5506=PRODUCT_DEFINITION('','',#5508,#5507);
#5507=PRODUCT_DEFINITION_CONTEXT('',#5514,'design');
#5508=PRODUCT_DEFINITION_FORMATION_WITH_SPECIFIED_SOURCE('','',#5510,
 .NOT_KNOWN.);
#5509=PRODUCT_RELATED_PRODUCT_CATEGORY('','',(#5510));
#5510=PRODUCT('Remote - Body','Remote - Body','Remote - Body',(#5512));
#5511=PRODUCT_CATEGORY('','');
#5512=PRODUCT_CONTEXT('',#5514,'mechanical');
#5513=APPLICATION_PROTOCOL_DEFINITION('international standard',
'ap242_managed_model_based_3d_engineering',2020,#5514);
#5514=APPLICATION_CONTEXT('managed model based 3d engineering');
ENDSEC;
END-ISO-10303-21;
