ISO-10303-21;
HEADER;
/* Generated by software containing ST-Developer
 * from STEP Tools, Inc. (www.steptools.com) 
 */
/* OPTION: using custom renumber hook */

FILE_DESCRIPTION(
/* description */ ('STEP AP242 Edition 2',
'CAx-IF Rec.Pracs.---Representation and Presentation of Product Manufa
cturing Information (PMI)---4.0---2014-10-13',
'CAx-IF Rec.Pracs.---3D Tessellated Geometry---0.4---2014-09-14','2;1',
'CAx-IF Rec.Pracs.---User Defined Attributes---1.5---2016-08-15'),
/* implementation_level */ '2;1');

FILE_NAME(
/* name */ 'Car - Car - Body',
/* time_stamp */ '2026-08-13T07:37:49Z',
/* author */ (''),
/* organization */ (''),
/* preprocessor_version */ 'ST-DEVELOPER v20',
/* originating_system */ 'ONSHAPE BY PTC INC, 1.219',
/* authorisation */ '  ');

FILE_SCHEMA (('AP242_MANAGED_MODEL_BASED_3D_ENGINEERING_MIM_LF { 1 0 10303 442 3 1 4 }'));
ENDSEC;

DATA;
#10=SHAPE_REPRESENTATION_RELATIONSHIP('','',#2196,#11);
#11=ADVANCED_BREP_SHAPE_REPRESENTATION('',(#2194),#3749);
#12=CONICAL_SURFACE('',#2413,0.003,0.463647609000807);
#13=CONICAL_SURFACE('',#2414,0.003,0.463647609000807);
#14=CONICAL_SURFACE('',#2421,0.0026,0.785398163397446);
#15=CONICAL_SURFACE('',#2422,0.0026,0.785398163397446);
#16=CONICAL_SURFACE('',#2431,0.0012,0.982793723247328);
#17=CONICAL_SURFACE('',#2432,0.0012,0.982793723247328);
#18=CONICAL_SURFACE('',#2433,0.0012,0.982793723247332);
#19=CONICAL_SURFACE('',#2434,0.0012,0.982793723247332);
#20=ELLIPSE('',#2358,0.00169705627484771,0.0012);
#21=ELLIPSE('',#2360,0.00169705627484771,0.0012);
#22=ELLIPSE('',#2363,0.00169705627484771,0.0012);
#23=ELLIPSE('',#2365,0.00169705627484771,0.0012);
#24=CYLINDRICAL_SURFACE('',#2210,0.00393758375798948);
#25=CYLINDRICAL_SURFACE('',#2326,0.002);
#26=CYLINDRICAL_SURFACE('',#2327,0.002);
#27=CYLINDRICAL_SURFACE('',#2328,0.002);
#28=CYLINDRICAL_SURFACE('',#2329,0.002);
#29=CYLINDRICAL_SURFACE('',#2330,0.002);
#30=CYLINDRICAL_SURFACE('',#2331,0.002);
#31=CYLINDRICAL_SURFACE('',#2332,0.002);
#32=CYLINDRICAL_SURFACE('',#2333,0.002);
#33=CYLINDRICAL_SURFACE('',#2334,0.0021);
#34=CYLINDRICAL_SURFACE('',#2335,0.0021);
#35=CYLINDRICAL_SURFACE('',#2336,0.0021);
#36=CYLINDRICAL_SURFACE('',#2337,0.0021);
#37=CYLINDRICAL_SURFACE('',#2342,0.002);
#38=CYLINDRICAL_SURFACE('',#2343,0.002);
#39=CYLINDRICAL_SURFACE('',#2344,0.002);
#40=CYLINDRICAL_SURFACE('',#2345,0.002);
#41=CYLINDRICAL_SURFACE('',#2346,0.002);
#42=CYLINDRICAL_SURFACE('',#2347,0.002);
#43=CYLINDRICAL_SURFACE('',#2348,0.002);
#44=CYLINDRICAL_SURFACE('',#2349,0.002);
#45=CYLINDRICAL_SURFACE('',#2351,0.0026);
#46=CYLINDRICAL_SURFACE('',#2354,0.0026);
#47=CYLINDRICAL_SURFACE('',#2357,0.0012);
#48=CYLINDRICAL_SURFACE('',#2359,0.0012);
#49=CYLINDRICAL_SURFACE('',#2361,0.0012);
#50=CYLINDRICAL_SURFACE('',#2362,0.0012);
#51=CYLINDRICAL_SURFACE('',#2364,0.0012);
#52=CYLINDRICAL_SURFACE('',#2366,0.0012);
#53=CYLINDRICAL_SURFACE('',#2367,0.0012);
#54=CYLINDRICAL_SURFACE('',#2368,0.0012);
#55=CYLINDRICAL_SURFACE('',#2369,0.0012);
#56=CYLINDRICAL_SURFACE('',#2370,0.0012);
#57=CYLINDRICAL_SURFACE('',#2371,0.0012);
#58=CYLINDRICAL_SURFACE('',#2372,0.0012);
#59=CYLINDRICAL_SURFACE('',#2373,0.0012);
#60=CYLINDRICAL_SURFACE('',#2374,0.0012);
#61=CYLINDRICAL_SURFACE('',#2375,0.001);
#62=CYLINDRICAL_SURFACE('',#2376,0.001);
#63=CYLINDRICAL_SURFACE('',#2377,0.001);
#64=CYLINDRICAL_SURFACE('',#2378,0.001);
#65=CYLINDRICAL_SURFACE('',#2379,0.001);
#66=CYLINDRICAL_SURFACE('',#2380,0.001);
#67=CYLINDRICAL_SURFACE('',#2381,0.001);
#68=CYLINDRICAL_SURFACE('',#2382,0.001);
#69=CYLINDRICAL_SURFACE('',#2383,0.00405);
#70=CYLINDRICAL_SURFACE('',#2384,0.0061);
#71=CYLINDRICAL_SURFACE('',#2387,0.0061);
#72=CYLINDRICAL_SURFACE('',#2388,0.00405);
#73=CYLINDRICAL_SURFACE('',#2389,0.00315);
#74=CYLINDRICAL_SURFACE('',#2396,0.001);
#75=CYLINDRICAL_SURFACE('',#2399,0.003);
#76=CYLINDRICAL_SURFACE('',#2404,0.001);
#77=CYLINDRICAL_SURFACE('',#2407,0.003);
#78=CYLINDRICAL_SURFACE('',#2415,0.0036);
#79=CYLINDRICAL_SURFACE('',#2418,0.0036);
#80=CYLINDRICAL_SURFACE('',#2423,0.0012);
#81=CYLINDRICAL_SURFACE('',#2425,0.0012);
#82=CYLINDRICAL_SURFACE('',#2427,0.0012);
#83=CYLINDRICAL_SURFACE('',#2429,0.0012);
#84=B_SPLINE_CURVE_WITH_KNOTS('',3,(#3098,#3099,#3100,#3101),
 .UNSPECIFIED.,.F.,.F.,(4,4),(0.,0.00247867755292939),.UNSPECIFIED.);
#85=B_SPLINE_CURVE_WITH_KNOTS('',3,(#3133,#3134,#3135,#3136),
 .UNSPECIFIED.,.F.,.F.,(4,4),(0.,0.00247867755292942),.UNSPECIFIED.);
#86=B_SPLINE_CURVE_WITH_KNOTS('',3,(#3559,#3560,#3561,#3562,#3563),
 .UNSPECIFIED.,.F.,.F.,(4,1,4),(0.,0.0013241597252226,0.0026483194504452),
 .UNSPECIFIED.);
#87=B_SPLINE_CURVE_WITH_KNOTS('',3,(#3565,#3566,#3567,#3568,#3569),
 .UNSPECIFIED.,.F.,.F.,(4,1,4),(0.,0.0013241597252226,0.0026483194504452),
 .UNSPECIFIED.);
#88=B_SPLINE_CURVE_WITH_KNOTS('',3,(#3571,#3572,#3573,#3574,#3575),
 .UNSPECIFIED.,.F.,.F.,(4,1,4),(0.,0.0013241597252226,0.0026483194504452),
 .UNSPECIFIED.);
#89=B_SPLINE_CURVE_WITH_KNOTS('',3,(#3577,#3578,#3579,#3580,#3581),
 .UNSPECIFIED.,.F.,.F.,(4,1,4),(0.,0.0013241597252226,0.0026483194504452),
 .UNSPECIFIED.);
#90=B_SPLINE_CURVE_WITH_KNOTS('',3,(#3583,#3584,#3585,#3586,#3587),
 .UNSPECIFIED.,.F.,.F.,(4,1,4),(0.,0.0013241597252226,0.00264831945044519),
 .UNSPECIFIED.);
#91=B_SPLINE_CURVE_WITH_KNOTS('',3,(#3589,#3590,#3591,#3592,#3593),
 .UNSPECIFIED.,.F.,.F.,(4,1,4),(0.,0.0013241597252226,0.00264831945044519),
 .UNSPECIFIED.);
#92=B_SPLINE_CURVE_WITH_KNOTS('',3,(#3595,#3596,#3597,#3598,#3599),
 .UNSPECIFIED.,.F.,.F.,(4,1,4),(0.,0.00132415972522261,0.00264831945044523),
 .UNSPECIFIED.);
#93=B_SPLINE_CURVE_WITH_KNOTS('',3,(#3601,#3602,#3603,#3604,#3605),
 .UNSPECIFIED.,.F.,.F.,(4,1,4),(0.,0.0013241597252226,0.00264831945044519),
 .UNSPECIFIED.);
#94=LINE('',#3087,#264);
#95=LINE('',#3090,#265);
#96=LINE('',#3092,#266);
#97=LINE('',#3094,#267);
#98=LINE('',#3095,#268);
#99=LINE('',#3103,#269);
#100=LINE('',#3107,#270);
#101=LINE('',#3111,#271);
#102=LINE('',#3115,#272);
#103=LINE('',#3117,#273);
#104=LINE('',#3119,#274);
#105=LINE('',#3123,#275);
#106=LINE('',#3127,#276);
#107=LINE('',#3131,#277);
#108=LINE('',#3138,#278);
#109=LINE('',#3140,#279);
#110=LINE('',#3145,#280);
#111=LINE('',#3147,#281);
#112=LINE('',#3149,#282);
#113=LINE('',#3151,#283);
#114=LINE('',#3153,#284);
#115=LINE('',#3155,#285);
#116=LINE('',#3157,#286);
#117=LINE('',#3159,#287);
#118=LINE('',#3161,#288);
#119=LINE('',#3163,#289);
#120=LINE('',#3165,#290);
#121=LINE('',#3172,#291);
#122=LINE('',#3175,#292);
#123=LINE('',#3177,#293);
#124=LINE('',#3179,#294);
#125=LINE('',#3181,#295);
#126=LINE('',#3184,#296);
#127=LINE('',#3186,#297);
#128=LINE('',#3188,#298);
#129=LINE('',#3190,#299);
#130=LINE('',#3193,#300);
#131=LINE('',#3195,#301);
#132=LINE('',#3197,#302);
#133=LINE('',#3199,#303);
#134=LINE('',#3202,#304);
#135=LINE('',#3204,#305);
#136=LINE('',#3206,#306);
#137=LINE('',#3213,#307);
#138=LINE('',#3217,#308);
#139=LINE('',#3220,#309);
#140=LINE('',#3223,#310);
#141=LINE('',#3224,#311);
#142=LINE('',#3226,#312);
#143=LINE('',#3228,#313);
#144=LINE('',#3230,#314);
#145=LINE('',#3232,#315);
#146=LINE('',#3236,#316);
#147=LINE('',#3243,#317);
#148=LINE('',#3247,#318);
#149=LINE('',#3248,#319);
#150=LINE('',#3250,#320);
#151=LINE('',#3253,#321);
#152=LINE('',#3254,#322);
#153=LINE('',#3258,#323);
#154=LINE('',#3263,#324);
#155=LINE('',#3273,#325);
#156=LINE('',#3276,#326);
#157=LINE('',#3278,#327);
#158=LINE('',#3280,#328);
#159=LINE('',#3281,#329);
#160=LINE('',#3282,#330);
#161=LINE('',#3286,#331);
#162=LINE('',#3291,#332);
#163=LINE('',#3297,#333);
#164=LINE('',#3300,#334);
#165=LINE('',#3301,#335);
#166=LINE('',#3303,#336);
#167=LINE('',#3306,#337);
#168=LINE('',#3308,#338);
#169=LINE('',#3310,#339);
#170=LINE('',#3314,#340);
#171=LINE('',#3322,#341);
#172=LINE('',#3325,#342);
#173=LINE('',#3327,#343);
#174=LINE('',#3329,#344);
#175=LINE('',#3335,#345);
#176=LINE('',#3338,#346);
#177=LINE('',#3340,#347);
#178=LINE('',#3342,#348);
#179=LINE('',#3346,#349);
#180=LINE('',#3349,#350);
#181=LINE('',#3351,#351);
#182=LINE('',#3353,#352);
#183=LINE('',#3360,#353);
#184=LINE('',#3364,#354);
#185=LINE('',#3368,#355);
#186=LINE('',#3371,#356);
#187=LINE('',#3372,#357);
#188=LINE('',#3374,#358);
#189=LINE('',#3377,#359);
#190=LINE('',#3379,#360);
#191=LINE('',#3381,#361);
#192=LINE('',#3388,#362);
#193=LINE('',#3392,#363);
#194=LINE('',#3396,#364);
#195=LINE('',#3399,#365);
#196=LINE('',#3400,#366);
#197=LINE('',#3406,#367);
#198=LINE('',#3413,#368);
#199=LINE('',#3420,#369);
#200=LINE('',#3422,#370);
#201=LINE('',#3424,#371);
#202=LINE('',#3431,#372);
#203=LINE('',#3435,#373);
#204=LINE('',#3438,#374);
#205=LINE('',#3440,#375);
#206=LINE('',#3442,#376);
#207=LINE('',#3448,#377);
#208=LINE('',#3452,#378);
#209=LINE('',#3457,#379);
#210=LINE('',#3461,#380);
#211=LINE('',#3465,#381);
#212=LINE('',#3471,#382);
#213=LINE('',#3472,#383);
#214=LINE('',#3474,#384);
#215=LINE('',#3477,#385);
#216=LINE('',#3478,#386);
#217=LINE('',#3482,#387);
#218=LINE('',#3489,#388);
#219=LINE('',#3493,#389);
#220=LINE('',#3494,#390);
#221=LINE('',#3496,#391);
#222=LINE('',#3499,#392);
#223=LINE('',#3500,#393);
#224=LINE('',#3507,#394);
#225=LINE('',#3512,#395);
#226=LINE('',#3514,#396);
#227=LINE('',#3516,#397);
#228=LINE('',#3518,#398);
#229=LINE('',#3520,#399);
#230=LINE('',#3521,#400);
#231=LINE('',#3523,#401);
#232=LINE('',#3525,#402);
#233=LINE('',#3526,#403);
#234=LINE('',#3528,#404);
#235=LINE('',#3530,#405);
#236=LINE('',#3532,#406);
#237=LINE('',#3534,#407);
#238=LINE('',#3535,#408);
#239=LINE('',#3537,#409);
#240=LINE('',#3539,#410);
#241=LINE('',#3548,#411);
#242=LINE('',#3551,#412);
#243=LINE('',#3554,#413);
#244=LINE('',#3611,#414);
#245=LINE('',#3612,#415);
#246=LINE('',#3614,#416);
#247=LINE('',#3615,#417);
#248=LINE('',#3617,#418);
#249=LINE('',#3618,#419);
#250=LINE('',#3620,#420);
#251=LINE('',#3621,#421);
#252=LINE('',#3669,#422);
#253=LINE('',#3670,#423);
#254=LINE('',#3672,#424);
#255=LINE('',#3674,#425);
#256=LINE('',#3682,#426);
#257=LINE('',#3684,#427);
#258=LINE('',#3686,#428);
#259=LINE('',#3688,#429);
#260=LINE('',#3690,#430);
#261=LINE('',#3692,#431);
#262=LINE('',#3694,#432);
#263=LINE('',#3696,#433);
#264=VECTOR('',#2443,1.);
#265=VECTOR('',#2444,1.);
#266=VECTOR('',#2445,1.);
#267=VECTOR('',#2446,1.);
#268=VECTOR('',#2447,1.);
#269=VECTOR('',#2448,1.);
#270=VECTOR('',#2451,1.);
#271=VECTOR('',#2454,1.);
#272=VECTOR('',#2457,1.);
#273=VECTOR('',#2458,1.);
#274=VECTOR('',#2459,1.);
#275=VECTOR('',#2462,1.);
#276=VECTOR('',#2465,1.);
#277=VECTOR('',#2468,1.);
#278=VECTOR('',#2469,1.);
#279=VECTOR('',#2470,1.);
#280=VECTOR('',#2477,1.);
#281=VECTOR('',#2478,1.);
#282=VECTOR('',#2479,1.);
#283=VECTOR('',#2480,1.);
#284=VECTOR('',#2481,1.);
#285=VECTOR('',#2482,1.);
#286=VECTOR('',#2483,1.);
#287=VECTOR('',#2484,1.);
#288=VECTOR('',#2485,1.);
#289=VECTOR('',#2486,1.);
#290=VECTOR('',#2487,1.);
#291=VECTOR('',#2496,1.);
#292=VECTOR('',#2497,1.);
#293=VECTOR('',#2498,1.);
#294=VECTOR('',#2499,1.);
#295=VECTOR('',#2502,1.);
#296=VECTOR('',#2503,1.);
#297=VECTOR('',#2504,1.);
#298=VECTOR('',#2505,1.);
#299=VECTOR('',#2508,1.);
#300=VECTOR('',#2509,1.);
#301=VECTOR('',#2510,1.);
#302=VECTOR('',#2511,1.);
#303=VECTOR('',#2514,1.);
#304=VECTOR('',#2515,1.);
#305=VECTOR('',#2516,1.);
#306=VECTOR('',#2517,1.);
#307=VECTOR('',#2524,1.);
#308=VECTOR('',#2527,1.);
#309=VECTOR('',#2530,1.);
#310=VECTOR('',#2531,1.);
#311=VECTOR('',#2532,1.);
#312=VECTOR('',#2533,1.);
#313=VECTOR('',#2534,1.);
#314=VECTOR('',#2535,1.);
#315=VECTOR('',#2536,1.);
#316=VECTOR('',#2541,1.);
#317=VECTOR('',#2548,1.);
#318=VECTOR('',#2553,1.);
#319=VECTOR('',#2554,1.);
#320=VECTOR('',#2557,1.);
#321=VECTOR('',#2558,1.);
#322=VECTOR('',#2559,1.);
#323=VECTOR('',#2564,1.);
#324=VECTOR('',#2567,1.);
#325=VECTOR('',#2580,1.);
#326=VECTOR('',#2581,1.);
#327=VECTOR('',#2582,1.);
#328=VECTOR('',#2583,1.);
#329=VECTOR('',#2584,1.);
#330=VECTOR('',#2585,1.);
#331=VECTOR('',#2590,1.);
#332=VECTOR('',#2593,1.);
#333=VECTOR('',#2602,1.);
#334=VECTOR('',#2603,1.);
#335=VECTOR('',#2604,1.);
#336=VECTOR('',#2607,1.);
#337=VECTOR('',#2608,1.);
#338=VECTOR('',#2609,1.);
#339=VECTOR('',#2610,1.);
#340=VECTOR('',#2615,1.);
#341=VECTOR('',#2626,1.);
#342=VECTOR('',#2627,1.);
#343=VECTOR('',#2628,1.);
#344=VECTOR('',#2629,1.);
#345=VECTOR('',#2636,1.);
#346=VECTOR('',#2637,1.);
#347=VECTOR('',#2638,1.);
#348=VECTOR('',#2639,1.);
#349=VECTOR('',#2644,1.);
#350=VECTOR('',#2645,1.);
#351=VECTOR('',#2646,1.);
#352=VECTOR('',#2647,1.);
#353=VECTOR('',#2656,1.);
#354=VECTOR('',#2659,1.);
#355=VECTOR('',#2664,1.);
#356=VECTOR('',#2665,1.);
#357=VECTOR('',#2666,1.);
#358=VECTOR('',#2669,1.);
#359=VECTOR('',#2670,1.);
#360=VECTOR('',#2671,1.);
#361=VECTOR('',#2672,1.);
#362=VECTOR('',#2681,1.);
#363=VECTOR('',#2684,1.);
#364=VECTOR('',#2689,1.);
#365=VECTOR('',#2690,1.);
#366=VECTOR('',#2691,1.);
#367=VECTOR('',#2698,1.);
#368=VECTOR('',#2707,1.);
#369=VECTOR('',#2716,1.);
#370=VECTOR('',#2717,1.);
#371=VECTOR('',#2718,1.);
#372=VECTOR('',#2725,1.);
#373=VECTOR('',#2728,1.);
#374=VECTOR('',#2731,1.);
#375=VECTOR('',#2732,1.);
#376=VECTOR('',#2733,1.);
#377=VECTOR('',#2740,1.);
#378=VECTOR('',#2743,1.);
#379=VECTOR('',#2748,1.);
#380=VECTOR('',#2751,1.);
#381=VECTOR('',#2754,1.);
#382=VECTOR('',#2761,1.);
#383=VECTOR('',#2762,1.);
#384=VECTOR('',#2765,1.);
#385=VECTOR('',#2766,1.);
#386=VECTOR('',#2767,1.);
#387=VECTOR('',#2772,1.);
#388=VECTOR('',#2779,1.);
#389=VECTOR('',#2784,1.);
#390=VECTOR('',#2785,1.);
#391=VECTOR('',#2788,1.);
#392=VECTOR('',#2789,1.);
#393=VECTOR('',#2790,1.);
#394=VECTOR('',#2799,1.);
#395=VECTOR('',#2806,1.);
#396=VECTOR('',#2807,1.);
#397=VECTOR('',#2808,1.);
#398=VECTOR('',#2809,1.);
#399=VECTOR('',#2810,1.);
#400=VECTOR('',#2811,1.);
#401=VECTOR('',#2812,1.);
#402=VECTOR('',#2813,1.);
#403=VECTOR('',#2814,1.);
#404=VECTOR('',#2815,1.);
#405=VECTOR('',#2816,1.);
#406=VECTOR('',#2817,1.);
#407=VECTOR('',#2818,1.);
#408=VECTOR('',#2819,1.);
#409=VECTOR('',#2820,1.);
#410=VECTOR('',#2821,1.);
#411=VECTOR('',#2832,1.);
#412=VECTOR('',#2835,1.);
#413=VECTOR('',#2838,1.);
#414=VECTOR('',#2869,1.);
#415=VECTOR('',#2870,1.);
#416=VECTOR('',#2873,1.);
#417=VECTOR('',#2874,1.);
#418=VECTOR('',#2877,1.);
#419=VECTOR('',#2878,1.);
#420=VECTOR('',#2881,1.);
#421=VECTOR('',#2882,1.);
#422=VECTOR('',#2969,1.);
#423=VECTOR('',#2970,1.);
#424=VECTOR('',#2973,1.);
#425=VECTOR('',#2976,1.);
#426=VECTOR('',#2989,1.);
#427=VECTOR('',#2990,1.);
#428=VECTOR('',#2991,1.);
#429=VECTOR('',#2994,1.);
#430=VECTOR('',#2995,1.);
#431=VECTOR('',#2998,1.);
#432=VECTOR('',#2999,1.);
#433=VECTOR('',#3002,1.);
#434=ORIENTED_EDGE('',*,*,#1026,.F.);
#435=ORIENTED_EDGE('',*,*,#1027,.F.);
#436=ORIENTED_EDGE('',*,*,#1028,.T.);
#437=ORIENTED_EDGE('',*,*,#1029,.T.);
#438=ORIENTED_EDGE('',*,*,#1030,.F.);
#439=ORIENTED_EDGE('',*,*,#1031,.T.);
#440=ORIENTED_EDGE('',*,*,#1032,.T.);
#441=ORIENTED_EDGE('',*,*,#1033,.T.);
#442=ORIENTED_EDGE('',*,*,#1034,.F.);
#443=ORIENTED_EDGE('',*,*,#1035,.T.);
#444=ORIENTED_EDGE('',*,*,#1036,.F.);
#445=ORIENTED_EDGE('',*,*,#1037,.T.);
#446=ORIENTED_EDGE('',*,*,#1038,.T.);
#447=ORIENTED_EDGE('',*,*,#1039,.T.);
#448=ORIENTED_EDGE('',*,*,#1040,.T.);
#449=ORIENTED_EDGE('',*,*,#1041,.T.);
#450=ORIENTED_EDGE('',*,*,#1042,.F.);
#451=ORIENTED_EDGE('',*,*,#1043,.T.);
#452=ORIENTED_EDGE('',*,*,#1044,.T.);
#453=ORIENTED_EDGE('',*,*,#1045,.T.);
#454=ORIENTED_EDGE('',*,*,#1046,.T.);
#455=ORIENTED_EDGE('',*,*,#1047,.T.);
#456=ORIENTED_EDGE('',*,*,#1048,.F.);
#457=ORIENTED_EDGE('',*,*,#1049,.T.);
#458=ORIENTED_EDGE('',*,*,#1050,.T.);
#459=ORIENTED_EDGE('',*,*,#1051,.F.);
#460=ORIENTED_EDGE('',*,*,#1052,.T.);
#461=ORIENTED_EDGE('',*,*,#1034,.T.);
#462=ORIENTED_EDGE('',*,*,#1053,.T.);
#463=ORIENTED_EDGE('',*,*,#1048,.T.);
#464=ORIENTED_EDGE('',*,*,#1054,.T.);
#465=ORIENTED_EDGE('',*,*,#1055,.T.);
#466=ORIENTED_EDGE('',*,*,#1056,.T.);
#467=ORIENTED_EDGE('',*,*,#1057,.T.);
#468=ORIENTED_EDGE('',*,*,#1058,.T.);
#469=ORIENTED_EDGE('',*,*,#1059,.T.);
#470=ORIENTED_EDGE('',*,*,#1060,.T.);
#471=ORIENTED_EDGE('',*,*,#1061,.T.);
#472=ORIENTED_EDGE('',*,*,#1062,.T.);
#473=ORIENTED_EDGE('',*,*,#1063,.T.);
#474=ORIENTED_EDGE('',*,*,#1064,.T.);
#475=ORIENTED_EDGE('',*,*,#1065,.F.);
#476=ORIENTED_EDGE('',*,*,#1066,.F.);
#477=ORIENTED_EDGE('',*,*,#1067,.T.);
#478=ORIENTED_EDGE('',*,*,#1068,.T.);
#479=ORIENTED_EDGE('',*,*,#1069,.T.);
#480=ORIENTED_EDGE('',*,*,#1070,.F.);
#481=ORIENTED_EDGE('',*,*,#1071,.T.);
#482=ORIENTED_EDGE('',*,*,#1072,.T.);
#483=ORIENTED_EDGE('',*,*,#1073,.T.);
#484=ORIENTED_EDGE('',*,*,#1074,.F.);
#485=ORIENTED_EDGE('',*,*,#1075,.T.);
#486=ORIENTED_EDGE('',*,*,#1076,.T.);
#487=ORIENTED_EDGE('',*,*,#1077,.T.);
#488=ORIENTED_EDGE('',*,*,#1078,.T.);
#489=ORIENTED_EDGE('',*,*,#1079,.T.);
#490=ORIENTED_EDGE('',*,*,#1080,.T.);
#491=ORIENTED_EDGE('',*,*,#1081,.T.);
#492=ORIENTED_EDGE('',*,*,#1082,.T.);
#493=ORIENTED_EDGE('',*,*,#1083,.T.);
#494=ORIENTED_EDGE('',*,*,#1084,.T.);
#495=ORIENTED_EDGE('',*,*,#1085,.T.);
#496=ORIENTED_EDGE('',*,*,#1086,.T.);
#497=ORIENTED_EDGE('',*,*,#1087,.F.);
#498=ORIENTED_EDGE('',*,*,#1088,.T.);
#499=ORIENTED_EDGE('',*,*,#1089,.F.);
#500=ORIENTED_EDGE('',*,*,#1090,.T.);
#501=ORIENTED_EDGE('',*,*,#1042,.T.);
#502=ORIENTED_EDGE('',*,*,#1091,.T.);
#503=ORIENTED_EDGE('',*,*,#1092,.F.);
#504=ORIENTED_EDGE('',*,*,#1093,.T.);
#505=ORIENTED_EDGE('',*,*,#1094,.T.);
#506=ORIENTED_EDGE('',*,*,#1095,.T.);
#507=ORIENTED_EDGE('',*,*,#1096,.T.);
#508=ORIENTED_EDGE('',*,*,#1097,.T.);
#509=ORIENTED_EDGE('',*,*,#1098,.T.);
#510=ORIENTED_EDGE('',*,*,#1089,.T.);
#511=ORIENTED_EDGE('',*,*,#1099,.T.);
#512=ORIENTED_EDGE('',*,*,#1055,.F.);
#513=ORIENTED_EDGE('',*,*,#1100,.T.);
#514=ORIENTED_EDGE('',*,*,#1101,.F.);
#515=ORIENTED_EDGE('',*,*,#1102,.T.);
#516=ORIENTED_EDGE('',*,*,#1046,.F.);
#517=ORIENTED_EDGE('',*,*,#1103,.T.);
#518=ORIENTED_EDGE('',*,*,#1101,.T.);
#519=ORIENTED_EDGE('',*,*,#1104,.T.);
#520=ORIENTED_EDGE('',*,*,#1105,.F.);
#521=ORIENTED_EDGE('',*,*,#1106,.T.);
#522=ORIENTED_EDGE('',*,*,#1036,.T.);
#523=ORIENTED_EDGE('',*,*,#1107,.T.);
#524=ORIENTED_EDGE('',*,*,#1108,.T.);
#525=ORIENTED_EDGE('',*,*,#1109,.F.);
#526=ORIENTED_EDGE('',*,*,#1110,.T.);
#527=ORIENTED_EDGE('',*,*,#1111,.T.);
#528=ORIENTED_EDGE('',*,*,#1112,.T.);
#529=ORIENTED_EDGE('',*,*,#1105,.T.);
#530=ORIENTED_EDGE('',*,*,#1113,.T.);
#531=ORIENTED_EDGE('',*,*,#1063,.F.);
#532=ORIENTED_EDGE('',*,*,#1114,.T.);
#533=ORIENTED_EDGE('',*,*,#1115,.F.);
#534=ORIENTED_EDGE('',*,*,#1116,.F.);
#535=ORIENTED_EDGE('',*,*,#1065,.T.);
#536=ORIENTED_EDGE('',*,*,#1117,.F.);
#537=ORIENTED_EDGE('',*,*,#1118,.T.);
#538=ORIENTED_EDGE('',*,*,#1119,.T.);
#539=ORIENTED_EDGE('',*,*,#1120,.T.);
#540=ORIENTED_EDGE('',*,*,#1040,.F.);
#541=ORIENTED_EDGE('',*,*,#1121,.T.);
#542=ORIENTED_EDGE('',*,*,#1109,.T.);
#543=ORIENTED_EDGE('',*,*,#1122,.T.);
#544=ORIENTED_EDGE('',*,*,#1123,.T.);
#545=ORIENTED_EDGE('',*,*,#1124,.F.);
#546=ORIENTED_EDGE('',*,*,#1125,.T.);
#547=ORIENTED_EDGE('',*,*,#1126,.T.);
#548=ORIENTED_EDGE('',*,*,#1127,.T.);
#549=ORIENTED_EDGE('',*,*,#1117,.T.);
#550=ORIENTED_EDGE('',*,*,#1128,.T.);
#551=ORIENTED_EDGE('',*,*,#1061,.F.);
#552=ORIENTED_EDGE('',*,*,#1129,.T.);
#553=ORIENTED_EDGE('',*,*,#1130,.F.);
#554=ORIENTED_EDGE('',*,*,#1131,.T.);
#555=ORIENTED_EDGE('',*,*,#1124,.T.);
#556=ORIENTED_EDGE('',*,*,#1132,.T.);
#557=ORIENTED_EDGE('',*,*,#1133,.F.);
#558=ORIENTED_EDGE('',*,*,#1134,.T.);
#559=ORIENTED_EDGE('',*,*,#1135,.T.);
#560=ORIENTED_EDGE('',*,*,#1136,.T.);
#561=ORIENTED_EDGE('',*,*,#1137,.T.);
#562=ORIENTED_EDGE('',*,*,#1138,.T.);
#563=ORIENTED_EDGE('',*,*,#1139,.T.);
#564=ORIENTED_EDGE('',*,*,#1133,.T.);
#565=ORIENTED_EDGE('',*,*,#1140,.T.);
#566=ORIENTED_EDGE('',*,*,#1057,.F.);
#567=ORIENTED_EDGE('',*,*,#1141,.T.);
#568=ORIENTED_EDGE('',*,*,#1094,.F.);
#569=ORIENTED_EDGE('',*,*,#1142,.T.);
#570=ORIENTED_EDGE('',*,*,#1143,.F.);
#571=ORIENTED_EDGE('',*,*,#1144,.T.);
#572=ORIENTED_EDGE('',*,*,#1145,.T.);
#573=ORIENTED_EDGE('',*,*,#1146,.T.);
#574=ORIENTED_EDGE('',*,*,#1147,.T.);
#575=ORIENTED_EDGE('',*,*,#1148,.T.);
#576=ORIENTED_EDGE('',*,*,#1149,.T.);
#577=ORIENTED_EDGE('',*,*,#1150,.T.);
#578=ORIENTED_EDGE('',*,*,#1151,.F.);
#579=ORIENTED_EDGE('',*,*,#1152,.F.);
#580=ORIENTED_EDGE('',*,*,#1153,.F.);
#581=ORIENTED_EDGE('',*,*,#1154,.F.);
#582=ORIENTED_EDGE('',*,*,#1155,.T.);
#583=ORIENTED_EDGE('',*,*,#1156,.T.);
#584=ORIENTED_EDGE('',*,*,#1157,.T.);
#585=ORIENTED_EDGE('',*,*,#1158,.F.);
#586=ORIENTED_EDGE('',*,*,#1074,.T.);
#587=ORIENTED_EDGE('',*,*,#1159,.T.);
#588=ORIENTED_EDGE('',*,*,#1154,.T.);
#589=ORIENTED_EDGE('',*,*,#1160,.T.);
#590=ORIENTED_EDGE('',*,*,#1161,.F.);
#591=ORIENTED_EDGE('',*,*,#1162,.T.);
#592=ORIENTED_EDGE('',*,*,#1163,.F.);
#593=ORIENTED_EDGE('',*,*,#1164,.T.);
#594=ORIENTED_EDGE('',*,*,#1165,.F.);
#595=ORIENTED_EDGE('',*,*,#1166,.T.);
#596=ORIENTED_EDGE('',*,*,#1163,.T.);
#597=ORIENTED_EDGE('',*,*,#1167,.T.);
#598=ORIENTED_EDGE('',*,*,#1168,.F.);
#599=ORIENTED_EDGE('',*,*,#1169,.T.);
#600=ORIENTED_EDGE('',*,*,#1170,.T.);
#601=ORIENTED_EDGE('',*,*,#1171,.T.);
#602=ORIENTED_EDGE('',*,*,#1172,.F.);
#603=ORIENTED_EDGE('',*,*,#1070,.T.);
#604=ORIENTED_EDGE('',*,*,#1173,.T.);
#605=ORIENTED_EDGE('',*,*,#1168,.T.);
#606=ORIENTED_EDGE('',*,*,#1174,.T.);
#607=ORIENTED_EDGE('',*,*,#1175,.F.);
#608=ORIENTED_EDGE('',*,*,#1176,.T.);
#609=ORIENTED_EDGE('',*,*,#1177,.F.);
#610=ORIENTED_EDGE('',*,*,#1178,.T.);
#611=ORIENTED_EDGE('',*,*,#1179,.F.);
#612=ORIENTED_EDGE('',*,*,#1180,.T.);
#613=ORIENTED_EDGE('',*,*,#1177,.T.);
#614=ORIENTED_EDGE('',*,*,#1181,.T.);
#615=ORIENTED_EDGE('',*,*,#1182,.T.);
#616=ORIENTED_EDGE('',*,*,#1183,.T.);
#617=ORIENTED_EDGE('',*,*,#1151,.T.);
#618=ORIENTED_EDGE('',*,*,#1184,.T.);
#619=ORIENTED_EDGE('',*,*,#1185,.T.);
#620=ORIENTED_EDGE('',*,*,#1156,.F.);
#621=ORIENTED_EDGE('',*,*,#1186,.T.);
#622=ORIENTED_EDGE('',*,*,#1072,.F.);
#623=ORIENTED_EDGE('',*,*,#1187,.T.);
#624=ORIENTED_EDGE('',*,*,#1165,.T.);
#625=ORIENTED_EDGE('',*,*,#1188,.T.);
#626=ORIENTED_EDGE('',*,*,#1189,.T.);
#627=ORIENTED_EDGE('',*,*,#1190,.T.);
#628=ORIENTED_EDGE('',*,*,#1170,.F.);
#629=ORIENTED_EDGE('',*,*,#1191,.T.);
#630=ORIENTED_EDGE('',*,*,#1068,.F.);
#631=ORIENTED_EDGE('',*,*,#1192,.T.);
#632=ORIENTED_EDGE('',*,*,#1179,.T.);
#633=ORIENTED_EDGE('',*,*,#1193,.T.);
#634=ORIENTED_EDGE('',*,*,#1194,.T.);
#635=ORIENTED_EDGE('',*,*,#1195,.F.);
#636=ORIENTED_EDGE('',*,*,#1196,.T.);
#637=ORIENTED_EDGE('',*,*,#1197,.F.);
#638=ORIENTED_EDGE('',*,*,#1198,.F.);
#639=ORIENTED_EDGE('',*,*,#1199,.T.);
#640=ORIENTED_EDGE('',*,*,#1200,.F.);
#641=ORIENTED_EDGE('',*,*,#1201,.F.);
#642=ORIENTED_EDGE('',*,*,#1202,.F.);
#643=ORIENTED_EDGE('',*,*,#1195,.T.);
#644=ORIENTED_EDGE('',*,*,#1203,.T.);
#645=ORIENTED_EDGE('',*,*,#1204,.F.);
#646=ORIENTED_EDGE('',*,*,#1205,.T.);
#647=ORIENTED_EDGE('',*,*,#1206,.T.);
#648=ORIENTED_EDGE('',*,*,#1207,.T.);
#649=ORIENTED_EDGE('',*,*,#1204,.T.);
#650=ORIENTED_EDGE('',*,*,#1208,.T.);
#651=ORIENTED_EDGE('',*,*,#1209,.T.);
#652=ORIENTED_EDGE('',*,*,#1210,.F.);
#653=ORIENTED_EDGE('',*,*,#1211,.T.);
#654=ORIENTED_EDGE('',*,*,#1080,.F.);
#655=ORIENTED_EDGE('',*,*,#1212,.T.);
#656=ORIENTED_EDGE('',*,*,#1213,.T.);
#657=ORIENTED_EDGE('',*,*,#1214,.T.);
#658=ORIENTED_EDGE('',*,*,#1215,.T.);
#659=ORIENTED_EDGE('',*,*,#1216,.T.);
#660=ORIENTED_EDGE('',*,*,#1217,.F.);
#661=ORIENTED_EDGE('',*,*,#1218,.T.);
#662=ORIENTED_EDGE('',*,*,#1076,.F.);
#663=ORIENTED_EDGE('',*,*,#1219,.T.);
#664=ORIENTED_EDGE('',*,*,#1143,.T.);
#665=ORIENTED_EDGE('',*,*,#1220,.T.);
#666=ORIENTED_EDGE('',*,*,#1221,.T.);
#667=ORIENTED_EDGE('',*,*,#1149,.F.);
#668=ORIENTED_EDGE('',*,*,#1222,.T.);
#669=ORIENTED_EDGE('',*,*,#1223,.F.);
#670=ORIENTED_EDGE('',*,*,#1224,.T.);
#671=ORIENTED_EDGE('',*,*,#1210,.T.);
#672=ORIENTED_EDGE('',*,*,#1225,.T.);
#673=ORIENTED_EDGE('',*,*,#1226,.F.);
#674=ORIENTED_EDGE('',*,*,#1227,.F.);
#675=ORIENTED_EDGE('',*,*,#1228,.T.);
#676=ORIENTED_EDGE('',*,*,#1082,.F.);
#677=ORIENTED_EDGE('',*,*,#1229,.T.);
#678=ORIENTED_EDGE('',*,*,#1223,.T.);
#679=ORIENTED_EDGE('',*,*,#1230,.T.);
#680=ORIENTED_EDGE('',*,*,#1231,.T.);
#681=ORIENTED_EDGE('',*,*,#1232,.T.);
#682=ORIENTED_EDGE('',*,*,#1213,.F.);
#683=ORIENTED_EDGE('',*,*,#1233,.T.);
#684=ORIENTED_EDGE('',*,*,#1227,.T.);
#685=ORIENTED_EDGE('',*,*,#1234,.T.);
#686=ORIENTED_EDGE('',*,*,#1235,.F.);
#687=ORIENTED_EDGE('',*,*,#1236,.T.);
#688=ORIENTED_EDGE('',*,*,#1217,.T.);
#689=ORIENTED_EDGE('',*,*,#1237,.T.);
#690=ORIENTED_EDGE('',*,*,#1238,.F.);
#691=ORIENTED_EDGE('',*,*,#1078,.F.);
#692=ORIENTED_EDGE('',*,*,#1239,.T.);
#693=ORIENTED_EDGE('',*,*,#1235,.T.);
#694=ORIENTED_EDGE('',*,*,#1240,.T.);
#695=ORIENTED_EDGE('',*,*,#1241,.T.);
#696=ORIENTED_EDGE('',*,*,#1242,.T.);
#697=ORIENTED_EDGE('',*,*,#1145,.F.);
#698=ORIENTED_EDGE('',*,*,#1243,.T.);
#699=ORIENTED_EDGE('',*,*,#1244,.T.);
#700=ORIENTED_EDGE('',*,*,#1245,.T.);
#701=ORIENTED_EDGE('',*,*,#1246,.T.);
#702=ORIENTED_EDGE('',*,*,#1247,.T.);
#703=ORIENTED_EDGE('',*,*,#1248,.T.);
#704=ORIENTED_EDGE('',*,*,#1175,.T.);
#705=ORIENTED_EDGE('',*,*,#1249,.T.);
#706=ORIENTED_EDGE('',*,*,#1250,.T.);
#707=ORIENTED_EDGE('',*,*,#1251,.T.);
#708=ORIENTED_EDGE('',*,*,#1161,.T.);
#709=ORIENTED_EDGE('',*,*,#1252,.T.);
#710=ORIENTED_EDGE('',*,*,#1253,.T.);
#711=ORIENTED_EDGE('',*,*,#1254,.T.);
#712=ORIENTED_EDGE('',*,*,#1255,.T.);
#713=ORIENTED_EDGE('',*,*,#1256,.T.);
#714=ORIENTED_EDGE('',*,*,#1241,.F.);
#715=ORIENTED_EDGE('',*,*,#1257,.T.);
#716=ORIENTED_EDGE('',*,*,#1258,.T.);
#717=ORIENTED_EDGE('',*,*,#1259,.T.);
#718=ORIENTED_EDGE('',*,*,#1231,.F.);
#719=ORIENTED_EDGE('',*,*,#1260,.F.);
#720=ORIENTED_EDGE('',*,*,#1261,.F.);
#721=ORIENTED_EDGE('',*,*,#1059,.F.);
#722=ORIENTED_EDGE('',*,*,#1262,.T.);
#723=ORIENTED_EDGE('',*,*,#1135,.F.);
#724=ORIENTED_EDGE('',*,*,#1263,.T.);
#725=ORIENTED_EDGE('',*,*,#1264,.T.);
#726=ORIENTED_EDGE('',*,*,#1265,.T.);
#727=ORIENTED_EDGE('',*,*,#1092,.T.);
#728=ORIENTED_EDGE('',*,*,#1266,.T.);
#729=ORIENTED_EDGE('',*,*,#1119,.F.);
#730=ORIENTED_EDGE('',*,*,#1267,.T.);
#731=ORIENTED_EDGE('',*,*,#1268,.F.);
#732=ORIENTED_EDGE('',*,*,#1269,.T.);
#733=ORIENTED_EDGE('',*,*,#1130,.T.);
#734=ORIENTED_EDGE('',*,*,#1270,.T.);
#735=ORIENTED_EDGE('',*,*,#1193,.F.);
#736=ORIENTED_EDGE('',*,*,#1181,.F.);
#737=ORIENTED_EDGE('',*,*,#1176,.F.);
#738=ORIENTED_EDGE('',*,*,#1248,.F.);
#739=ORIENTED_EDGE('',*,*,#1271,.T.);
#740=ORIENTED_EDGE('',*,*,#1190,.F.);
#741=ORIENTED_EDGE('',*,*,#1272,.T.);
#742=ORIENTED_EDGE('',*,*,#1249,.F.);
#743=ORIENTED_EDGE('',*,*,#1174,.F.);
#744=ORIENTED_EDGE('',*,*,#1171,.F.);
#745=ORIENTED_EDGE('',*,*,#1185,.F.);
#746=ORIENTED_EDGE('',*,*,#1273,.T.);
#747=ORIENTED_EDGE('',*,*,#1252,.F.);
#748=ORIENTED_EDGE('',*,*,#1160,.F.);
#749=ORIENTED_EDGE('',*,*,#1157,.F.);
#750=ORIENTED_EDGE('',*,*,#1188,.F.);
#751=ORIENTED_EDGE('',*,*,#1167,.F.);
#752=ORIENTED_EDGE('',*,*,#1162,.F.);
#753=ORIENTED_EDGE('',*,*,#1251,.F.);
#754=ORIENTED_EDGE('',*,*,#1274,.T.);
#755=ORIENTED_EDGE('',*,*,#1220,.F.);
#756=ORIENTED_EDGE('',*,*,#1146,.F.);
#757=ORIENTED_EDGE('',*,*,#1242,.F.);
#758=ORIENTED_EDGE('',*,*,#1256,.F.);
#759=ORIENTED_EDGE('',*,*,#1275,.T.);
#760=ORIENTED_EDGE('',*,*,#1216,.F.);
#761=ORIENTED_EDGE('',*,*,#1276,.T.);
#762=ORIENTED_EDGE('',*,*,#1257,.F.);
#763=ORIENTED_EDGE('',*,*,#1240,.F.);
#764=ORIENTED_EDGE('',*,*,#1237,.F.);
#765=ORIENTED_EDGE('',*,*,#1214,.F.);
#766=ORIENTED_EDGE('',*,*,#1234,.F.);
#767=ORIENTED_EDGE('',*,*,#1232,.F.);
#768=ORIENTED_EDGE('',*,*,#1259,.F.);
#769=ORIENTED_EDGE('',*,*,#1277,.T.);
#770=ORIENTED_EDGE('',*,*,#1209,.F.);
#771=ORIENTED_EDGE('',*,*,#1278,.T.);
#772=ORIENTED_EDGE('',*,*,#1244,.F.);
#773=ORIENTED_EDGE('',*,*,#1230,.F.);
#774=ORIENTED_EDGE('',*,*,#1225,.F.);
#775=ORIENTED_EDGE('',*,*,#1226,.T.);
#776=ORIENTED_EDGE('',*,*,#1137,.F.);
#777=ORIENTED_EDGE('',*,*,#1238,.T.);
#778=ORIENTED_EDGE('',*,*,#1123,.F.);
#779=ORIENTED_EDGE('',*,*,#1158,.T.);
#780=ORIENTED_EDGE('',*,*,#1108,.F.);
#781=ORIENTED_EDGE('',*,*,#1172,.T.);
#782=ORIENTED_EDGE('',*,*,#1096,.F.);
#783=ORIENTED_EDGE('',*,*,#1264,.F.);
#784=ORIENTED_EDGE('',*,*,#1279,.T.);
#785=ORIENTED_EDGE('',*,*,#1138,.F.);
#786=ORIENTED_EDGE('',*,*,#1280,.T.);
#787=ORIENTED_EDGE('',*,*,#1126,.F.);
#788=ORIENTED_EDGE('',*,*,#1281,.T.);
#789=ORIENTED_EDGE('',*,*,#1268,.T.);
#790=ORIENTED_EDGE('',*,*,#1282,.T.);
#791=ORIENTED_EDGE('',*,*,#1111,.F.);
#792=ORIENTED_EDGE('',*,*,#1283,.T.);
#793=ORIENTED_EDGE('',*,*,#1038,.F.);
#794=ORIENTED_EDGE('',*,*,#1284,.T.);
#795=ORIENTED_EDGE('',*,*,#1044,.F.);
#796=ORIENTED_EDGE('',*,*,#1285,.T.);
#797=ORIENTED_EDGE('',*,*,#1097,.F.);
#798=ORIENTED_EDGE('',*,*,#1286,.T.);
#799=ORIENTED_EDGE('',*,*,#1218,.F.);
#800=ORIENTED_EDGE('',*,*,#1236,.F.);
#801=ORIENTED_EDGE('',*,*,#1239,.F.);
#802=ORIENTED_EDGE('',*,*,#1077,.F.);
#803=ORIENTED_EDGE('',*,*,#1219,.F.);
#804=ORIENTED_EDGE('',*,*,#1075,.F.);
#805=ORIENTED_EDGE('',*,*,#1243,.F.);
#806=ORIENTED_EDGE('',*,*,#1144,.F.);
#807=ORIENTED_EDGE('',*,*,#1212,.F.);
#808=ORIENTED_EDGE('',*,*,#1079,.F.);
#809=ORIENTED_EDGE('',*,*,#1228,.F.);
#810=ORIENTED_EDGE('',*,*,#1233,.F.);
#811=ORIENTED_EDGE('',*,*,#1211,.F.);
#812=ORIENTED_EDGE('',*,*,#1224,.F.);
#813=ORIENTED_EDGE('',*,*,#1229,.F.);
#814=ORIENTED_EDGE('',*,*,#1081,.F.);
#815=ORIENTED_EDGE('',*,*,#1186,.F.);
#816=ORIENTED_EDGE('',*,*,#1155,.F.);
#817=ORIENTED_EDGE('',*,*,#1159,.F.);
#818=ORIENTED_EDGE('',*,*,#1073,.F.);
#819=ORIENTED_EDGE('',*,*,#1187,.F.);
#820=ORIENTED_EDGE('',*,*,#1071,.F.);
#821=ORIENTED_EDGE('',*,*,#1164,.F.);
#822=ORIENTED_EDGE('',*,*,#1166,.F.);
#823=ORIENTED_EDGE('',*,*,#1191,.F.);
#824=ORIENTED_EDGE('',*,*,#1169,.F.);
#825=ORIENTED_EDGE('',*,*,#1173,.F.);
#826=ORIENTED_EDGE('',*,*,#1069,.F.);
#827=ORIENTED_EDGE('',*,*,#1192,.F.);
#828=ORIENTED_EDGE('',*,*,#1067,.F.);
#829=ORIENTED_EDGE('',*,*,#1178,.F.);
#830=ORIENTED_EDGE('',*,*,#1180,.F.);
#831=ORIENTED_EDGE('',*,*,#1196,.F.);
#832=ORIENTED_EDGE('',*,*,#1205,.F.);
#833=ORIENTED_EDGE('',*,*,#1222,.F.);
#834=ORIENTED_EDGE('',*,*,#1152,.T.);
#835=ORIENTED_EDGE('',*,*,#1091,.F.);
#836=ORIENTED_EDGE('',*,*,#1041,.F.);
#837=ORIENTED_EDGE('',*,*,#1120,.F.);
#838=ORIENTED_EDGE('',*,*,#1266,.F.);
#839=ORIENTED_EDGE('',*,*,#1287,.T.);
#840=ORIENTED_EDGE('',*,*,#1288,.F.);
#841=ORIENTED_EDGE('',*,*,#1289,.T.);
#842=ORIENTED_EDGE('',*,*,#1290,.F.);
#843=ORIENTED_EDGE('',*,*,#1271,.F.);
#844=ORIENTED_EDGE('',*,*,#1247,.F.);
#845=ORIENTED_EDGE('',*,*,#1291,.F.);
#846=ORIENTED_EDGE('',*,*,#1194,.F.);
#847=ORIENTED_EDGE('',*,*,#1291,.T.);
#848=ORIENTED_EDGE('',*,*,#1246,.F.);
#849=ORIENTED_EDGE('',*,*,#1292,.F.);
#850=ORIENTED_EDGE('',*,*,#1203,.F.);
#851=ORIENTED_EDGE('',*,*,#1278,.F.);
#852=ORIENTED_EDGE('',*,*,#1208,.F.);
#853=ORIENTED_EDGE('',*,*,#1292,.T.);
#854=ORIENTED_EDGE('',*,*,#1245,.F.);
#855=ORIENTED_EDGE('',*,*,#1275,.F.);
#856=ORIENTED_EDGE('',*,*,#1255,.F.);
#857=ORIENTED_EDGE('',*,*,#1293,.F.);
#858=ORIENTED_EDGE('',*,*,#1221,.F.);
#859=ORIENTED_EDGE('',*,*,#1293,.T.);
#860=ORIENTED_EDGE('',*,*,#1254,.F.);
#861=ORIENTED_EDGE('',*,*,#1294,.F.);
#862=ORIENTED_EDGE('',*,*,#1150,.F.);
#863=ORIENTED_EDGE('',*,*,#1294,.T.);
#864=ORIENTED_EDGE('',*,*,#1253,.F.);
#865=ORIENTED_EDGE('',*,*,#1273,.F.);
#866=ORIENTED_EDGE('',*,*,#1184,.F.);
#867=ORIENTED_EDGE('',*,*,#1274,.F.);
#868=ORIENTED_EDGE('',*,*,#1250,.F.);
#869=ORIENTED_EDGE('',*,*,#1272,.F.);
#870=ORIENTED_EDGE('',*,*,#1189,.F.);
#871=ORIENTED_EDGE('',*,*,#1276,.F.);
#872=ORIENTED_EDGE('',*,*,#1215,.F.);
#873=ORIENTED_EDGE('',*,*,#1277,.F.);
#874=ORIENTED_EDGE('',*,*,#1258,.F.);
#875=ORIENTED_EDGE('',*,*,#1113,.F.);
#876=ORIENTED_EDGE('',*,*,#1107,.F.);
#877=ORIENTED_EDGE('',*,*,#1035,.F.);
#878=ORIENTED_EDGE('',*,*,#1064,.F.);
#879=ORIENTED_EDGE('',*,*,#1047,.F.);
#880=ORIENTED_EDGE('',*,*,#1104,.F.);
#881=ORIENTED_EDGE('',*,*,#1100,.F.);
#882=ORIENTED_EDGE('',*,*,#1054,.F.);
#883=ORIENTED_EDGE('',*,*,#1140,.F.);
#884=ORIENTED_EDGE('',*,*,#1136,.F.);
#885=ORIENTED_EDGE('',*,*,#1262,.F.);
#886=ORIENTED_EDGE('',*,*,#1058,.F.);
#887=ORIENTED_EDGE('',*,*,#1099,.F.);
#888=ORIENTED_EDGE('',*,*,#1095,.F.);
#889=ORIENTED_EDGE('',*,*,#1141,.F.);
#890=ORIENTED_EDGE('',*,*,#1056,.F.);
#891=ORIENTED_EDGE('',*,*,#1128,.F.);
#892=ORIENTED_EDGE('',*,*,#1122,.F.);
#893=ORIENTED_EDGE('',*,*,#1114,.F.);
#894=ORIENTED_EDGE('',*,*,#1062,.F.);
#895=ORIENTED_EDGE('',*,*,#1270,.F.);
#896=ORIENTED_EDGE('',*,*,#1132,.F.);
#897=ORIENTED_EDGE('',*,*,#1129,.F.);
#898=ORIENTED_EDGE('',*,*,#1060,.F.);
#899=ORIENTED_EDGE('',*,*,#1269,.F.);
#900=ORIENTED_EDGE('',*,*,#1281,.F.);
#901=ORIENTED_EDGE('',*,*,#1125,.F.);
#902=ORIENTED_EDGE('',*,*,#1131,.F.);
#903=ORIENTED_EDGE('',*,*,#1127,.F.);
#904=ORIENTED_EDGE('',*,*,#1282,.F.);
#905=ORIENTED_EDGE('',*,*,#1267,.F.);
#906=ORIENTED_EDGE('',*,*,#1118,.F.);
#907=ORIENTED_EDGE('',*,*,#1039,.F.);
#908=ORIENTED_EDGE('',*,*,#1283,.F.);
#909=ORIENTED_EDGE('',*,*,#1110,.F.);
#910=ORIENTED_EDGE('',*,*,#1121,.F.);
#911=ORIENTED_EDGE('',*,*,#1112,.F.);
#912=ORIENTED_EDGE('',*,*,#1284,.F.);
#913=ORIENTED_EDGE('',*,*,#1037,.F.);
#914=ORIENTED_EDGE('',*,*,#1106,.F.);
#915=ORIENTED_EDGE('',*,*,#1098,.F.);
#916=ORIENTED_EDGE('',*,*,#1285,.F.);
#917=ORIENTED_EDGE('',*,*,#1043,.F.);
#918=ORIENTED_EDGE('',*,*,#1090,.F.);
#919=ORIENTED_EDGE('',*,*,#1045,.F.);
#920=ORIENTED_EDGE('',*,*,#1286,.F.);
#921=ORIENTED_EDGE('',*,*,#1102,.F.);
#922=ORIENTED_EDGE('',*,*,#1103,.F.);
#923=ORIENTED_EDGE('',*,*,#1139,.F.);
#924=ORIENTED_EDGE('',*,*,#1279,.F.);
#925=ORIENTED_EDGE('',*,*,#1263,.F.);
#926=ORIENTED_EDGE('',*,*,#1134,.F.);
#927=ORIENTED_EDGE('',*,*,#1265,.F.);
#928=ORIENTED_EDGE('',*,*,#1280,.F.);
#929=ORIENTED_EDGE('',*,*,#1142,.F.);
#930=ORIENTED_EDGE('',*,*,#1093,.F.);
#931=ORIENTED_EDGE('',*,*,#1202,.T.);
#932=ORIENTED_EDGE('',*,*,#1088,.F.);
#933=ORIENTED_EDGE('',*,*,#1295,.T.);
#934=ORIENTED_EDGE('',*,*,#1198,.T.);
#935=ORIENTED_EDGE('',*,*,#1296,.F.);
#936=ORIENTED_EDGE('',*,*,#1084,.F.);
#937=ORIENTED_EDGE('',*,*,#1087,.T.);
#938=ORIENTED_EDGE('',*,*,#1297,.T.);
#939=ORIENTED_EDGE('',*,*,#1199,.F.);
#940=ORIENTED_EDGE('',*,*,#1295,.F.);
#941=ORIENTED_EDGE('',*,*,#1296,.T.);
#942=ORIENTED_EDGE('',*,*,#1201,.T.);
#943=ORIENTED_EDGE('',*,*,#1298,.F.);
#944=ORIENTED_EDGE('',*,*,#1085,.F.);
#945=ORIENTED_EDGE('',*,*,#1298,.T.);
#946=ORIENTED_EDGE('',*,*,#1200,.T.);
#947=ORIENTED_EDGE('',*,*,#1297,.F.);
#948=ORIENTED_EDGE('',*,*,#1086,.F.);
#949=ORIENTED_EDGE('',*,*,#1197,.T.);
#950=ORIENTED_EDGE('',*,*,#1083,.F.);
#951=ORIENTED_EDGE('',*,*,#1299,.F.);
#952=ORIENTED_EDGE('',*,*,#1153,.T.);
#953=ORIENTED_EDGE('',*,*,#1299,.T.);
#954=ORIENTED_EDGE('',*,*,#1066,.T.);
#955=ORIENTED_EDGE('',*,*,#1031,.F.);
#956=ORIENTED_EDGE('',*,*,#1300,.F.);
#957=ORIENTED_EDGE('',*,*,#1301,.T.);
#958=ORIENTED_EDGE('',*,*,#1302,.T.);
#959=ORIENTED_EDGE('',*,*,#1030,.T.);
#960=ORIENTED_EDGE('',*,*,#1303,.T.);
#961=ORIENTED_EDGE('',*,*,#1304,.F.);
#962=ORIENTED_EDGE('',*,*,#1300,.T.);
#963=ORIENTED_EDGE('',*,*,#1028,.F.);
#964=ORIENTED_EDGE('',*,*,#1302,.F.);
#965=ORIENTED_EDGE('',*,*,#1305,.T.);
#966=ORIENTED_EDGE('',*,*,#1306,.T.);
#967=ORIENTED_EDGE('',*,*,#1301,.F.);
#968=ORIENTED_EDGE('',*,*,#1304,.T.);
#969=ORIENTED_EDGE('',*,*,#1307,.T.);
#970=ORIENTED_EDGE('',*,*,#1305,.F.);
#971=ORIENTED_EDGE('',*,*,#1308,.T.);
#972=ORIENTED_EDGE('',*,*,#1309,.T.);
#973=ORIENTED_EDGE('',*,*,#1310,.T.);
#974=ORIENTED_EDGE('',*,*,#1311,.F.);
#975=ORIENTED_EDGE('',*,*,#1311,.T.);
#976=ORIENTED_EDGE('',*,*,#1309,.F.);
#977=ORIENTED_EDGE('',*,*,#1308,.F.);
#978=ORIENTED_EDGE('',*,*,#1312,.T.);
#979=ORIENTED_EDGE('',*,*,#1313,.T.);
#980=ORIENTED_EDGE('',*,*,#1050,.F.);
#981=ORIENTED_EDGE('',*,*,#1314,.T.);
#982=ORIENTED_EDGE('',*,*,#1032,.F.);
#983=ORIENTED_EDGE('',*,*,#1315,.F.);
#984=ORIENTED_EDGE('',*,*,#1315,.T.);
#985=ORIENTED_EDGE('',*,*,#1051,.T.);
#986=ORIENTED_EDGE('',*,*,#1313,.F.);
#987=ORIENTED_EDGE('',*,*,#1312,.F.);
#988=ORIENTED_EDGE('',*,*,#1303,.F.);
#989=ORIENTED_EDGE('',*,*,#1029,.F.);
#990=ORIENTED_EDGE('',*,*,#1306,.F.);
#991=ORIENTED_EDGE('',*,*,#1307,.F.);
#992=ORIENTED_EDGE('',*,*,#1052,.F.);
#993=ORIENTED_EDGE('',*,*,#1310,.F.);
#994=ORIENTED_EDGE('',*,*,#1049,.F.);
#995=ORIENTED_EDGE('',*,*,#1053,.F.);
#996=ORIENTED_EDGE('',*,*,#1033,.F.);
#997=ORIENTED_EDGE('',*,*,#1314,.F.);
#998=ORIENTED_EDGE('',*,*,#1316,.F.);
#999=ORIENTED_EDGE('',*,*,#1115,.T.);
#1000=ORIENTED_EDGE('',*,*,#1290,.T.);
#1001=ORIENTED_EDGE('',*,*,#1316,.T.);
#1002=ORIENTED_EDGE('',*,*,#1317,.F.);
#1003=ORIENTED_EDGE('',*,*,#1116,.T.);
#1004=ORIENTED_EDGE('',*,*,#1288,.T.);
#1005=ORIENTED_EDGE('',*,*,#1317,.T.);
#1006=ORIENTED_EDGE('',*,*,#1147,.F.);
#1007=ORIENTED_EDGE('',*,*,#1289,.F.);
#1008=ORIENTED_EDGE('',*,*,#1148,.F.);
#1009=ORIENTED_EDGE('',*,*,#1287,.F.);
#1010=ORIENTED_EDGE('',*,*,#1318,.T.);
#1011=ORIENTED_EDGE('',*,*,#1261,.T.);
#1012=ORIENTED_EDGE('',*,*,#1319,.T.);
#1013=ORIENTED_EDGE('',*,*,#1260,.T.);
#1014=ORIENTED_EDGE('',*,*,#1320,.T.);
#1015=ORIENTED_EDGE('',*,*,#1027,.T.);
#1016=ORIENTED_EDGE('',*,*,#1321,.T.);
#1017=ORIENTED_EDGE('',*,*,#1026,.T.);
#1018=ORIENTED_EDGE('',*,*,#1182,.F.);
#1019=ORIENTED_EDGE('',*,*,#1320,.F.);
#1020=ORIENTED_EDGE('',*,*,#1183,.F.);
#1021=ORIENTED_EDGE('',*,*,#1321,.F.);
#1022=ORIENTED_EDGE('',*,*,#1206,.F.);
#1023=ORIENTED_EDGE('',*,*,#1318,.F.);
#1024=ORIENTED_EDGE('',*,*,#1207,.F.);
#1025=ORIENTED_EDGE('',*,*,#1319,.F.);
#1026=EDGE_CURVE('',#1322,#1322,#1533,.T.);
#1027=EDGE_CURVE('',#1323,#1323,#1534,.T.);
#1028=EDGE_CURVE('',#1324,#1325,#94,.T.);
#1029=EDGE_CURVE('',#1325,#1326,#95,.T.);
#1030=EDGE_CURVE('',#1327,#1326,#96,.T.);
#1031=EDGE_CURVE('',#1327,#1324,#97,.T.);
#1032=EDGE_CURVE('',#1328,#1329,#98,.T.);
#1033=EDGE_CURVE('',#1329,#1330,#84,.T.);
#1034=EDGE_CURVE('',#1331,#1330,#99,.T.);
#1035=EDGE_CURVE('',#1331,#1332,#1535,.F.);
#1036=EDGE_CURVE('',#1333,#1332,#100,.T.);
#1037=EDGE_CURVE('',#1333,#1334,#1536,.F.);
#1038=EDGE_CURVE('',#1334,#1335,#101,.T.);
#1039=EDGE_CURVE('',#1335,#1336,#1537,.F.);
#1040=EDGE_CURVE('',#1336,#1337,#102,.T.);
#1041=EDGE_CURVE('',#1337,#1338,#103,.T.);
#1042=EDGE_CURVE('',#1339,#1338,#104,.T.);
#1043=EDGE_CURVE('',#1339,#1340,#1538,.F.);
#1044=EDGE_CURVE('',#1340,#1341,#105,.T.);
#1045=EDGE_CURVE('',#1341,#1342,#1539,.F.);
#1046=EDGE_CURVE('',#1342,#1343,#106,.T.);
#1047=EDGE_CURVE('',#1343,#1344,#1540,.F.);
#1048=EDGE_CURVE('',#1345,#1344,#107,.T.);
#1049=EDGE_CURVE('',#1345,#1346,#85,.T.);
#1050=EDGE_CURVE('',#1346,#1347,#108,.F.);
#1051=EDGE_CURVE('',#1328,#1347,#109,.T.);
#1052=EDGE_CURVE('',#1348,#1348,#1541,.F.);
#1053=EDGE_CURVE('',#1330,#1345,#1542,.F.);
#1054=EDGE_CURVE('',#1344,#1349,#110,.T.);
#1055=EDGE_CURVE('',#1349,#1350,#111,.T.);
#1056=EDGE_CURVE('',#1350,#1351,#112,.T.);
#1057=EDGE_CURVE('',#1351,#1352,#113,.T.);
#1058=EDGE_CURVE('',#1352,#1353,#114,.T.);
#1059=EDGE_CURVE('',#1353,#1354,#115,.T.);
#1060=EDGE_CURVE('',#1354,#1355,#116,.T.);
#1061=EDGE_CURVE('',#1355,#1356,#117,.T.);
#1062=EDGE_CURVE('',#1356,#1357,#118,.T.);
#1063=EDGE_CURVE('',#1357,#1358,#119,.T.);
#1064=EDGE_CURVE('',#1358,#1331,#120,.T.);
#1065=EDGE_CURVE('',#1359,#1359,#1543,.F.);
#1066=EDGE_CURVE('',#1360,#1360,#1544,.F.);
#1067=EDGE_CURVE('',#1361,#1362,#121,.F.);
#1068=EDGE_CURVE('',#1362,#1363,#122,.T.);
#1069=EDGE_CURVE('',#1363,#1364,#123,.T.);
#1070=EDGE_CURVE('',#1361,#1364,#124,.T.);
#1071=EDGE_CURVE('',#1365,#1366,#125,.F.);
#1072=EDGE_CURVE('',#1366,#1367,#126,.T.);
#1073=EDGE_CURVE('',#1367,#1368,#127,.T.);
#1074=EDGE_CURVE('',#1365,#1368,#128,.T.);
#1075=EDGE_CURVE('',#1369,#1370,#129,.F.);
#1076=EDGE_CURVE('',#1370,#1371,#130,.T.);
#1077=EDGE_CURVE('',#1371,#1372,#131,.T.);
#1078=EDGE_CURVE('',#1372,#1369,#132,.T.);
#1079=EDGE_CURVE('',#1373,#1374,#133,.F.);
#1080=EDGE_CURVE('',#1374,#1375,#134,.T.);
#1081=EDGE_CURVE('',#1375,#1376,#135,.T.);
#1082=EDGE_CURVE('',#1376,#1373,#136,.T.);
#1083=EDGE_CURVE('',#1377,#1377,#1545,.F.);
#1084=EDGE_CURVE('',#1378,#1379,#1546,.F.);
#1085=EDGE_CURVE('',#1379,#1380,#137,.T.);
#1086=EDGE_CURVE('',#1380,#1381,#1547,.F.);
#1087=EDGE_CURVE('',#1378,#1381,#138,.T.);
#1088=EDGE_CURVE('',#1382,#1382,#1548,.F.);
#1089=EDGE_CURVE('',#1383,#1384,#139,.T.);
#1090=EDGE_CURVE('',#1383,#1339,#140,.T.);
#1091=EDGE_CURVE('',#1338,#1385,#141,.T.);
#1092=EDGE_CURVE('',#1386,#1385,#142,.T.);
#1093=EDGE_CURVE('',#1386,#1387,#143,.T.);
#1094=EDGE_CURVE('',#1387,#1388,#144,.T.);
#1095=EDGE_CURVE('',#1388,#1384,#145,.F.);
#1096=EDGE_CURVE('',#1389,#1389,#1549,.F.);
#1097=EDGE_CURVE('',#1390,#1391,#146,.T.);
#1098=EDGE_CURVE('',#1391,#1383,#1550,.T.);
#1099=EDGE_CURVE('',#1384,#1350,#1551,.T.);
#1100=EDGE_CURVE('',#1349,#1392,#1552,.T.);
#1101=EDGE_CURVE('',#1393,#1392,#147,.T.);
#1102=EDGE_CURVE('',#1393,#1390,#1553,.T.);
#1103=EDGE_CURVE('',#1342,#1393,#148,.T.);
#1104=EDGE_CURVE('',#1392,#1343,#149,.F.);
#1105=EDGE_CURVE('',#1394,#1395,#150,.T.);
#1106=EDGE_CURVE('',#1394,#1333,#151,.T.);
#1107=EDGE_CURVE('',#1332,#1395,#152,.F.);
#1108=EDGE_CURVE('',#1396,#1396,#1554,.F.);
#1109=EDGE_CURVE('',#1397,#1398,#153,.T.);
#1110=EDGE_CURVE('',#1397,#1399,#1555,.T.);
#1111=EDGE_CURVE('',#1399,#1400,#154,.T.);
#1112=EDGE_CURVE('',#1400,#1394,#1556,.T.);
#1113=EDGE_CURVE('',#1395,#1358,#1557,.T.);
#1114=EDGE_CURVE('',#1357,#1398,#1558,.T.);
#1115=EDGE_CURVE('',#1401,#1401,#1559,.T.);
#1116=EDGE_CURVE('',#1402,#1402,#1560,.T.);
#1117=EDGE_CURVE('',#1403,#1404,#155,.T.);
#1118=EDGE_CURVE('',#1403,#1405,#156,.T.);
#1119=EDGE_CURVE('',#1405,#1406,#157,.T.);
#1120=EDGE_CURVE('',#1406,#1337,#158,.T.);
#1121=EDGE_CURVE('',#1336,#1397,#159,.T.);
#1122=EDGE_CURVE('',#1398,#1404,#160,.F.);
#1123=EDGE_CURVE('',#1407,#1407,#1561,.F.);
#1124=EDGE_CURVE('',#1408,#1409,#161,.T.);
#1125=EDGE_CURVE('',#1408,#1410,#1562,.T.);
#1126=EDGE_CURVE('',#1410,#1411,#162,.T.);
#1127=EDGE_CURVE('',#1411,#1403,#1563,.T.);
#1128=EDGE_CURVE('',#1404,#1356,#1564,.T.);
#1129=EDGE_CURVE('',#1355,#1409,#1565,.T.);
#1130=EDGE_CURVE('',#1412,#1413,#163,.T.);
#1131=EDGE_CURVE('',#1412,#1408,#164,.T.);
#1132=EDGE_CURVE('',#1409,#1413,#165,.F.);
#1133=EDGE_CURVE('',#1414,#1415,#166,.T.);
#1134=EDGE_CURVE('',#1414,#1416,#167,.T.);
#1135=EDGE_CURVE('',#1416,#1417,#168,.T.);
#1136=EDGE_CURVE('',#1417,#1415,#169,.F.);
#1137=EDGE_CURVE('',#1418,#1418,#1566,.F.);
#1138=EDGE_CURVE('',#1419,#1420,#170,.T.);
#1139=EDGE_CURVE('',#1420,#1414,#1567,.T.);
#1140=EDGE_CURVE('',#1415,#1352,#1568,.T.);
#1141=EDGE_CURVE('',#1351,#1388,#1569,.T.);
#1142=EDGE_CURVE('',#1387,#1419,#1570,.T.);
#1143=EDGE_CURVE('',#1421,#1422,#171,.T.);
#1144=EDGE_CURVE('',#1421,#1423,#172,.T.);
#1145=EDGE_CURVE('',#1423,#1424,#173,.T.);
#1146=EDGE_CURVE('',#1424,#1422,#174,.F.);
#1147=EDGE_CURVE('',#1425,#1425,#1571,.T.);
#1148=EDGE_CURVE('',#1426,#1426,#1572,.T.);
#1149=EDGE_CURVE('',#1427,#1428,#175,.T.);
#1150=EDGE_CURVE('',#1428,#1429,#176,.T.);
#1151=EDGE_CURVE('',#1430,#1429,#177,.T.);
#1152=EDGE_CURVE('',#1427,#1430,#178,.T.);
#1153=EDGE_CURVE('',#1431,#1431,#1573,.T.);
#1154=EDGE_CURVE('',#1432,#1433,#179,.T.);
#1155=EDGE_CURVE('',#1432,#1434,#180,.F.);
#1156=EDGE_CURVE('',#1434,#1435,#181,.T.);
#1157=EDGE_CURVE('',#1435,#1433,#182,.T.);
#1158=EDGE_CURVE('',#1436,#1436,#1574,.T.);
#1159=EDGE_CURVE('',#1368,#1432,#1575,.T.);
#1160=EDGE_CURVE('',#1433,#1437,#1576,.T.);
#1161=EDGE_CURVE('',#1438,#1437,#183,.T.);
#1162=EDGE_CURVE('',#1438,#1439,#1577,.T.);
#1163=EDGE_CURVE('',#1440,#1439,#184,.T.);
#1164=EDGE_CURVE('',#1440,#1365,#1578,.T.);
#1165=EDGE_CURVE('',#1441,#1442,#185,.T.);
#1166=EDGE_CURVE('',#1441,#1440,#186,.T.);
#1167=EDGE_CURVE('',#1439,#1442,#187,.F.);
#1168=EDGE_CURVE('',#1443,#1444,#188,.T.);
#1169=EDGE_CURVE('',#1443,#1445,#189,.F.);
#1170=EDGE_CURVE('',#1445,#1446,#190,.T.);
#1171=EDGE_CURVE('',#1446,#1444,#191,.T.);
#1172=EDGE_CURVE('',#1447,#1447,#1579,.T.);
#1173=EDGE_CURVE('',#1364,#1443,#1580,.T.);
#1174=EDGE_CURVE('',#1444,#1448,#1581,.T.);
#1175=EDGE_CURVE('',#1449,#1448,#192,.T.);
#1176=EDGE_CURVE('',#1449,#1450,#1582,.T.);
#1177=EDGE_CURVE('',#1451,#1450,#193,.T.);
#1178=EDGE_CURVE('',#1451,#1361,#1583,.T.);
#1179=EDGE_CURVE('',#1452,#1453,#194,.T.);
#1180=EDGE_CURVE('',#1452,#1451,#195,.T.);
#1181=EDGE_CURVE('',#1450,#1453,#196,.F.);
#1182=EDGE_CURVE('',#1454,#1454,#1584,.T.);
#1183=EDGE_CURVE('',#1455,#1455,#1585,.T.);
#1184=EDGE_CURVE('',#1429,#1456,#197,.T.);
#1185=EDGE_CURVE('',#1456,#1435,#1586,.T.);
#1186=EDGE_CURVE('',#1434,#1367,#1587,.T.);
#1187=EDGE_CURVE('',#1366,#1441,#1588,.T.);
#1188=EDGE_CURVE('',#1442,#1457,#1589,.T.);
#1189=EDGE_CURVE('',#1457,#1458,#198,.T.);
#1190=EDGE_CURVE('',#1458,#1446,#1590,.T.);
#1191=EDGE_CURVE('',#1445,#1363,#1591,.T.);
#1192=EDGE_CURVE('',#1362,#1452,#1592,.T.);
#1193=EDGE_CURVE('',#1453,#1459,#1593,.T.);
#1194=EDGE_CURVE('',#1459,#1460,#199,.T.);
#1195=EDGE_CURVE('',#1461,#1460,#200,.T.);
#1196=EDGE_CURVE('',#1461,#1430,#201,.T.);
#1197=EDGE_CURVE('',#1462,#1462,#1594,.T.);
#1198=EDGE_CURVE('',#1463,#1464,#1595,.T.);
#1199=EDGE_CURVE('',#1463,#1465,#202,.T.);
#1200=EDGE_CURVE('',#1466,#1465,#1596,.T.);
#1201=EDGE_CURVE('',#1464,#1466,#203,.T.);
#1202=EDGE_CURVE('',#1467,#1467,#1597,.T.);
#1203=EDGE_CURVE('',#1460,#1468,#204,.F.);
#1204=EDGE_CURVE('',#1469,#1468,#205,.T.);
#1205=EDGE_CURVE('',#1469,#1461,#206,.T.);
#1206=EDGE_CURVE('',#1470,#1470,#1598,.F.);
#1207=EDGE_CURVE('',#1471,#1471,#1599,.F.);
#1208=EDGE_CURVE('',#1468,#1472,#207,.F.);
#1209=EDGE_CURVE('',#1472,#1473,#1600,.F.);
#1210=EDGE_CURVE('',#1474,#1473,#208,.T.);
#1211=EDGE_CURVE('',#1474,#1375,#1601,.F.);
#1212=EDGE_CURVE('',#1374,#1475,#1602,.F.);
#1213=EDGE_CURVE('',#1475,#1476,#209,.T.);
#1214=EDGE_CURVE('',#1476,#1477,#1603,.F.);
#1215=EDGE_CURVE('',#1477,#1478,#210,.F.);
#1216=EDGE_CURVE('',#1478,#1479,#1604,.F.);
#1217=EDGE_CURVE('',#1480,#1479,#211,.T.);
#1218=EDGE_CURVE('',#1480,#1371,#1605,.F.);
#1219=EDGE_CURVE('',#1370,#1421,#1606,.F.);
#1220=EDGE_CURVE('',#1422,#1481,#1607,.F.);
#1221=EDGE_CURVE('',#1481,#1428,#212,.F.);
#1222=EDGE_CURVE('',#1427,#1469,#213,.T.);
#1223=EDGE_CURVE('',#1482,#1483,#214,.T.);
#1224=EDGE_CURVE('',#1482,#1474,#215,.F.);
#1225=EDGE_CURVE('',#1473,#1483,#216,.T.);
#1226=EDGE_CURVE('',#1484,#1484,#1608,.T.);
#1227=EDGE_CURVE('',#1485,#1486,#217,.T.);
#1228=EDGE_CURVE('',#1485,#1373,#1609,.F.);
#1229=EDGE_CURVE('',#1376,#1482,#1610,.F.);
#1230=EDGE_CURVE('',#1483,#1487,#1611,.F.);
#1231=EDGE_CURVE('',#1487,#1488,#218,.T.);
#1232=EDGE_CURVE('',#1488,#1486,#1612,.F.);
#1233=EDGE_CURVE('',#1475,#1485,#219,.T.);
#1234=EDGE_CURVE('',#1486,#1476,#220,.F.);
#1235=EDGE_CURVE('',#1489,#1490,#221,.T.);
#1236=EDGE_CURVE('',#1489,#1480,#222,.F.);
#1237=EDGE_CURVE('',#1479,#1490,#223,.T.);
#1238=EDGE_CURVE('',#1491,#1491,#1613,.T.);
#1239=EDGE_CURVE('',#1372,#1489,#1614,.F.);
#1240=EDGE_CURVE('',#1490,#1492,#1615,.F.);
#1241=EDGE_CURVE('',#1492,#1493,#224,.T.);
#1242=EDGE_CURVE('',#1493,#1424,#1616,.F.);
#1243=EDGE_CURVE('',#1423,#1369,#1617,.F.);
#1244=EDGE_CURVE('',#1487,#1494,#225,.F.);
#1245=EDGE_CURVE('',#1494,#1495,#226,.T.);
#1246=EDGE_CURVE('',#1495,#1496,#227,.T.);
#1247=EDGE_CURVE('',#1496,#1497,#228,.F.);
#1248=EDGE_CURVE('',#1497,#1449,#229,.T.);
#1249=EDGE_CURVE('',#1448,#1498,#230,.F.);
#1250=EDGE_CURVE('',#1498,#1499,#231,.F.);
#1251=EDGE_CURVE('',#1499,#1438,#232,.T.);
#1252=EDGE_CURVE('',#1437,#1500,#233,.F.);
#1253=EDGE_CURVE('',#1500,#1501,#234,.F.);
#1254=EDGE_CURVE('',#1501,#1502,#235,.F.);
#1255=EDGE_CURVE('',#1502,#1503,#236,.T.);
#1256=EDGE_CURVE('',#1503,#1493,#237,.T.);
#1257=EDGE_CURVE('',#1492,#1504,#238,.F.);
#1258=EDGE_CURVE('',#1504,#1505,#239,.T.);
#1259=EDGE_CURVE('',#1505,#1488,#240,.T.);
#1260=EDGE_CURVE('',#1506,#1506,#1618,.T.);
#1261=EDGE_CURVE('',#1507,#1507,#1619,.T.);
#1262=EDGE_CURVE('',#1353,#1417,#1620,.F.);
#1263=EDGE_CURVE('',#1416,#1508,#1621,.F.);
#1264=EDGE_CURVE('',#1508,#1509,#241,.T.);
#1265=EDGE_CURVE('',#1509,#1386,#1622,.F.);
#1266=EDGE_CURVE('',#1385,#1406,#242,.T.);
#1267=EDGE_CURVE('',#1405,#1510,#1623,.F.);
#1268=EDGE_CURVE('',#1511,#1510,#243,.T.);
#1269=EDGE_CURVE('',#1511,#1412,#1624,.F.);
#1270=EDGE_CURVE('',#1413,#1354,#1625,.F.);
#1271=EDGE_CURVE('',#1497,#1459,#86,.F.);
#1272=EDGE_CURVE('',#1458,#1498,#87,.T.);
#1273=EDGE_CURVE('',#1456,#1500,#88,.T.);
#1274=EDGE_CURVE('',#1499,#1457,#89,.F.);
#1275=EDGE_CURVE('',#1503,#1481,#90,.F.);
#1276=EDGE_CURVE('',#1478,#1504,#91,.T.);
#1277=EDGE_CURVE('',#1505,#1477,#92,.F.);
#1278=EDGE_CURVE('',#1472,#1494,#93,.T.);
#1279=EDGE_CURVE('',#1508,#1420,#244,.F.);
#1280=EDGE_CURVE('',#1419,#1509,#245,.F.);
#1281=EDGE_CURVE('',#1410,#1511,#246,.F.);
#1282=EDGE_CURVE('',#1510,#1411,#247,.F.);
#1283=EDGE_CURVE('',#1399,#1335,#248,.F.);
#1284=EDGE_CURVE('',#1334,#1400,#249,.F.);
#1285=EDGE_CURVE('',#1340,#1391,#250,.F.);
#1286=EDGE_CURVE('',#1390,#1341,#251,.F.);
#1287=EDGE_CURVE('',#1512,#1512,#1626,.F.);
#1288=EDGE_CURVE('',#1513,#1513,#1627,.F.);
#1289=EDGE_CURVE('',#1514,#1514,#1628,.F.);
#1290=EDGE_CURVE('',#1515,#1515,#1629,.F.);
#1291=EDGE_CURVE('',#1460,#1496,#20,.T.);
#1292=EDGE_CURVE('',#1468,#1495,#21,.T.);
#1293=EDGE_CURVE('',#1428,#1502,#22,.T.);
#1294=EDGE_CURVE('',#1429,#1501,#23,.T.);
#1295=EDGE_CURVE('',#1378,#1463,#252,.T.);
#1296=EDGE_CURVE('',#1379,#1464,#253,.T.);
#1297=EDGE_CURVE('',#1381,#1465,#254,.T.);
#1298=EDGE_CURVE('',#1380,#1466,#255,.T.);
#1299=EDGE_CURVE('',#1516,#1516,#1630,.T.);
#1300=EDGE_CURVE('',#1517,#1327,#256,.T.);
#1301=EDGE_CURVE('',#1517,#1518,#257,.T.);
#1302=EDGE_CURVE('',#1518,#1324,#258,.T.);
#1303=EDGE_CURVE('',#1326,#1519,#259,.T.);
#1304=EDGE_CURVE('',#1517,#1519,#260,.T.);
#1305=EDGE_CURVE('',#1518,#1520,#261,.T.);
#1306=EDGE_CURVE('',#1520,#1325,#262,.T.);
#1307=EDGE_CURVE('',#1519,#1520,#263,.T.);
#1308=EDGE_CURVE('',#1521,#1521,#1631,.F.);
#1309=EDGE_CURVE('',#1522,#1522,#1632,.T.);
#1310=EDGE_CURVE('',#1523,#1523,#1633,.T.);
#1311=EDGE_CURVE('',#1524,#1524,#1634,.T.);
#1312=EDGE_CURVE('',#1525,#1525,#1635,.F.);
#1313=EDGE_CURVE('',#1526,#1526,#1636,.T.);
#1314=EDGE_CURVE('',#1346,#1329,#1637,.T.);
#1315=EDGE_CURVE('',#1347,#1328,#1638,.T.);
#1316=EDGE_CURVE('',#1527,#1527,#1639,.T.);
#1317=EDGE_CURVE('',#1528,#1528,#1640,.T.);
#1318=EDGE_CURVE('',#1529,#1529,#1641,.T.);
#1319=EDGE_CURVE('',#1530,#1530,#1642,.T.);
#1320=EDGE_CURVE('',#1531,#1531,#1643,.F.);
#1321=EDGE_CURVE('',#1532,#1532,#1644,.F.);
#1322=VERTEX_POINT('',#3084);
#1323=VERTEX_POINT('',#3086);
#1324=VERTEX_POINT('',#3088);
#1325=VERTEX_POINT('',#3089);
#1326=VERTEX_POINT('',#3091);
#1327=VERTEX_POINT('',#3093);
#1328=VERTEX_POINT('',#3096);
#1329=VERTEX_POINT('',#3097);
#1330=VERTEX_POINT('',#3102);
#1331=VERTEX_POINT('',#3104);
#1332=VERTEX_POINT('',#3106);
#1333=VERTEX_POINT('',#3108);
#1334=VERTEX_POINT('',#3110);
#1335=VERTEX_POINT('',#3112);
#1336=VERTEX_POINT('',#3114);
#1337=VERTEX_POINT('',#3116);
#1338=VERTEX_POINT('',#3118);
#1339=VERTEX_POINT('',#3120);
#1340=VERTEX_POINT('',#3122);
#1341=VERTEX_POINT('',#3124);
#1342=VERTEX_POINT('',#3126);
#1343=VERTEX_POINT('',#3128);
#1344=VERTEX_POINT('',#3130);
#1345=VERTEX_POINT('',#3132);
#1346=VERTEX_POINT('',#3137);
#1347=VERTEX_POINT('',#3139);
#1348=VERTEX_POINT('',#3143);
#1349=VERTEX_POINT('',#3146);
#1350=VERTEX_POINT('',#3148);
#1351=VERTEX_POINT('',#3150);
#1352=VERTEX_POINT('',#3152);
#1353=VERTEX_POINT('',#3154);
#1354=VERTEX_POINT('',#3156);
#1355=VERTEX_POINT('',#3158);
#1356=VERTEX_POINT('',#3160);
#1357=VERTEX_POINT('',#3162);
#1358=VERTEX_POINT('',#3164);
#1359=VERTEX_POINT('',#3168);
#1360=VERTEX_POINT('',#3170);
#1361=VERTEX_POINT('',#3173);
#1362=VERTEX_POINT('',#3174);
#1363=VERTEX_POINT('',#3176);
#1364=VERTEX_POINT('',#3178);
#1365=VERTEX_POINT('',#3182);
#1366=VERTEX_POINT('',#3183);
#1367=VERTEX_POINT('',#3185);
#1368=VERTEX_POINT('',#3187);
#1369=VERTEX_POINT('',#3191);
#1370=VERTEX_POINT('',#3192);
#1371=VERTEX_POINT('',#3194);
#1372=VERTEX_POINT('',#3196);
#1373=VERTEX_POINT('',#3200);
#1374=VERTEX_POINT('',#3201);
#1375=VERTEX_POINT('',#3203);
#1376=VERTEX_POINT('',#3205);
#1377=VERTEX_POINT('',#3209);
#1378=VERTEX_POINT('',#3211);
#1379=VERTEX_POINT('',#3212);
#1380=VERTEX_POINT('',#3214);
#1381=VERTEX_POINT('',#3216);
#1382=VERTEX_POINT('',#3219);
#1383=VERTEX_POINT('',#3221);
#1384=VERTEX_POINT('',#3222);
#1385=VERTEX_POINT('',#3225);
#1386=VERTEX_POINT('',#3227);
#1387=VERTEX_POINT('',#3229);
#1388=VERTEX_POINT('',#3231);
#1389=VERTEX_POINT('',#3235);
#1390=VERTEX_POINT('',#3237);
#1391=VERTEX_POINT('',#3238);
#1392=VERTEX_POINT('',#3242);
#1393=VERTEX_POINT('',#3244);
#1394=VERTEX_POINT('',#3251);
#1395=VERTEX_POINT('',#3252);
#1396=VERTEX_POINT('',#3257);
#1397=VERTEX_POINT('',#3259);
#1398=VERTEX_POINT('',#3260);
#1399=VERTEX_POINT('',#3262);
#1400=VERTEX_POINT('',#3264);
#1401=VERTEX_POINT('',#3270);
#1402=VERTEX_POINT('',#3272);
#1403=VERTEX_POINT('',#3274);
#1404=VERTEX_POINT('',#3275);
#1405=VERTEX_POINT('',#3277);
#1406=VERTEX_POINT('',#3279);
#1407=VERTEX_POINT('',#3285);
#1408=VERTEX_POINT('',#3287);
#1409=VERTEX_POINT('',#3288);
#1410=VERTEX_POINT('',#3290);
#1411=VERTEX_POINT('',#3292);
#1412=VERTEX_POINT('',#3298);
#1413=VERTEX_POINT('',#3299);
#1414=VERTEX_POINT('',#3304);
#1415=VERTEX_POINT('',#3305);
#1416=VERTEX_POINT('',#3307);
#1417=VERTEX_POINT('',#3309);
#1418=VERTEX_POINT('',#3313);
#1419=VERTEX_POINT('',#3315);
#1420=VERTEX_POINT('',#3316);
#1421=VERTEX_POINT('',#3323);
#1422=VERTEX_POINT('',#3324);
#1423=VERTEX_POINT('',#3326);
#1424=VERTEX_POINT('',#3328);
#1425=VERTEX_POINT('',#3332);
#1426=VERTEX_POINT('',#3334);
#1427=VERTEX_POINT('',#3336);
#1428=VERTEX_POINT('',#3337);
#1429=VERTEX_POINT('',#3339);
#1430=VERTEX_POINT('',#3341);
#1431=VERTEX_POINT('',#3344);
#1432=VERTEX_POINT('',#3347);
#1433=VERTEX_POINT('',#3348);
#1434=VERTEX_POINT('',#3350);
#1435=VERTEX_POINT('',#3352);
#1436=VERTEX_POINT('',#3356);
#1437=VERTEX_POINT('',#3359);
#1438=VERTEX_POINT('',#3361);
#1439=VERTEX_POINT('',#3363);
#1440=VERTEX_POINT('',#3365);
#1441=VERTEX_POINT('',#3369);
#1442=VERTEX_POINT('',#3370);
#1443=VERTEX_POINT('',#3375);
#1444=VERTEX_POINT('',#3376);
#1445=VERTEX_POINT('',#3378);
#1446=VERTEX_POINT('',#3380);
#1447=VERTEX_POINT('',#3384);
#1448=VERTEX_POINT('',#3387);
#1449=VERTEX_POINT('',#3389);
#1450=VERTEX_POINT('',#3391);
#1451=VERTEX_POINT('',#3393);
#1452=VERTEX_POINT('',#3397);
#1453=VERTEX_POINT('',#3398);
#1454=VERTEX_POINT('',#3403);
#1455=VERTEX_POINT('',#3405);
#1456=VERTEX_POINT('',#3407);
#1457=VERTEX_POINT('',#3412);
#1458=VERTEX_POINT('',#3414);
#1459=VERTEX_POINT('',#3419);
#1460=VERTEX_POINT('',#3421);
#1461=VERTEX_POINT('',#3423);
#1462=VERTEX_POINT('',#3427);
#1463=VERTEX_POINT('',#3429);
#1464=VERTEX_POINT('',#3430);
#1465=VERTEX_POINT('',#3432);
#1466=VERTEX_POINT('',#3434);
#1467=VERTEX_POINT('',#3437);
#1468=VERTEX_POINT('',#3439);
#1469=VERTEX_POINT('',#3441);
#1470=VERTEX_POINT('',#3445);
#1471=VERTEX_POINT('',#3447);
#1472=VERTEX_POINT('',#3449);
#1473=VERTEX_POINT('',#3451);
#1474=VERTEX_POINT('',#3453);
#1475=VERTEX_POINT('',#3456);
#1476=VERTEX_POINT('',#3458);
#1477=VERTEX_POINT('',#3460);
#1478=VERTEX_POINT('',#3462);
#1479=VERTEX_POINT('',#3464);
#1480=VERTEX_POINT('',#3466);
#1481=VERTEX_POINT('',#3470);
#1482=VERTEX_POINT('',#3475);
#1483=VERTEX_POINT('',#3476);
#1484=VERTEX_POINT('',#3481);
#1485=VERTEX_POINT('',#3483);
#1486=VERTEX_POINT('',#3484);
#1487=VERTEX_POINT('',#3488);
#1488=VERTEX_POINT('',#3490);
#1489=VERTEX_POINT('',#3497);
#1490=VERTEX_POINT('',#3498);
#1491=VERTEX_POINT('',#3503);
#1492=VERTEX_POINT('',#3506);
#1493=VERTEX_POINT('',#3508);
#1494=VERTEX_POINT('',#3513);
#1495=VERTEX_POINT('',#3515);
#1496=VERTEX_POINT('',#3517);
#1497=VERTEX_POINT('',#3519);
#1498=VERTEX_POINT('',#3522);
#1499=VERTEX_POINT('',#3524);
#1500=VERTEX_POINT('',#3527);
#1501=VERTEX_POINT('',#3529);
#1502=VERTEX_POINT('',#3531);
#1503=VERTEX_POINT('',#3533);
#1504=VERTEX_POINT('',#3536);
#1505=VERTEX_POINT('',#3538);
#1506=VERTEX_POINT('',#3542);
#1507=VERTEX_POINT('',#3544);
#1508=VERTEX_POINT('',#3547);
#1509=VERTEX_POINT('',#3549);
#1510=VERTEX_POINT('',#3553);
#1511=VERTEX_POINT('',#3555);
#1512=VERTEX_POINT('',#3633);
#1513=VERTEX_POINT('',#3635);
#1514=VERTEX_POINT('',#3638);
#1515=VERTEX_POINT('',#3640);
#1516=VERTEX_POINT('',#3679);
#1517=VERTEX_POINT('',#3683);
#1518=VERTEX_POINT('',#3685);
#1519=VERTEX_POINT('',#3689);
#1520=VERTEX_POINT('',#3693);
#1521=VERTEX_POINT('',#3699);
#1522=VERTEX_POINT('',#3701);
#1523=VERTEX_POINT('',#3704);
#1524=VERTEX_POINT('',#3706);
#1525=VERTEX_POINT('',#3711);
#1526=VERTEX_POINT('',#3713);
#1527=VERTEX_POINT('',#3724);
#1528=VERTEX_POINT('',#3728);
#1529=VERTEX_POINT('',#3734);
#1530=VERTEX_POINT('',#3737);
#1531=VERTEX_POINT('',#3740);
#1532=VERTEX_POINT('',#3743);
#1533=CIRCLE('',#2199,0.0012);
#1534=CIRCLE('',#2200,0.0012);
#1535=CIRCLE('',#2201,0.0012);
#1536=CIRCLE('',#2202,0.001);
#1537=CIRCLE('',#2203,0.001);
#1538=CIRCLE('',#2204,0.001);
#1539=CIRCLE('',#2205,0.001);
#1540=CIRCLE('',#2206,0.0012);
#1541=CIRCLE('',#2208,0.004);
#1542=CIRCLE('',#2209,0.004);
#1543=CIRCLE('',#2211,0.00393758375798948);
#1544=CIRCLE('',#2212,0.00393758375798948);
#1545=CIRCLE('',#2218,0.00405);
#1546=CIRCLE('',#2219,0.0061);
#1547=CIRCLE('',#2220,0.0061);
#1548=CIRCLE('',#2221,0.00405);
#1549=CIRCLE('',#2223,0.0021);
#1550=CIRCLE('',#2224,0.001);
#1551=CIRCLE('',#2225,0.0012);
#1552=CIRCLE('',#2226,0.0012);
#1553=CIRCLE('',#2227,0.001);
#1554=CIRCLE('',#2231,0.0021);
#1555=CIRCLE('',#2232,0.001);
#1556=CIRCLE('',#2233,0.001);
#1557=CIRCLE('',#2234,0.0012);
#1558=CIRCLE('',#2235,0.0012);
#1559=CIRCLE('',#2237,0.0036);
#1560=CIRCLE('',#2238,0.0036);
#1561=CIRCLE('',#2240,0.0021);
#1562=CIRCLE('',#2241,0.001);
#1563=CIRCLE('',#2242,0.001);
#1564=CIRCLE('',#2243,0.0012);
#1565=CIRCLE('',#2244,0.0012);
#1566=CIRCLE('',#2248,0.0021);
#1567=CIRCLE('',#2249,0.001);
#1568=CIRCLE('',#2250,0.0012);
#1569=CIRCLE('',#2251,0.0012);
#1570=CIRCLE('',#2252,0.001);
#1571=CIRCLE('',#2255,0.0034);
#1572=CIRCLE('',#2256,0.0034);
#1573=CIRCLE('',#2257,0.00315);
#1574=CIRCLE('',#2260,0.0021);
#1575=CIRCLE('',#2261,0.002);
#1576=CIRCLE('',#2262,0.002);
#1577=CIRCLE('',#2263,0.002);
#1578=CIRCLE('',#2264,0.002);
#1579=CIRCLE('',#2268,0.0021);
#1580=CIRCLE('',#2269,0.002);
#1581=CIRCLE('',#2270,0.002);
#1582=CIRCLE('',#2271,0.002);
#1583=CIRCLE('',#2272,0.002);
#1584=CIRCLE('',#2275,0.0024);
#1585=CIRCLE('',#2276,0.0024);
#1586=CIRCLE('',#2277,0.002);
#1587=CIRCLE('',#2278,0.002);
#1588=CIRCLE('',#2279,0.002);
#1589=CIRCLE('',#2280,0.002);
#1590=CIRCLE('',#2281,0.002);
#1591=CIRCLE('',#2282,0.002);
#1592=CIRCLE('',#2283,0.002);
#1593=CIRCLE('',#2284,0.002);
#1594=CIRCLE('',#2286,0.00405);
#1595=CIRCLE('',#2287,0.0061);
#1596=CIRCLE('',#2288,0.0061);
#1597=CIRCLE('',#2289,0.00405);
#1598=CIRCLE('',#2291,0.0024);
#1599=CIRCLE('',#2292,0.0024);
#1600=CIRCLE('',#2293,0.002);
#1601=CIRCLE('',#2294,0.002);
#1602=CIRCLE('',#2295,0.002);
#1603=CIRCLE('',#2296,0.002);
#1604=CIRCLE('',#2297,0.002);
#1605=CIRCLE('',#2298,0.002);
#1606=CIRCLE('',#2299,0.002);
#1607=CIRCLE('',#2300,0.002);
#1608=CIRCLE('',#2303,0.0021);
#1609=CIRCLE('',#2304,0.002);
#1610=CIRCLE('',#2305,0.002);
#1611=CIRCLE('',#2306,0.002);
#1612=CIRCLE('',#2307,0.002);
#1613=CIRCLE('',#2311,0.0021);
#1614=CIRCLE('',#2312,0.002);
#1615=CIRCLE('',#2313,0.002);
#1616=CIRCLE('',#2314,0.002);
#1617=CIRCLE('',#2315,0.002);
#1618=CIRCLE('',#2318,0.0012);
#1619=CIRCLE('',#2319,0.0012);
#1620=CIRCLE('',#2320,0.0012);
#1621=CIRCLE('',#2321,0.001);
#1622=CIRCLE('',#2322,0.001);
#1623=CIRCLE('',#2323,0.001);
#1624=CIRCLE('',#2324,0.001);
#1625=CIRCLE('',#2325,0.0012);
#1626=CIRCLE('',#2352,0.0026);
#1627=CIRCLE('',#2353,0.0026);
#1628=CIRCLE('',#2355,0.0026);
#1629=CIRCLE('',#2356,0.0026);
#1630=CIRCLE('',#2390,0.00315);
#1631=CIRCLE('',#2397,0.001);
#1632=CIRCLE('',#2398,0.001);
#1633=CIRCLE('',#2400,0.003);
#1634=CIRCLE('',#2401,0.003);
#1635=CIRCLE('',#2405,0.001);
#1636=CIRCLE('',#2406,0.001);
#1637=CIRCLE('',#2408,0.003);
#1638=CIRCLE('',#2409,0.003);
#1639=CIRCLE('',#2416,0.0036);
#1640=CIRCLE('',#2419,0.0036);
#1641=CIRCLE('',#2424,0.0012);
#1642=CIRCLE('',#2426,0.0012);
#1643=CIRCLE('',#2428,0.0012);
#1644=CIRCLE('',#2430,0.0012);
#1645=EDGE_LOOP('',(#434));
#1646=EDGE_LOOP('',(#435));
#1647=EDGE_LOOP('',(#436,#437,#438,#439));
#1648=EDGE_LOOP('',(#440,#441,#442,#443,#444,#445,#446,#447,#448,#449,#450,
#451,#452,#453,#454,#455,#456,#457,#458,#459));
#1649=EDGE_LOOP('',(#460));
#1650=EDGE_LOOP('',(#461,#462,#463,#464,#465,#466,#467,#468,#469,#470,#471,
#472,#473,#474));
#1651=EDGE_LOOP('',(#475));
#1652=EDGE_LOOP('',(#476));
#1653=EDGE_LOOP('',(#477,#478,#479,#480));
#1654=EDGE_LOOP('',(#481,#482,#483,#484));
#1655=EDGE_LOOP('',(#485,#486,#487,#488));
#1656=EDGE_LOOP('',(#489,#490,#491,#492));
#1657=EDGE_LOOP('',(#493));
#1658=EDGE_LOOP('',(#494,#495,#496,#497));
#1659=EDGE_LOOP('',(#498));
#1660=EDGE_LOOP('',(#499,#500,#501,#502,#503,#504,#505,#506));
#1661=EDGE_LOOP('',(#507));
#1662=EDGE_LOOP('',(#508,#509,#510,#511,#512,#513,#514,#515));
#1663=EDGE_LOOP('',(#516,#517,#518,#519));
#1664=EDGE_LOOP('',(#520,#521,#522,#523));
#1665=EDGE_LOOP('',(#524));
#1666=EDGE_LOOP('',(#525,#526,#527,#528,#529,#530,#531,#532));
#1667=EDGE_LOOP('',(#533));
#1668=EDGE_LOOP('',(#534));
#1669=EDGE_LOOP('',(#535));
#1670=EDGE_LOOP('',(#536,#537,#538,#539,#540,#541,#542,#543));
#1671=EDGE_LOOP('',(#544));
#1672=EDGE_LOOP('',(#545,#546,#547,#548,#549,#550,#551,#552));
#1673=EDGE_LOOP('',(#553,#554,#555,#556));
#1674=EDGE_LOOP('',(#557,#558,#559,#560));
#1675=EDGE_LOOP('',(#561));
#1676=EDGE_LOOP('',(#562,#563,#564,#565,#566,#567,#568,#569));
#1677=EDGE_LOOP('',(#570,#571,#572,#573));
#1678=EDGE_LOOP('',(#574));
#1679=EDGE_LOOP('',(#575));
#1680=EDGE_LOOP('',(#576,#577,#578,#579));
#1681=EDGE_LOOP('',(#580));
#1682=EDGE_LOOP('',(#581,#582,#583,#584));
#1683=EDGE_LOOP('',(#585));
#1684=EDGE_LOOP('',(#586,#587,#588,#589,#590,#591,#592,#593));
#1685=EDGE_LOOP('',(#594,#595,#596,#597));
#1686=EDGE_LOOP('',(#598,#599,#600,#601));
#1687=EDGE_LOOP('',(#602));
#1688=EDGE_LOOP('',(#603,#604,#605,#606,#607,#608,#609,#610));
#1689=EDGE_LOOP('',(#611,#612,#613,#614));
#1690=EDGE_LOOP('',(#615));
#1691=EDGE_LOOP('',(#616));
#1692=EDGE_LOOP('',(#617,#618,#619,#620,#621,#622,#623,#624,#625,#626,#627,
#628,#629,#630,#631,#632,#633,#634,#635,#636));
#1693=EDGE_LOOP('',(#637));
#1694=EDGE_LOOP('',(#638,#639,#640,#641));
#1695=EDGE_LOOP('',(#642));
#1696=EDGE_LOOP('',(#643,#644,#645,#646));
#1697=EDGE_LOOP('',(#647));
#1698=EDGE_LOOP('',(#648));
#1699=EDGE_LOOP('',(#649,#650,#651,#652,#653,#654,#655,#656,#657,#658,#659,
#660,#661,#662,#663,#664,#665,#666,#667,#668));
#1700=EDGE_LOOP('',(#669,#670,#671,#672));
#1701=EDGE_LOOP('',(#673));
#1702=EDGE_LOOP('',(#674,#675,#676,#677,#678,#679,#680,#681));
#1703=EDGE_LOOP('',(#682,#683,#684,#685));
#1704=EDGE_LOOP('',(#686,#687,#688,#689));
#1705=EDGE_LOOP('',(#690));
#1706=EDGE_LOOP('',(#691,#692,#693,#694,#695,#696,#697,#698));
#1707=EDGE_LOOP('',(#699,#700,#701,#702,#703,#704,#705,#706,#707,#708,#709,
#710,#711,#712,#713,#714,#715,#716,#717,#718));
#1708=EDGE_LOOP('',(#719));
#1709=EDGE_LOOP('',(#720));
#1710=EDGE_LOOP('',(#721,#722,#723,#724,#725,#726,#727,#728,#729,#730,#731,
#732,#733,#734));
#1711=EDGE_LOOP('',(#735,#736,#737,#738,#739));
#1712=EDGE_LOOP('',(#740,#741,#742,#743,#744));
#1713=EDGE_LOOP('',(#745,#746,#747,#748,#749));
#1714=EDGE_LOOP('',(#750,#751,#752,#753,#754));
#1715=EDGE_LOOP('',(#755,#756,#757,#758,#759));
#1716=EDGE_LOOP('',(#760,#761,#762,#763,#764));
#1717=EDGE_LOOP('',(#765,#766,#767,#768,#769));
#1718=EDGE_LOOP('',(#770,#771,#772,#773,#774));
#1719=EDGE_LOOP('',(#775));
#1720=EDGE_LOOP('',(#776));
#1721=EDGE_LOOP('',(#777));
#1722=EDGE_LOOP('',(#778));
#1723=EDGE_LOOP('',(#779));
#1724=EDGE_LOOP('',(#780));
#1725=EDGE_LOOP('',(#781));
#1726=EDGE_LOOP('',(#782));
#1727=EDGE_LOOP('',(#783,#784,#785,#786));
#1728=EDGE_LOOP('',(#787,#788,#789,#790));
#1729=EDGE_LOOP('',(#791,#792,#793,#794));
#1730=EDGE_LOOP('',(#795,#796,#797,#798));
#1731=EDGE_LOOP('',(#799,#800,#801,#802));
#1732=EDGE_LOOP('',(#803,#804,#805,#806));
#1733=EDGE_LOOP('',(#807,#808,#809,#810));
#1734=EDGE_LOOP('',(#811,#812,#813,#814));
#1735=EDGE_LOOP('',(#815,#816,#817,#818));
#1736=EDGE_LOOP('',(#819,#820,#821,#822));
#1737=EDGE_LOOP('',(#823,#824,#825,#826));
#1738=EDGE_LOOP('',(#827,#828,#829,#830));
#1739=EDGE_LOOP('',(#831,#832,#833,#834));
#1740=EDGE_LOOP('',(#835,#836,#837,#838));
#1741=EDGE_LOOP('',(#839));
#1742=EDGE_LOOP('',(#840));
#1743=EDGE_LOOP('',(#841));
#1744=EDGE_LOOP('',(#842));
#1745=EDGE_LOOP('',(#843,#844,#845,#846));
#1746=EDGE_LOOP('',(#847,#848,#849,#850));
#1747=EDGE_LOOP('',(#851,#852,#853,#854));
#1748=EDGE_LOOP('',(#855,#856,#857,#858));
#1749=EDGE_LOOP('',(#859,#860,#861,#862));
#1750=EDGE_LOOP('',(#863,#864,#865,#866));
#1751=EDGE_LOOP('',(#867,#868,#869,#870));
#1752=EDGE_LOOP('',(#871,#872,#873,#874));
#1753=EDGE_LOOP('',(#875,#876,#877,#878));
#1754=EDGE_LOOP('',(#879,#880,#881,#882));
#1755=EDGE_LOOP('',(#883,#884,#885,#886));
#1756=EDGE_LOOP('',(#887,#888,#889,#890));
#1757=EDGE_LOOP('',(#891,#892,#893,#894));
#1758=EDGE_LOOP('',(#895,#896,#897,#898));
#1759=EDGE_LOOP('',(#899,#900,#901,#902));
#1760=EDGE_LOOP('',(#903,#904,#905,#906));
#1761=EDGE_LOOP('',(#907,#908,#909,#910));
#1762=EDGE_LOOP('',(#911,#912,#913,#914));
#1763=EDGE_LOOP('',(#915,#916,#917,#918));
#1764=EDGE_LOOP('',(#919,#920,#921,#922));
#1765=EDGE_LOOP('',(#923,#924,#925,#926));
#1766=EDGE_LOOP('',(#927,#928,#929,#930));
#1767=EDGE_LOOP('',(#931));
#1768=EDGE_LOOP('',(#932));
#1769=EDGE_LOOP('',(#933,#934,#935,#936));
#1770=EDGE_LOOP('',(#937,#938,#939,#940));
#1771=EDGE_LOOP('',(#941,#942,#943,#944));
#1772=EDGE_LOOP('',(#945,#946,#947,#948));
#1773=EDGE_LOOP('',(#949));
#1774=EDGE_LOOP('',(#950));
#1775=EDGE_LOOP('',(#951));
#1776=EDGE_LOOP('',(#952));
#1777=EDGE_LOOP('',(#953));
#1778=EDGE_LOOP('',(#954));
#1779=EDGE_LOOP('',(#955,#956,#957,#958));
#1780=EDGE_LOOP('',(#959,#960,#961,#962));
#1781=EDGE_LOOP('',(#963,#964,#965,#966));
#1782=EDGE_LOOP('',(#967,#968,#969,#970));
#1783=EDGE_LOOP('',(#971));
#1784=EDGE_LOOP('',(#972));
#1785=EDGE_LOOP('',(#973));
#1786=EDGE_LOOP('',(#974));
#1787=EDGE_LOOP('',(#975));
#1788=EDGE_LOOP('',(#976));
#1789=EDGE_LOOP('',(#977));
#1790=EDGE_LOOP('',(#978));
#1791=EDGE_LOOP('',(#979));
#1792=EDGE_LOOP('',(#980,#981,#982,#983));
#1793=EDGE_LOOP('',(#984,#985));
#1794=EDGE_LOOP('',(#986));
#1795=EDGE_LOOP('',(#987));
#1796=EDGE_LOOP('',(#988,#989,#990,#991));
#1797=EDGE_LOOP('',(#992));
#1798=EDGE_LOOP('',(#993));
#1799=EDGE_LOOP('',(#994,#995,#996,#997));
#1800=EDGE_LOOP('',(#998));
#1801=EDGE_LOOP('',(#999));
#1802=EDGE_LOOP('',(#1000));
#1803=EDGE_LOOP('',(#1001));
#1804=EDGE_LOOP('',(#1002));
#1805=EDGE_LOOP('',(#1003));
#1806=EDGE_LOOP('',(#1004));
#1807=EDGE_LOOP('',(#1005));
#1808=EDGE_LOOP('',(#1006));
#1809=EDGE_LOOP('',(#1007));
#1810=EDGE_LOOP('',(#1008));
#1811=EDGE_LOOP('',(#1009));
#1812=EDGE_LOOP('',(#1010));
#1813=EDGE_LOOP('',(#1011));
#1814=EDGE_LOOP('',(#1012));
#1815=EDGE_LOOP('',(#1013));
#1816=EDGE_LOOP('',(#1014));
#1817=EDGE_LOOP('',(#1015));
#1818=EDGE_LOOP('',(#1016));
#1819=EDGE_LOOP('',(#1017));
#1820=EDGE_LOOP('',(#1018));
#1821=EDGE_LOOP('',(#1019));
#1822=EDGE_LOOP('',(#1020));
#1823=EDGE_LOOP('',(#1021));
#1824=EDGE_LOOP('',(#1022));
#1825=EDGE_LOOP('',(#1023));
#1826=EDGE_LOOP('',(#1024));
#1827=EDGE_LOOP('',(#1025));
#1828=FACE_BOUND('',#1645,.T.);
#1829=FACE_BOUND('',#1646,.T.);
#1830=FACE_BOUND('',#1647,.T.);
#1831=FACE_BOUND('',#1648,.T.);
#1832=FACE_BOUND('',#1649,.T.);
#1833=FACE_BOUND('',#1650,.T.);
#1834=FACE_BOUND('',#1651,.T.);
#1835=FACE_BOUND('',#1652,.T.);
#1836=FACE_BOUND('',#1653,.T.);
#1837=FACE_BOUND('',#1654,.T.);
#1838=FACE_BOUND('',#1655,.T.);
#1839=FACE_BOUND('',#1656,.T.);
#1840=FACE_BOUND('',#1657,.T.);
#1841=FACE_BOUND('',#1658,.T.);
#1842=FACE_BOUND('',#1659,.T.);
#1843=FACE_BOUND('',#1660,.T.);
#1844=FACE_BOUND('',#1661,.T.);
#1845=FACE_BOUND('',#1662,.T.);
#1846=FACE_BOUND('',#1663,.T.);
#1847=FACE_BOUND('',#1664,.T.);
#1848=FACE_BOUND('',#1665,.T.);
#1849=FACE_BOUND('',#1666,.T.);
#1850=FACE_BOUND('',#1667,.T.);
#1851=FACE_BOUND('',#1668,.T.);
#1852=FACE_BOUND('',#1669,.T.);
#1853=FACE_BOUND('',#1670,.T.);
#1854=FACE_BOUND('',#1671,.T.);
#1855=FACE_BOUND('',#1672,.T.);
#1856=FACE_BOUND('',#1673,.T.);
#1857=FACE_BOUND('',#1674,.T.);
#1858=FACE_BOUND('',#1675,.T.);
#1859=FACE_BOUND('',#1676,.T.);
#1860=FACE_BOUND('',#1677,.T.);
#1861=FACE_BOUND('',#1678,.T.);
#1862=FACE_BOUND('',#1679,.T.);
#1863=FACE_BOUND('',#1680,.T.);
#1864=FACE_BOUND('',#1681,.T.);
#1865=FACE_BOUND('',#1682,.T.);
#1866=FACE_BOUND('',#1683,.T.);
#1867=FACE_BOUND('',#1684,.T.);
#1868=FACE_BOUND('',#1685,.T.);
#1869=FACE_BOUND('',#1686,.T.);
#1870=FACE_BOUND('',#1687,.T.);
#1871=FACE_BOUND('',#1688,.T.);
#1872=FACE_BOUND('',#1689,.T.);
#1873=FACE_BOUND('',#1690,.T.);
#1874=FACE_BOUND('',#1691,.T.);
#1875=FACE_BOUND('',#1692,.T.);
#1876=FACE_BOUND('',#1693,.T.);
#1877=FACE_BOUND('',#1694,.T.);
#1878=FACE_BOUND('',#1695,.T.);
#1879=FACE_BOUND('',#1696,.T.);
#1880=FACE_BOUND('',#1697,.T.);
#1881=FACE_BOUND('',#1698,.T.);
#1882=FACE_BOUND('',#1699,.T.);
#1883=FACE_BOUND('',#1700,.T.);
#1884=FACE_BOUND('',#1701,.T.);
#1885=FACE_BOUND('',#1702,.T.);
#1886=FACE_BOUND('',#1703,.T.);
#1887=FACE_BOUND('',#1704,.T.);
#1888=FACE_BOUND('',#1705,.T.);
#1889=FACE_BOUND('',#1706,.T.);
#1890=FACE_BOUND('',#1707,.T.);
#1891=FACE_BOUND('',#1708,.T.);
#1892=FACE_BOUND('',#1709,.T.);
#1893=FACE_BOUND('',#1710,.T.);
#1894=FACE_BOUND('',#1711,.T.);
#1895=FACE_BOUND('',#1712,.T.);
#1896=FACE_BOUND('',#1713,.T.);
#1897=FACE_BOUND('',#1714,.T.);
#1898=FACE_BOUND('',#1715,.T.);
#1899=FACE_BOUND('',#1716,.T.);
#1900=FACE_BOUND('',#1717,.T.);
#1901=FACE_BOUND('',#1718,.T.);
#1902=FACE_BOUND('',#1719,.T.);
#1903=FACE_BOUND('',#1720,.T.);
#1904=FACE_BOUND('',#1721,.T.);
#1905=FACE_BOUND('',#1722,.T.);
#1906=FACE_BOUND('',#1723,.T.);
#1907=FACE_BOUND('',#1724,.T.);
#1908=FACE_BOUND('',#1725,.T.);
#1909=FACE_BOUND('',#1726,.T.);
#1910=FACE_BOUND('',#1727,.T.);
#1911=FACE_BOUND('',#1728,.T.);
#1912=FACE_BOUND('',#1729,.T.);
#1913=FACE_BOUND('',#1730,.T.);
#1914=FACE_BOUND('',#1731,.T.);
#1915=FACE_BOUND('',#1732,.T.);
#1916=FACE_BOUND('',#1733,.T.);
#1917=FACE_BOUND('',#1734,.T.);
#1918=FACE_BOUND('',#1735,.T.);
#1919=FACE_BOUND('',#1736,.T.);
#1920=FACE_BOUND('',#1737,.T.);
#1921=FACE_BOUND('',#1738,.T.);
#1922=FACE_BOUND('',#1739,.T.);
#1923=FACE_BOUND('',#1740,.T.);
#1924=FACE_BOUND('',#1741,.T.);
#1925=FACE_BOUND('',#1742,.T.);
#1926=FACE_BOUND('',#1743,.T.);
#1927=FACE_BOUND('',#1744,.T.);
#1928=FACE_BOUND('',#1745,.T.);
#1929=FACE_BOUND('',#1746,.T.);
#1930=FACE_BOUND('',#1747,.T.);
#1931=FACE_BOUND('',#1748,.T.);
#1932=FACE_BOUND('',#1749,.T.);
#1933=FACE_BOUND('',#1750,.T.);
#1934=FACE_BOUND('',#1751,.T.);
#1935=FACE_BOUND('',#1752,.T.);
#1936=FACE_BOUND('',#1753,.T.);
#1937=FACE_BOUND('',#1754,.T.);
#1938=FACE_BOUND('',#1755,.T.);
#1939=FACE_BOUND('',#1756,.T.);
#1940=FACE_BOUND('',#1757,.T.);
#1941=FACE_BOUND('',#1758,.T.);
#1942=FACE_BOUND('',#1759,.T.);
#1943=FACE_BOUND('',#1760,.T.);
#1944=FACE_BOUND('',#1761,.T.);
#1945=FACE_BOUND('',#1762,.T.);
#1946=FACE_BOUND('',#1763,.T.);
#1947=FACE_BOUND('',#1764,.T.);
#1948=FACE_BOUND('',#1765,.T.);
#1949=FACE_BOUND('',#1766,.T.);
#1950=FACE_BOUND('',#1767,.T.);
#1951=FACE_BOUND('',#1768,.T.);
#1952=FACE_BOUND('',#1769,.T.);
#1953=FACE_BOUND('',#1770,.T.);
#1954=FACE_BOUND('',#1771,.T.);
#1955=FACE_BOUND('',#1772,.T.);
#1956=FACE_BOUND('',#1773,.T.);
#1957=FACE_BOUND('',#1774,.T.);
#1958=FACE_BOUND('',#1775,.T.);
#1959=FACE_BOUND('',#1776,.T.);
#1960=FACE_BOUND('',#1777,.T.);
#1961=FACE_BOUND('',#1778,.T.);
#1962=FACE_BOUND('',#1779,.T.);
#1963=FACE_BOUND('',#1780,.T.);
#1964=FACE_BOUND('',#1781,.T.);
#1965=FACE_BOUND('',#1782,.T.);
#1966=FACE_BOUND('',#1783,.T.);
#1967=FACE_BOUND('',#1784,.T.);
#1968=FACE_BOUND('',#1785,.T.);
#1969=FACE_BOUND('',#1786,.T.);
#1970=FACE_BOUND('',#1787,.T.);
#1971=FACE_BOUND('',#1788,.T.);
#1972=FACE_BOUND('',#1789,.T.);
#1973=FACE_BOUND('',#1790,.T.);
#1974=FACE_BOUND('',#1791,.T.);
#1975=FACE_BOUND('',#1792,.T.);
#1976=FACE_BOUND('',#1793,.T.);
#1977=FACE_BOUND('',#1794,.T.);
#1978=FACE_BOUND('',#1795,.T.);
#1979=FACE_BOUND('',#1796,.T.);
#1980=FACE_BOUND('',#1797,.T.);
#1981=FACE_BOUND('',#1798,.T.);
#1982=FACE_BOUND('',#1799,.T.);
#1983=FACE_BOUND('',#1800,.T.);
#1984=FACE_BOUND('',#1801,.T.);
#1985=FACE_BOUND('',#1802,.T.);
#1986=FACE_BOUND('',#1803,.T.);
#1987=FACE_BOUND('',#1804,.T.);
#1988=FACE_BOUND('',#1805,.T.);
#1989=FACE_BOUND('',#1806,.T.);
#1990=FACE_BOUND('',#1807,.T.);
#1991=FACE_BOUND('',#1808,.T.);
#1992=FACE_BOUND('',#1809,.T.);
#1993=FACE_BOUND('',#1810,.T.);
#1994=FACE_BOUND('',#1811,.T.);
#1995=FACE_BOUND('',#1812,.T.);
#1996=FACE_BOUND('',#1813,.T.);
#1997=FACE_BOUND('',#1814,.T.);
#1998=FACE_BOUND('',#1815,.T.);
#1999=FACE_BOUND('',#1816,.T.);
#2000=FACE_BOUND('',#1817,.T.);
#2001=FACE_BOUND('',#1818,.T.);
#2002=FACE_BOUND('',#1819,.T.);
#2003=FACE_BOUND('',#1820,.T.);
#2004=FACE_BOUND('',#1821,.T.);
#2005=FACE_BOUND('',#1822,.T.);
#2006=FACE_BOUND('',#1823,.T.);
#2007=FACE_BOUND('',#1824,.T.);
#2008=FACE_BOUND('',#1825,.T.);
#2009=FACE_BOUND('',#1826,.T.);
#2010=FACE_BOUND('',#1827,.T.);
#2011=PLANE('',#2198);
#2012=PLANE('',#2207);
#2013=PLANE('',#2213);
#2014=PLANE('',#2214);
#2015=PLANE('',#2215);
#2016=PLANE('',#2216);
#2017=PLANE('',#2217);
#2018=PLANE('',#2222);
#2019=PLANE('',#2228);
#2020=PLANE('',#2229);
#2021=PLANE('',#2230);
#2022=PLANE('',#2236);
#2023=PLANE('',#2239);
#2024=PLANE('',#2245);
#2025=PLANE('',#2246);
#2026=PLANE('',#2247);
#2027=PLANE('',#2253);
#2028=PLANE('',#2254);
#2029=PLANE('',#2258);
#2030=PLANE('',#2259);
#2031=PLANE('',#2265);
#2032=PLANE('',#2266);
#2033=PLANE('',#2267);
#2034=PLANE('',#2273);
#2035=PLANE('',#2274);
#2036=PLANE('',#2285);
#2037=PLANE('',#2290);
#2038=PLANE('',#2301);
#2039=PLANE('',#2302);
#2040=PLANE('',#2308);
#2041=PLANE('',#2309);
#2042=PLANE('',#2310);
#2043=PLANE('',#2316);
#2044=PLANE('',#2317);
#2045=PLANE('',#2338);
#2046=PLANE('',#2339);
#2047=PLANE('',#2340);
#2048=PLANE('',#2341);
#2049=PLANE('',#2350);
#2050=PLANE('',#2385);
#2051=PLANE('',#2386);
#2052=PLANE('',#2391);
#2053=PLANE('',#2392);
#2054=PLANE('',#2393);
#2055=PLANE('',#2394);
#2056=PLANE('',#2395);
#2057=PLANE('',#2402);
#2058=PLANE('',#2403);
#2059=PLANE('',#2410);
#2060=PLANE('',#2411);
#2061=PLANE('',#2412);
#2062=PLANE('',#2417);
#2063=PLANE('',#2420);
#2064=ADVANCED_FACE('',(#1828,#1829,#1830,#1831),#2011,.T.);
#2065=ADVANCED_FACE('',(#1832,#1833),#2012,.T.);
#2066=ADVANCED_FACE('',(#1834,#1835),#24,.F.);
#2067=ADVANCED_FACE('',(#1836),#2013,.T.);
#2068=ADVANCED_FACE('',(#1837),#2014,.T.);
#2069=ADVANCED_FACE('',(#1838),#2015,.T.);
#2070=ADVANCED_FACE('',(#1839),#2016,.T.);
#2071=ADVANCED_FACE('',(#1840,#1841,#1842,#1843),#2017,.T.);
#2072=ADVANCED_FACE('',(#1844,#1845),#2018,.T.);
#2073=ADVANCED_FACE('',(#1846),#2019,.T.);
#2074=ADVANCED_FACE('',(#1847),#2020,.T.);
#2075=ADVANCED_FACE('',(#1848,#1849),#2021,.T.);
#2076=ADVANCED_FACE('',(#1850,#1851,#1852,#1853),#2022,.T.);
#2077=ADVANCED_FACE('',(#1854,#1855),#2023,.T.);
#2078=ADVANCED_FACE('',(#1856),#2024,.T.);
#2079=ADVANCED_FACE('',(#1857),#2025,.T.);
#2080=ADVANCED_FACE('',(#1858,#1859),#2026,.T.);
#2081=ADVANCED_FACE('',(#1860),#2027,.T.);
#2082=ADVANCED_FACE('',(#1861,#1862,#1863,#1864),#2028,.F.);
#2083=ADVANCED_FACE('',(#1865),#2029,.F.);
#2084=ADVANCED_FACE('',(#1866,#1867),#2030,.T.);
#2085=ADVANCED_FACE('',(#1868),#2031,.T.);
#2086=ADVANCED_FACE('',(#1869),#2032,.F.);
#2087=ADVANCED_FACE('',(#1870,#1871),#2033,.T.);
#2088=ADVANCED_FACE('',(#1872),#2034,.T.);
#2089=ADVANCED_FACE('',(#1873,#1874,#1875),#2035,.F.);
#2090=ADVANCED_FACE('',(#1876,#1877,#1878,#1879),#2036,.T.);
#2091=ADVANCED_FACE('',(#1880,#1881,#1882),#2037,.T.);
#2092=ADVANCED_FACE('',(#1883),#2038,.F.);
#2093=ADVANCED_FACE('',(#1884,#1885),#2039,.F.);
#2094=ADVANCED_FACE('',(#1886),#2040,.T.);
#2095=ADVANCED_FACE('',(#1887),#2041,.F.);
#2096=ADVANCED_FACE('',(#1888,#1889),#2042,.F.);
#2097=ADVANCED_FACE('',(#1890),#2043,.F.);
#2098=ADVANCED_FACE('',(#1891,#1892,#1893),#2044,.T.);
#2099=ADVANCED_FACE('',(#1894),#25,.T.);
#2100=ADVANCED_FACE('',(#1895),#26,.T.);
#2101=ADVANCED_FACE('',(#1896),#27,.T.);
#2102=ADVANCED_FACE('',(#1897),#28,.T.);
#2103=ADVANCED_FACE('',(#1898),#29,.T.);
#2104=ADVANCED_FACE('',(#1899),#30,.T.);
#2105=ADVANCED_FACE('',(#1900),#31,.T.);
#2106=ADVANCED_FACE('',(#1901),#32,.T.);
#2107=ADVANCED_FACE('',(#1902,#1903),#33,.F.);
#2108=ADVANCED_FACE('',(#1904,#1905),#34,.F.);
#2109=ADVANCED_FACE('',(#1906,#1907),#35,.F.);
#2110=ADVANCED_FACE('',(#1908,#1909),#36,.F.);
#2111=ADVANCED_FACE('',(#1910),#2045,.F.);
#2112=ADVANCED_FACE('',(#1911),#2046,.F.);
#2113=ADVANCED_FACE('',(#1912),#2047,.F.);
#2114=ADVANCED_FACE('',(#1913),#2048,.F.);
#2115=ADVANCED_FACE('',(#1914),#37,.T.);
#2116=ADVANCED_FACE('',(#1915),#38,.T.);
#2117=ADVANCED_FACE('',(#1916),#39,.T.);
#2118=ADVANCED_FACE('',(#1917),#40,.T.);
#2119=ADVANCED_FACE('',(#1918),#41,.T.);
#2120=ADVANCED_FACE('',(#1919),#42,.T.);
#2121=ADVANCED_FACE('',(#1920),#43,.T.);
#2122=ADVANCED_FACE('',(#1921),#44,.T.);
#2123=ADVANCED_FACE('',(#1922,#1923),#2049,.T.);
#2124=ADVANCED_FACE('',(#1924,#1925),#45,.F.);
#2125=ADVANCED_FACE('',(#1926,#1927),#46,.F.);
#2126=ADVANCED_FACE('',(#1928),#47,.T.);
#2127=ADVANCED_FACE('',(#1929),#48,.T.);
#2128=ADVANCED_FACE('',(#1930),#49,.T.);
#2129=ADVANCED_FACE('',(#1931),#50,.T.);
#2130=ADVANCED_FACE('',(#1932),#51,.T.);
#2131=ADVANCED_FACE('',(#1933),#52,.T.);
#2132=ADVANCED_FACE('',(#1934),#53,.T.);
#2133=ADVANCED_FACE('',(#1935),#54,.T.);
#2134=ADVANCED_FACE('',(#1936),#55,.F.);
#2135=ADVANCED_FACE('',(#1937),#56,.F.);
#2136=ADVANCED_FACE('',(#1938),#57,.F.);
#2137=ADVANCED_FACE('',(#1939),#58,.F.);
#2138=ADVANCED_FACE('',(#1940),#59,.F.);
#2139=ADVANCED_FACE('',(#1941),#60,.F.);
#2140=ADVANCED_FACE('',(#1942),#61,.F.);
#2141=ADVANCED_FACE('',(#1943),#62,.F.);
#2142=ADVANCED_FACE('',(#1944),#63,.F.);
#2143=ADVANCED_FACE('',(#1945),#64,.F.);
#2144=ADVANCED_FACE('',(#1946),#65,.F.);
#2145=ADVANCED_FACE('',(#1947),#66,.F.);
#2146=ADVANCED_FACE('',(#1948),#67,.F.);
#2147=ADVANCED_FACE('',(#1949),#68,.F.);
#2148=ADVANCED_FACE('',(#1950,#1951),#69,.F.);
#2149=ADVANCED_FACE('',(#1952),#70,.F.);
#2150=ADVANCED_FACE('',(#1953),#2050,.T.);
#2151=ADVANCED_FACE('',(#1954),#2051,.F.);
#2152=ADVANCED_FACE('',(#1955),#71,.F.);
#2153=ADVANCED_FACE('',(#1956,#1957),#72,.F.);
#2154=ADVANCED_FACE('',(#1958,#1959),#73,.F.);
#2155=ADVANCED_FACE('',(#1960,#1961),#2052,.F.);
#2156=ADVANCED_FACE('',(#1962),#2053,.T.);
#2157=ADVANCED_FACE('',(#1963),#2054,.F.);
#2158=ADVANCED_FACE('',(#1964),#2055,.T.);
#2159=ADVANCED_FACE('',(#1965),#2056,.T.);
#2160=ADVANCED_FACE('',(#1966,#1967),#74,.F.);
#2161=ADVANCED_FACE('',(#1968,#1969),#75,.T.);
#2162=ADVANCED_FACE('',(#1970,#1971),#2057,.T.);
#2163=ADVANCED_FACE('',(#1972),#2058,.T.);
#2164=ADVANCED_FACE('',(#1973,#1974),#76,.F.);
#2165=ADVANCED_FACE('',(#1975),#77,.T.);
#2166=ADVANCED_FACE('',(#1976,#1977),#2059,.T.);
#2167=ADVANCED_FACE('',(#1978),#2060,.T.);
#2168=ADVANCED_FACE('',(#1979),#2061,.F.);
#2169=ADVANCED_FACE('',(#1980,#1981),#12,.T.);
#2170=ADVANCED_FACE('',(#1982),#13,.T.);
#2171=ADVANCED_FACE('',(#1983,#1984),#78,.T.);
#2172=ADVANCED_FACE('',(#1985,#1986),#2062,.T.);
#2173=ADVANCED_FACE('',(#1987,#1988),#79,.T.);
#2174=ADVANCED_FACE('',(#1989,#1990),#2063,.T.);
#2175=ADVANCED_FACE('',(#1991,#1992),#14,.F.);
#2176=ADVANCED_FACE('',(#1993,#1994),#15,.F.);
#2177=ADVANCED_FACE('',(#1995,#1996),#80,.F.);
#2178=ADVANCED_FACE('',(#1997,#1998),#81,.F.);
#2179=ADVANCED_FACE('',(#1999,#2000),#82,.F.);
#2180=ADVANCED_FACE('',(#2001,#2002),#83,.F.);
#2181=ADVANCED_FACE('',(#2003,#2004),#16,.F.);
#2182=ADVANCED_FACE('',(#2005,#2006),#17,.F.);
#2183=ADVANCED_FACE('',(#2007,#2008),#18,.F.);
#2184=ADVANCED_FACE('',(#2009,#2010),#19,.F.);
#2185=CLOSED_SHELL('',(#2064,#2065,#2066,#2067,#2068,#2069,#2070,#2071,
#2072,#2073,#2074,#2075,#2076,#2077,#2078,#2079,#2080,#2081,#2082,#2083,
#2084,#2085,#2086,#2087,#2088,#2089,#2090,#2091,#2092,#2093,#2094,#2095,
#2096,#2097,#2098,#2099,#2100,#2101,#2102,#2103,#2104,#2105,#2106,#2107,
#2108,#2109,#2110,#2111,#2112,#2113,#2114,#2115,#2116,#2117,#2118,#2119,
#2120,#2121,#2122,#2123,#2124,#2125,#2126,#2127,#2128,#2129,#2130,#2131,
#2132,#2133,#2134,#2135,#2136,#2137,#2138,#2139,#2140,#2141,#2142,#2143,
#2144,#2145,#2146,#2147,#2148,#2149,#2150,#2151,#2152,#2153,#2154,#2155,
#2156,#2157,#2158,#2159,#2160,#2161,#2162,#2163,#2164,#2165,#2166,#2167,
#2168,#2169,#2170,#2171,#2172,#2173,#2174,#2175,#2176,#2177,#2178,#2179,
#2180,#2181,#2182,#2183,#2184));
#2186=STYLED_ITEM('',(#2187),#2194);
#2187=PRESENTATION_STYLE_ASSIGNMENT((#2188));
#2188=SURFACE_STYLE_USAGE(.BOTH.,#2189);
#2189=SURFACE_SIDE_STYLE('',(#2190));
#2190=SURFACE_STYLE_FILL_AREA(#2191);
#2191=FILL_AREA_STYLE('',(#2192));
#2192=FILL_AREA_STYLE_COLOUR('',#2193);
#2193=COLOUR_RGB('',0.301960784313725,0.301960784313725,0.301960784313725);
#2194=MANIFOLD_SOLID_BREP('Car - Body',#2185);
#2195=SHAPE_DEFINITION_REPRESENTATION(#3754,#2196);
#2196=SHAPE_REPRESENTATION('Car - Body',(#2197),#3749);
#2197=AXIS2_PLACEMENT_3D('',#3081,#2435,#2436);
#2198=AXIS2_PLACEMENT_3D('',#3082,#2437,#2438);
#2199=AXIS2_PLACEMENT_3D('',#3083,#2439,#2440);
#2200=AXIS2_PLACEMENT_3D('',#3085,#2441,#2442);
#2201=AXIS2_PLACEMENT_3D('',#3105,#2449,#2450);
#2202=AXIS2_PLACEMENT_3D('',#3109,#2452,#2453);
#2203=AXIS2_PLACEMENT_3D('',#3113,#2455,#2456);
#2204=AXIS2_PLACEMENT_3D('',#3121,#2460,#2461);
#2205=AXIS2_PLACEMENT_3D('',#3125,#2463,#2464);
#2206=AXIS2_PLACEMENT_3D('',#3129,#2466,#2467);
#2207=AXIS2_PLACEMENT_3D('',#3141,#2471,#2472);
#2208=AXIS2_PLACEMENT_3D('',#3142,#2473,#2474);
#2209=AXIS2_PLACEMENT_3D('',#3144,#2475,#2476);
#2210=AXIS2_PLACEMENT_3D('',#3166,#2488,#2489);
#2211=AXIS2_PLACEMENT_3D('',#3167,#2490,#2491);
#2212=AXIS2_PLACEMENT_3D('',#3169,#2492,#2493);
#2213=AXIS2_PLACEMENT_3D('',#3171,#2494,#2495);
#2214=AXIS2_PLACEMENT_3D('',#3180,#2500,#2501);
#2215=AXIS2_PLACEMENT_3D('',#3189,#2506,#2507);
#2216=AXIS2_PLACEMENT_3D('',#3198,#2512,#2513);
#2217=AXIS2_PLACEMENT_3D('',#3207,#2518,#2519);
#2218=AXIS2_PLACEMENT_3D('',#3208,#2520,#2521);
#2219=AXIS2_PLACEMENT_3D('',#3210,#2522,#2523);
#2220=AXIS2_PLACEMENT_3D('',#3215,#2525,#2526);
#2221=AXIS2_PLACEMENT_3D('',#3218,#2528,#2529);
#2222=AXIS2_PLACEMENT_3D('',#3233,#2537,#2538);
#2223=AXIS2_PLACEMENT_3D('',#3234,#2539,#2540);
#2224=AXIS2_PLACEMENT_3D('',#3239,#2542,#2543);
#2225=AXIS2_PLACEMENT_3D('',#3240,#2544,#2545);
#2226=AXIS2_PLACEMENT_3D('',#3241,#2546,#2547);
#2227=AXIS2_PLACEMENT_3D('',#3245,#2549,#2550);
#2228=AXIS2_PLACEMENT_3D('',#3246,#2551,#2552);
#2229=AXIS2_PLACEMENT_3D('',#3249,#2555,#2556);
#2230=AXIS2_PLACEMENT_3D('',#3255,#2560,#2561);
#2231=AXIS2_PLACEMENT_3D('',#3256,#2562,#2563);
#2232=AXIS2_PLACEMENT_3D('',#3261,#2565,#2566);
#2233=AXIS2_PLACEMENT_3D('',#3265,#2568,#2569);
#2234=AXIS2_PLACEMENT_3D('',#3266,#2570,#2571);
#2235=AXIS2_PLACEMENT_3D('',#3267,#2572,#2573);
#2236=AXIS2_PLACEMENT_3D('',#3268,#2574,#2575);
#2237=AXIS2_PLACEMENT_3D('',#3269,#2576,#2577);
#2238=AXIS2_PLACEMENT_3D('',#3271,#2578,#2579);
#2239=AXIS2_PLACEMENT_3D('',#3283,#2586,#2587);
#2240=AXIS2_PLACEMENT_3D('',#3284,#2588,#2589);
#2241=AXIS2_PLACEMENT_3D('',#3289,#2591,#2592);
#2242=AXIS2_PLACEMENT_3D('',#3293,#2594,#2595);
#2243=AXIS2_PLACEMENT_3D('',#3294,#2596,#2597);
#2244=AXIS2_PLACEMENT_3D('',#3295,#2598,#2599);
#2245=AXIS2_PLACEMENT_3D('',#3296,#2600,#2601);
#2246=AXIS2_PLACEMENT_3D('',#3302,#2605,#2606);
#2247=AXIS2_PLACEMENT_3D('',#3311,#2611,#2612);
#2248=AXIS2_PLACEMENT_3D('',#3312,#2613,#2614);
#2249=AXIS2_PLACEMENT_3D('',#3317,#2616,#2617);
#2250=AXIS2_PLACEMENT_3D('',#3318,#2618,#2619);
#2251=AXIS2_PLACEMENT_3D('',#3319,#2620,#2621);
#2252=AXIS2_PLACEMENT_3D('',#3320,#2622,#2623);
#2253=AXIS2_PLACEMENT_3D('',#3321,#2624,#2625);
#2254=AXIS2_PLACEMENT_3D('',#3330,#2630,#2631);
#2255=AXIS2_PLACEMENT_3D('',#3331,#2632,#2633);
#2256=AXIS2_PLACEMENT_3D('',#3333,#2634,#2635);
#2257=AXIS2_PLACEMENT_3D('',#3343,#2640,#2641);
#2258=AXIS2_PLACEMENT_3D('',#3345,#2642,#2643);
#2259=AXIS2_PLACEMENT_3D('',#3354,#2648,#2649);
#2260=AXIS2_PLACEMENT_3D('',#3355,#2650,#2651);
#2261=AXIS2_PLACEMENT_3D('',#3357,#2652,#2653);
#2262=AXIS2_PLACEMENT_3D('',#3358,#2654,#2655);
#2263=AXIS2_PLACEMENT_3D('',#3362,#2657,#2658);
#2264=AXIS2_PLACEMENT_3D('',#3366,#2660,#2661);
#2265=AXIS2_PLACEMENT_3D('',#3367,#2662,#2663);
#2266=AXIS2_PLACEMENT_3D('',#3373,#2667,#2668);
#2267=AXIS2_PLACEMENT_3D('',#3382,#2673,#2674);
#2268=AXIS2_PLACEMENT_3D('',#3383,#2675,#2676);
#2269=AXIS2_PLACEMENT_3D('',#3385,#2677,#2678);
#2270=AXIS2_PLACEMENT_3D('',#3386,#2679,#2680);
#2271=AXIS2_PLACEMENT_3D('',#3390,#2682,#2683);
#2272=AXIS2_PLACEMENT_3D('',#3394,#2685,#2686);
#2273=AXIS2_PLACEMENT_3D('',#3395,#2687,#2688);
#2274=AXIS2_PLACEMENT_3D('',#3401,#2692,#2693);
#2275=AXIS2_PLACEMENT_3D('',#3402,#2694,#2695);
#2276=AXIS2_PLACEMENT_3D('',#3404,#2696,#2697);
#2277=AXIS2_PLACEMENT_3D('',#3408,#2699,#2700);
#2278=AXIS2_PLACEMENT_3D('',#3409,#2701,#2702);
#2279=AXIS2_PLACEMENT_3D('',#3410,#2703,#2704);
#2280=AXIS2_PLACEMENT_3D('',#3411,#2705,#2706);
#2281=AXIS2_PLACEMENT_3D('',#3415,#2708,#2709);
#2282=AXIS2_PLACEMENT_3D('',#3416,#2710,#2711);
#2283=AXIS2_PLACEMENT_3D('',#3417,#2712,#2713);
#2284=AXIS2_PLACEMENT_3D('',#3418,#2714,#2715);
#2285=AXIS2_PLACEMENT_3D('',#3425,#2719,#2720);
#2286=AXIS2_PLACEMENT_3D('',#3426,#2721,#2722);
#2287=AXIS2_PLACEMENT_3D('',#3428,#2723,#2724);
#2288=AXIS2_PLACEMENT_3D('',#3433,#2726,#2727);
#2289=AXIS2_PLACEMENT_3D('',#3436,#2729,#2730);
#2290=AXIS2_PLACEMENT_3D('',#3443,#2734,#2735);
#2291=AXIS2_PLACEMENT_3D('',#3444,#2736,#2737);
#2292=AXIS2_PLACEMENT_3D('',#3446,#2738,#2739);
#2293=AXIS2_PLACEMENT_3D('',#3450,#2741,#2742);
#2294=AXIS2_PLACEMENT_3D('',#3454,#2744,#2745);
#2295=AXIS2_PLACEMENT_3D('',#3455,#2746,#2747);
#2296=AXIS2_PLACEMENT_3D('',#3459,#2749,#2750);
#2297=AXIS2_PLACEMENT_3D('',#3463,#2752,#2753);
#2298=AXIS2_PLACEMENT_3D('',#3467,#2755,#2756);
#2299=AXIS2_PLACEMENT_3D('',#3468,#2757,#2758);
#2300=AXIS2_PLACEMENT_3D('',#3469,#2759,#2760);
#2301=AXIS2_PLACEMENT_3D('',#3473,#2763,#2764);
#2302=AXIS2_PLACEMENT_3D('',#3479,#2768,#2769);
#2303=AXIS2_PLACEMENT_3D('',#3480,#2770,#2771);
#2304=AXIS2_PLACEMENT_3D('',#3485,#2773,#2774);
#2305=AXIS2_PLACEMENT_3D('',#3486,#2775,#2776);
#2306=AXIS2_PLACEMENT_3D('',#3487,#2777,#2778);
#2307=AXIS2_PLACEMENT_3D('',#3491,#2780,#2781);
#2308=AXIS2_PLACEMENT_3D('',#3492,#2782,#2783);
#2309=AXIS2_PLACEMENT_3D('',#3495,#2786,#2787);
#2310=AXIS2_PLACEMENT_3D('',#3501,#2791,#2792);
#2311=AXIS2_PLACEMENT_3D('',#3502,#2793,#2794);
#2312=AXIS2_PLACEMENT_3D('',#3504,#2795,#2796);
#2313=AXIS2_PLACEMENT_3D('',#3505,#2797,#2798);
#2314=AXIS2_PLACEMENT_3D('',#3509,#2800,#2801);
#2315=AXIS2_PLACEMENT_3D('',#3510,#2802,#2803);
#2316=AXIS2_PLACEMENT_3D('',#3511,#2804,#2805);
#2317=AXIS2_PLACEMENT_3D('',#3540,#2822,#2823);
#2318=AXIS2_PLACEMENT_3D('',#3541,#2824,#2825);
#2319=AXIS2_PLACEMENT_3D('',#3543,#2826,#2827);
#2320=AXIS2_PLACEMENT_3D('',#3545,#2828,#2829);
#2321=AXIS2_PLACEMENT_3D('',#3546,#2830,#2831);
#2322=AXIS2_PLACEMENT_3D('',#3550,#2833,#2834);
#2323=AXIS2_PLACEMENT_3D('',#3552,#2836,#2837);
#2324=AXIS2_PLACEMENT_3D('',#3556,#2839,#2840);
#2325=AXIS2_PLACEMENT_3D('',#3557,#2841,#2842);
#2326=AXIS2_PLACEMENT_3D('',#3558,#2843,#2844);
#2327=AXIS2_PLACEMENT_3D('',#3564,#2845,#2846);
#2328=AXIS2_PLACEMENT_3D('',#3570,#2847,#2848);
#2329=AXIS2_PLACEMENT_3D('',#3576,#2849,#2850);
#2330=AXIS2_PLACEMENT_3D('',#3582,#2851,#2852);
#2331=AXIS2_PLACEMENT_3D('',#3588,#2853,#2854);
#2332=AXIS2_PLACEMENT_3D('',#3594,#2855,#2856);
#2333=AXIS2_PLACEMENT_3D('',#3600,#2857,#2858);
#2334=AXIS2_PLACEMENT_3D('',#3606,#2859,#2860);
#2335=AXIS2_PLACEMENT_3D('',#3607,#2861,#2862);
#2336=AXIS2_PLACEMENT_3D('',#3608,#2863,#2864);
#2337=AXIS2_PLACEMENT_3D('',#3609,#2865,#2866);
#2338=AXIS2_PLACEMENT_3D('',#3610,#2867,#2868);
#2339=AXIS2_PLACEMENT_3D('',#3613,#2871,#2872);
#2340=AXIS2_PLACEMENT_3D('',#3616,#2875,#2876);
#2341=AXIS2_PLACEMENT_3D('',#3619,#2879,#2880);
#2342=AXIS2_PLACEMENT_3D('',#3622,#2883,#2884);
#2343=AXIS2_PLACEMENT_3D('',#3623,#2885,#2886);
#2344=AXIS2_PLACEMENT_3D('',#3624,#2887,#2888);
#2345=AXIS2_PLACEMENT_3D('',#3625,#2889,#2890);
#2346=AXIS2_PLACEMENT_3D('',#3626,#2891,#2892);
#2347=AXIS2_PLACEMENT_3D('',#3627,#2893,#2894);
#2348=AXIS2_PLACEMENT_3D('',#3628,#2895,#2896);
#2349=AXIS2_PLACEMENT_3D('',#3629,#2897,#2898);
#2350=AXIS2_PLACEMENT_3D('',#3630,#2899,#2900);
#2351=AXIS2_PLACEMENT_3D('',#3631,#2901,#2902);
#2352=AXIS2_PLACEMENT_3D('',#3632,#2903,#2904);
#2353=AXIS2_PLACEMENT_3D('',#3634,#2905,#2906);
#2354=AXIS2_PLACEMENT_3D('',#3636,#2907,#2908);
#2355=AXIS2_PLACEMENT_3D('',#3637,#2909,#2910);
#2356=AXIS2_PLACEMENT_3D('',#3639,#2911,#2912);
#2357=AXIS2_PLACEMENT_3D('',#3641,#2913,#2914);
#2358=AXIS2_PLACEMENT_3D('',#3642,#2915,#2916);
#2359=AXIS2_PLACEMENT_3D('',#3643,#2917,#2918);
#2360=AXIS2_PLACEMENT_3D('',#3644,#2919,#2920);
#2361=AXIS2_PLACEMENT_3D('',#3645,#2921,#2922);
#2362=AXIS2_PLACEMENT_3D('',#3646,#2923,#2924);
#2363=AXIS2_PLACEMENT_3D('',#3647,#2925,#2926);
#2364=AXIS2_PLACEMENT_3D('',#3648,#2927,#2928);
#2365=AXIS2_PLACEMENT_3D('',#3649,#2929,#2930);
#2366=AXIS2_PLACEMENT_3D('',#3650,#2931,#2932);
#2367=AXIS2_PLACEMENT_3D('',#3651,#2933,#2934);
#2368=AXIS2_PLACEMENT_3D('',#3652,#2935,#2936);
#2369=AXIS2_PLACEMENT_3D('',#3653,#2937,#2938);
#2370=AXIS2_PLACEMENT_3D('',#3654,#2939,#2940);
#2371=AXIS2_PLACEMENT_3D('',#3655,#2941,#2942);
#2372=AXIS2_PLACEMENT_3D('',#3656,#2943,#2944);
#2373=AXIS2_PLACEMENT_3D('',#3657,#2945,#2946);
#2374=AXIS2_PLACEMENT_3D('',#3658,#2947,#2948);
#2375=AXIS2_PLACEMENT_3D('',#3659,#2949,#2950);
#2376=AXIS2_PLACEMENT_3D('',#3660,#2951,#2952);
#2377=AXIS2_PLACEMENT_3D('',#3661,#2953,#2954);
#2378=AXIS2_PLACEMENT_3D('',#3662,#2955,#2956);
#2379=AXIS2_PLACEMENT_3D('',#3663,#2957,#2958);
#2380=AXIS2_PLACEMENT_3D('',#3664,#2959,#2960);
#2381=AXIS2_PLACEMENT_3D('',#3665,#2961,#2962);
#2382=AXIS2_PLACEMENT_3D('',#3666,#2963,#2964);
#2383=AXIS2_PLACEMENT_3D('',#3667,#2965,#2966);
#2384=AXIS2_PLACEMENT_3D('',#3668,#2967,#2968);
#2385=AXIS2_PLACEMENT_3D('',#3671,#2971,#2972);
#2386=AXIS2_PLACEMENT_3D('',#3673,#2974,#2975);
#2387=AXIS2_PLACEMENT_3D('',#3675,#2977,#2978);
#2388=AXIS2_PLACEMENT_3D('',#3676,#2979,#2980);
#2389=AXIS2_PLACEMENT_3D('',#3677,#2981,#2982);
#2390=AXIS2_PLACEMENT_3D('',#3678,#2983,#2984);
#2391=AXIS2_PLACEMENT_3D('',#3680,#2985,#2986);
#2392=AXIS2_PLACEMENT_3D('',#3681,#2987,#2988);
#2393=AXIS2_PLACEMENT_3D('',#3687,#2992,#2993);
#2394=AXIS2_PLACEMENT_3D('',#3691,#2996,#2997);
#2395=AXIS2_PLACEMENT_3D('',#3695,#3000,#3001);
#2396=AXIS2_PLACEMENT_3D('',#3697,#3003,#3004);
#2397=AXIS2_PLACEMENT_3D('',#3698,#3005,#3006);
#2398=AXIS2_PLACEMENT_3D('',#3700,#3007,#3008);
#2399=AXIS2_PLACEMENT_3D('',#3702,#3009,#3010);
#2400=AXIS2_PLACEMENT_3D('',#3703,#3011,#3012);
#2401=AXIS2_PLACEMENT_3D('',#3705,#3013,#3014);
#2402=AXIS2_PLACEMENT_3D('',#3707,#3015,#3016);
#2403=AXIS2_PLACEMENT_3D('',#3708,#3017,#3018);
#2404=AXIS2_PLACEMENT_3D('',#3709,#3019,#3020);
#2405=AXIS2_PLACEMENT_3D('',#3710,#3021,#3022);
#2406=AXIS2_PLACEMENT_3D('',#3712,#3023,#3024);
#2407=AXIS2_PLACEMENT_3D('',#3714,#3025,#3026);
#2408=AXIS2_PLACEMENT_3D('',#3715,#3027,#3028);
#2409=AXIS2_PLACEMENT_3D('',#3716,#3029,#3030);
#2410=AXIS2_PLACEMENT_3D('',#3717,#3031,#3032);
#2411=AXIS2_PLACEMENT_3D('',#3718,#3033,#3034);
#2412=AXIS2_PLACEMENT_3D('',#3719,#3035,#3036);
#2413=AXIS2_PLACEMENT_3D('',#3720,#3037,#3038);
#2414=AXIS2_PLACEMENT_3D('',#3721,#3039,#3040);
#2415=AXIS2_PLACEMENT_3D('',#3722,#3041,#3042);
#2416=AXIS2_PLACEMENT_3D('',#3723,#3043,#3044);
#2417=AXIS2_PLACEMENT_3D('',#3725,#3045,#3046);
#2418=AXIS2_PLACEMENT_3D('',#3726,#3047,#3048);
#2419=AXIS2_PLACEMENT_3D('',#3727,#3049,#3050);
#2420=AXIS2_PLACEMENT_3D('',#3729,#3051,#3052);
#2421=AXIS2_PLACEMENT_3D('',#3730,#3053,#3054);
#2422=AXIS2_PLACEMENT_3D('',#3731,#3055,#3056);
#2423=AXIS2_PLACEMENT_3D('',#3732,#3057,#3058);
#2424=AXIS2_PLACEMENT_3D('',#3733,#3059,#3060);
#2425=AXIS2_PLACEMENT_3D('',#3735,#3061,#3062);
#2426=AXIS2_PLACEMENT_3D('',#3736,#3063,#3064);
#2427=AXIS2_PLACEMENT_3D('',#3738,#3065,#3066);
#2428=AXIS2_PLACEMENT_3D('',#3739,#3067,#3068);
#2429=AXIS2_PLACEMENT_3D('',#3741,#3069,#3070);
#2430=AXIS2_PLACEMENT_3D('',#3742,#3071,#3072);
#2431=AXIS2_PLACEMENT_3D('',#3744,#3073,#3074);
#2432=AXIS2_PLACEMENT_3D('',#3745,#3075,#3076);
#2433=AXIS2_PLACEMENT_3D('',#3746,#3077,#3078);
#2434=AXIS2_PLACEMENT_3D('',#3747,#3079,#3080);
#2435=DIRECTION('',(0.,0.,1.));
#2436=DIRECTION('',(1.,0.,0.));
#2437=DIRECTION('',(1.9939350298584E-16,0.,1.));
#2438=DIRECTION('',(1.,0.,-1.9939350298584E-16));
#2439=DIRECTION('',(1.9939350298584E-16,0.,1.));
#2440=DIRECTION('',(1.,0.,-1.9939350298584E-16));
#2441=DIRECTION('',(1.9939350298584E-16,0.,1.));
#2442=DIRECTION('',(1.,0.,-1.9939350298584E-16));
#2443=DIRECTION('',(0.,-1.,0.));
#2444=DIRECTION('',(-1.,0.,1.9939350298584E-16));
#2445=DIRECTION('',(0.,-1.,0.));
#2446=DIRECTION('',(1.,0.,-1.9939350298584E-16));
#2447=DIRECTION('',(0.,-1.,0.));
#2448=DIRECTION('',(-1.,0.,1.9939350298584E-16));
#2449=DIRECTION('',(1.9939350298584E-16,0.,1.));
#2450=DIRECTION('',(1.,0.,-1.9939350298584E-16));
#2451=DIRECTION('',(0.,-1.,0.));
#2452=DIRECTION('',(1.9939350298584E-16,0.,1.));
#2453=DIRECTION('',(1.,0.,-1.9939350298584E-16));
#2454=DIRECTION('',(1.,0.,0.));
#2455=DIRECTION('',(1.9939350298584E-16,0.,1.));
#2456=DIRECTION('',(1.,0.,-1.9939350298584E-16));
#2457=DIRECTION('',(0.,1.,0.));
#2458=DIRECTION('',(-1.,0.,1.9939350298584E-16));
#2459=DIRECTION('',(0.,1.,0.));
#2460=DIRECTION('',(1.9939350298584E-16,0.,1.));
#2461=DIRECTION('',(1.,0.,-1.9939350298584E-16));
#2462=DIRECTION('',(1.,0.,0.));
#2463=DIRECTION('',(1.9939350298584E-16,0.,1.));
#2464=DIRECTION('',(1.,0.,-1.9939350298584E-16));
#2465=DIRECTION('',(0.,-1.,0.));
#2466=DIRECTION('',(1.9939350298584E-16,0.,1.));
#2467=DIRECTION('',(1.,0.,-1.9939350298584E-16));
#2468=DIRECTION('',(-1.,0.,1.9939350298584E-16));
#2469=DIRECTION('',(0.,-1.,0.));
#2470=DIRECTION('',(-1.,0.,1.9939350298584E-16));
#2471=DIRECTION('',(0.,1.,0.));
#2472=DIRECTION('',(1.,0.,0.));
#2473=DIRECTION('',(0.,1.,0.));
#2474=DIRECTION('',(1.,0.,0.));
#2475=DIRECTION('',(0.,1.,0.));
#2476=DIRECTION('',(1.,0.,0.));
#2477=DIRECTION('',(0.,0.,-1.));
#2478=DIRECTION('',(-1.,0.,0.));
#2479=DIRECTION('',(1.57702134179709E-16,0.,1.));
#2480=DIRECTION('',(1.,0.,0.));
#2481=DIRECTION('',(0.,0.,-1.));
#2482=DIRECTION('',(1.,0.,-1.9939350298584E-16));
#2483=DIRECTION('',(0.,0.,1.));
#2484=DIRECTION('',(1.,0.,0.));
#2485=DIRECTION('',(-1.57702134179709E-16,0.,-1.));
#2486=DIRECTION('',(-1.,0.,0.));
#2487=DIRECTION('',(0.,0.,1.));
#2488=DIRECTION('',(1.,0.,-1.82602471155453E-16));
#2489=DIRECTION('',(-1.82602471155453E-16,0.,-1.));
#2490=DIRECTION('',(-1.,0.,1.57702134179709E-16));
#2491=DIRECTION('',(1.57702134179709E-16,0.,1.));
#2492=DIRECTION('',(1.,0.,-1.82602471155453E-16));
#2493=DIRECTION('',(-1.82602471155453E-16,0.,-1.));
#2494=DIRECTION('',(0.,1.,0.));
#2495=DIRECTION('',(1.,0.,0.));
#2496=DIRECTION('',(0.,0.,-1.));
#2497=DIRECTION('',(1.,0.,0.));
#2498=DIRECTION('',(0.,0.,-1.));
#2499=DIRECTION('',(1.,0.,0.));
#2500=DIRECTION('',(0.,1.,0.));
#2501=DIRECTION('',(1.,0.,0.));
#2502=DIRECTION('',(0.,0.,-1.));
#2503=DIRECTION('',(1.,0.,0.));
#2504=DIRECTION('',(0.,0.,-1.));
#2505=DIRECTION('',(1.,0.,0.));
#2506=DIRECTION('',(0.,1.,0.));
#2507=DIRECTION('',(1.,0.,0.));
#2508=DIRECTION('',(0.,0.,1.));
#2509=DIRECTION('',(-1.,0.,0.));
#2510=DIRECTION('',(0.,0.,1.));
#2511=DIRECTION('',(1.,0.,0.));
#2512=DIRECTION('',(0.,1.,0.));
#2513=DIRECTION('',(1.,0.,0.));
#2514=DIRECTION('',(0.,0.,1.));
#2515=DIRECTION('',(-1.,0.,0.));
#2516=DIRECTION('',(0.,0.,1.));
#2517=DIRECTION('',(1.,0.,0.));
#2518=DIRECTION('',(1.,0.,-1.57702134179709E-16));
#2519=DIRECTION('',(-1.57702134179709E-16,0.,-1.));
#2520=DIRECTION('',(1.,0.,-1.57702134179709E-16));
#2521=DIRECTION('',(-1.57702134179709E-16,0.,-1.));
#2522=DIRECTION('',(1.,0.,-1.57702134179709E-16));
#2523=DIRECTION('',(-1.57702134179709E-16,0.,-1.));
#2524=DIRECTION('',(2.53305179975173E-32,-1.,1.60622544071926E-16));
#2525=DIRECTION('',(1.,0.,-1.57702134179709E-16));
#2526=DIRECTION('',(-1.57702134179709E-16,0.,-1.));
#2527=DIRECTION('',(2.53305179975173E-32,-1.,1.60622544071926E-16));
#2528=DIRECTION('',(1.,0.,-1.57702134179709E-16));
#2529=DIRECTION('',(-1.57702134179709E-16,0.,-1.));
#2530=DIRECTION('',(0.,-1.,0.));
#2531=DIRECTION('',(1.57702134179709E-16,0.,1.));
#2532=DIRECTION('',(1.57702134179709E-16,0.,1.));
#2533=DIRECTION('',(0.,1.,0.));
#2534=DIRECTION('',(1.57702134179709E-16,0.,1.));
#2535=DIRECTION('',(0.,-1.,0.));
#2536=DIRECTION('',(1.57702134179709E-16,0.,1.));
#2537=DIRECTION('',(0.,0.,1.));
#2538=DIRECTION('',(0.,-1.,0.));
#2539=DIRECTION('',(0.,0.,1.));
#2540=DIRECTION('',(0.,-1.,0.));
#2541=DIRECTION('',(-1.,0.,0.));
#2542=DIRECTION('',(0.,0.,1.));
#2543=DIRECTION('',(0.,-1.,0.));
#2544=DIRECTION('',(0.,0.,1.));
#2545=DIRECTION('',(0.,-1.,0.));
#2546=DIRECTION('',(0.,0.,1.));
#2547=DIRECTION('',(0.,-1.,0.));
#2548=DIRECTION('',(0.,-1.,0.));
#2549=DIRECTION('',(0.,0.,1.));
#2550=DIRECTION('',(0.,-1.,0.));
#2551=DIRECTION('',(-1.,0.,0.));
#2552=DIRECTION('',(0.,1.,0.));
#2553=DIRECTION('',(0.,0.,-1.));
#2554=DIRECTION('',(0.,0.,-1.));
#2555=DIRECTION('',(1.,0.,0.));
#2556=DIRECTION('',(0.,-1.,0.));
#2557=DIRECTION('',(0.,-1.,0.));
#2558=DIRECTION('',(0.,0.,1.));
#2559=DIRECTION('',(0.,0.,1.));
#2560=DIRECTION('',(0.,0.,1.));
#2561=DIRECTION('',(0.,-1.,0.));
#2562=DIRECTION('',(0.,0.,1.));
#2563=DIRECTION('',(0.,-1.,0.));
#2564=DIRECTION('',(0.,-1.,0.));
#2565=DIRECTION('',(0.,0.,1.));
#2566=DIRECTION('',(0.,-1.,0.));
#2567=DIRECTION('',(-1.,0.,0.));
#2568=DIRECTION('',(0.,0.,1.));
#2569=DIRECTION('',(0.,-1.,0.));
#2570=DIRECTION('',(0.,0.,1.));
#2571=DIRECTION('',(0.,-1.,0.));
#2572=DIRECTION('',(0.,0.,1.));
#2573=DIRECTION('',(0.,-1.,0.));
#2574=DIRECTION('',(-1.,0.,1.57702134179709E-16));
#2575=DIRECTION('',(1.57702134179709E-16,0.,1.));
#2576=DIRECTION('',(-1.,0.,1.57702134179709E-16));
#2577=DIRECTION('',(1.57702134179709E-16,0.,1.));
#2578=DIRECTION('',(-1.,0.,1.57702134179709E-16));
#2579=DIRECTION('',(1.57702134179709E-16,0.,1.));
#2580=DIRECTION('',(0.,-1.,0.));
#2581=DIRECTION('',(-1.57702134179709E-16,0.,-1.));
#2582=DIRECTION('',(0.,1.,0.));
#2583=DIRECTION('',(-1.57702134179709E-16,0.,-1.));
#2584=DIRECTION('',(-1.57702134179709E-16,0.,-1.));
#2585=DIRECTION('',(-1.57702134179709E-16,0.,-1.));
#2586=DIRECTION('',(0.,0.,-1.));
#2587=DIRECTION('',(0.,1.,0.));
#2588=DIRECTION('',(0.,0.,-1.));
#2589=DIRECTION('',(0.,1.,0.));
#2590=DIRECTION('',(0.,-1.,0.));
#2591=DIRECTION('',(0.,0.,-1.));
#2592=DIRECTION('',(0.,1.,0.));
#2593=DIRECTION('',(1.,0.,0.));
#2594=DIRECTION('',(0.,0.,-1.));
#2595=DIRECTION('',(0.,1.,0.));
#2596=DIRECTION('',(0.,0.,-1.));
#2597=DIRECTION('',(0.,1.,0.));
#2598=DIRECTION('',(0.,0.,-1.));
#2599=DIRECTION('',(0.,1.,0.));
#2600=DIRECTION('',(1.,0.,0.));
#2601=DIRECTION('',(0.,-1.,0.));
#2602=DIRECTION('',(0.,-1.,0.));
#2603=DIRECTION('',(0.,0.,1.));
#2604=DIRECTION('',(0.,0.,1.));
#2605=DIRECTION('',(-1.,0.,0.));
#2606=DIRECTION('',(0.,1.,0.));
#2607=DIRECTION('',(0.,-1.,0.));
#2608=DIRECTION('',(0.,0.,-1.));
#2609=DIRECTION('',(0.,-1.,0.));
#2610=DIRECTION('',(0.,0.,-1.));
#2611=DIRECTION('',(0.,0.,-1.));
#2612=DIRECTION('',(0.,1.,0.));
#2613=DIRECTION('',(0.,0.,-1.));
#2614=DIRECTION('',(0.,1.,0.));
#2615=DIRECTION('',(1.,0.,0.));
#2616=DIRECTION('',(0.,0.,-1.));
#2617=DIRECTION('',(0.,1.,0.));
#2618=DIRECTION('',(0.,0.,-1.));
#2619=DIRECTION('',(0.,1.,0.));
#2620=DIRECTION('',(0.,0.,-1.));
#2621=DIRECTION('',(0.,1.,0.));
#2622=DIRECTION('',(0.,0.,-1.));
#2623=DIRECTION('',(0.,1.,0.));
#2624=DIRECTION('',(1.,0.,0.));
#2625=DIRECTION('',(0.,-1.,0.));
#2626=DIRECTION('',(0.,-1.,0.));
#2627=DIRECTION('',(0.,0.,1.));
#2628=DIRECTION('',(0.,-1.,0.));
#2629=DIRECTION('',(0.,0.,1.));
#2630=DIRECTION('',(-1.,0.,1.82602471155453E-16));
#2631=DIRECTION('',(1.82602471155453E-16,0.,1.));
#2632=DIRECTION('',(-1.,0.,1.82602471155453E-16));
#2633=DIRECTION('',(1.82602471155453E-16,0.,1.));
#2634=DIRECTION('',(-1.,0.,1.82602471155453E-16));
#2635=DIRECTION('',(1.82602471155453E-16,0.,1.));
#2636=DIRECTION('',(0.,-1.,0.));
#2637=DIRECTION('',(-1.82602471155453E-16,0.,-1.));
#2638=DIRECTION('',(0.,-1.,0.));
#2639=DIRECTION('',(-1.82602471155453E-16,0.,-1.));
#2640=DIRECTION('',(1.,0.,-1.82602471155453E-16));
#2641=DIRECTION('',(-1.82602471155453E-16,0.,-1.));
#2642=DIRECTION('',(-1.,0.,0.));
#2643=DIRECTION('',(0.,1.,0.));
#2644=DIRECTION('',(0.,-1.,0.));
#2645=DIRECTION('',(0.,0.,-1.));
#2646=DIRECTION('',(0.,-1.,0.));
#2647=DIRECTION('',(0.,0.,-1.));
#2648=DIRECTION('',(0.,0.,-1.));
#2649=DIRECTION('',(0.,1.,0.));
#2650=DIRECTION('',(0.,0.,-1.));
#2651=DIRECTION('',(0.,1.,0.));
#2652=DIRECTION('',(0.,0.,-1.));
#2653=DIRECTION('',(0.,1.,0.));
#2654=DIRECTION('',(0.,0.,-1.));
#2655=DIRECTION('',(0.,1.,0.));
#2656=DIRECTION('',(1.,0.,0.));
#2657=DIRECTION('',(0.,0.,-1.));
#2658=DIRECTION('',(0.,1.,0.));
#2659=DIRECTION('',(0.,-1.,0.));
#2660=DIRECTION('',(0.,0.,-1.));
#2661=DIRECTION('',(0.,1.,0.));
#2662=DIRECTION('',(-1.,0.,0.));
#2663=DIRECTION('',(0.,1.,0.));
#2664=DIRECTION('',(0.,-1.,0.));
#2665=DIRECTION('',(0.,0.,-1.));
#2666=DIRECTION('',(0.,0.,-1.));
#2667=DIRECTION('',(-1.,0.,0.));
#2668=DIRECTION('',(0.,1.,0.));
#2669=DIRECTION('',(0.,-1.,0.));
#2670=DIRECTION('',(0.,0.,-1.));
#2671=DIRECTION('',(0.,-1.,0.));
#2672=DIRECTION('',(0.,0.,-1.));
#2673=DIRECTION('',(0.,0.,-1.));
#2674=DIRECTION('',(0.,1.,0.));
#2675=DIRECTION('',(0.,0.,-1.));
#2676=DIRECTION('',(0.,1.,0.));
#2677=DIRECTION('',(0.,0.,-1.));
#2678=DIRECTION('',(0.,1.,0.));
#2679=DIRECTION('',(0.,0.,-1.));
#2680=DIRECTION('',(0.,1.,0.));
#2681=DIRECTION('',(1.,0.,0.));
#2682=DIRECTION('',(0.,0.,-1.));
#2683=DIRECTION('',(0.,1.,0.));
#2684=DIRECTION('',(0.,-1.,0.));
#2685=DIRECTION('',(0.,0.,-1.));
#2686=DIRECTION('',(0.,1.,0.));
#2687=DIRECTION('',(-1.,0.,0.));
#2688=DIRECTION('',(0.,1.,0.));
#2689=DIRECTION('',(0.,-1.,0.));
#2690=DIRECTION('',(0.,0.,-1.));
#2691=DIRECTION('',(0.,0.,-1.));
#2692=DIRECTION('',(0.,0.,1.));
#2693=DIRECTION('',(0.,-1.,0.));
#2694=DIRECTION('',(0.,0.,1.));
#2695=DIRECTION('',(0.,-1.,0.));
#2696=DIRECTION('',(0.,0.,1.));
#2697=DIRECTION('',(0.,-1.,0.));
#2698=DIRECTION('',(-1.,0.,0.));
#2699=DIRECTION('',(0.,0.,1.));
#2700=DIRECTION('',(0.,-1.,0.));
#2701=DIRECTION('',(0.,0.,1.));
#2702=DIRECTION('',(0.,-1.,0.));
#2703=DIRECTION('',(2.06514699521048E-16,0.,1.));
#2704=DIRECTION('',(1.,0.,-2.06514699521048E-16));
#2705=DIRECTION('',(2.06514699521048E-16,0.,1.));
#2706=DIRECTION('',(1.,0.,-2.06514699521048E-16));
#2707=DIRECTION('',(-1.,0.,0.));
#2708=DIRECTION('',(2.06514699521048E-16,0.,1.));
#2709=DIRECTION('',(1.,0.,-2.06514699521048E-16));
#2710=DIRECTION('',(2.06514699521048E-16,0.,1.));
#2711=DIRECTION('',(1.,0.,-2.06514699521048E-16));
#2712=DIRECTION('',(0.,0.,1.));
#2713=DIRECTION('',(0.,-1.,0.));
#2714=DIRECTION('',(0.,0.,1.));
#2715=DIRECTION('',(0.,-1.,0.));
#2716=DIRECTION('',(-1.,0.,0.));
#2717=DIRECTION('',(0.,-1.,0.));
#2718=DIRECTION('',(1.,0.,0.));
#2719=DIRECTION('',(-1.,0.,1.82602471155453E-16));
#2720=DIRECTION('',(1.82602471155453E-16,0.,1.));
#2721=DIRECTION('',(-1.,0.,1.82602471155453E-16));
#2722=DIRECTION('',(1.82602471155453E-16,0.,1.));
#2723=DIRECTION('',(-1.,0.,1.82602471155453E-16));
#2724=DIRECTION('',(1.82602471155453E-16,0.,1.));
#2725=DIRECTION('',(2.93300734708095E-32,-1.,1.60622544071926E-16));
#2726=DIRECTION('',(-1.,0.,1.82602471155453E-16));
#2727=DIRECTION('',(1.82602471155453E-16,0.,1.));
#2728=DIRECTION('',(2.93300734708095E-32,-1.,1.60622544071926E-16));
#2729=DIRECTION('',(-1.,0.,1.82602471155453E-16));
#2730=DIRECTION('',(1.82602471155453E-16,0.,1.));
#2731=DIRECTION('',(-1.82602471155453E-16,0.,-1.));
#2732=DIRECTION('',(0.,-1.,0.));
#2733=DIRECTION('',(-1.82602471155453E-16,0.,-1.));
#2734=DIRECTION('',(0.,0.,1.));
#2735=DIRECTION('',(0.,-1.,0.));
#2736=DIRECTION('',(0.,0.,1.));
#2737=DIRECTION('',(0.,-1.,0.));
#2738=DIRECTION('',(0.,0.,1.));
#2739=DIRECTION('',(0.,-1.,0.));
#2740=DIRECTION('',(-1.,0.,0.));
#2741=DIRECTION('',(0.,0.,1.));
#2742=DIRECTION('',(0.,-1.,0.));
#2743=DIRECTION('',(0.,-1.,0.));
#2744=DIRECTION('',(0.,0.,1.));
#2745=DIRECTION('',(0.,-1.,0.));
#2746=DIRECTION('',(2.06514699521048E-16,0.,1.));
#2747=DIRECTION('',(1.,0.,-2.06514699521048E-16));
#2748=DIRECTION('',(0.,-1.,0.));
#2749=DIRECTION('',(2.06514699521048E-16,0.,1.));
#2750=DIRECTION('',(1.,0.,-2.06514699521048E-16));
#2751=DIRECTION('',(-1.,0.,0.));
#2752=DIRECTION('',(2.06514699521048E-16,0.,1.));
#2753=DIRECTION('',(1.,0.,-2.06514699521048E-16));
#2754=DIRECTION('',(0.,-1.,0.));
#2755=DIRECTION('',(2.06514699521048E-16,0.,1.));
#2756=DIRECTION('',(1.,0.,-2.06514699521048E-16));
#2757=DIRECTION('',(0.,0.,1.));
#2758=DIRECTION('',(0.,-1.,0.));
#2759=DIRECTION('',(0.,0.,1.));
#2760=DIRECTION('',(0.,-1.,0.));
#2761=DIRECTION('',(-1.,0.,0.));
#2762=DIRECTION('',(-1.,0.,0.));
#2763=DIRECTION('',(1.,0.,0.));
#2764=DIRECTION('',(0.,-1.,0.));
#2765=DIRECTION('',(0.,-1.,0.));
#2766=DIRECTION('',(0.,0.,1.));
#2767=DIRECTION('',(0.,0.,1.));
#2768=DIRECTION('',(0.,0.,-1.));
#2769=DIRECTION('',(0.,1.,0.));
#2770=DIRECTION('',(0.,0.,1.));
#2771=DIRECTION('',(0.,-1.,0.));
#2772=DIRECTION('',(0.,-1.,0.));
#2773=DIRECTION('',(0.,0.,-1.));
#2774=DIRECTION('',(0.,1.,0.));
#2775=DIRECTION('',(0.,0.,-1.));
#2776=DIRECTION('',(0.,1.,0.));
#2777=DIRECTION('',(0.,0.,-1.));
#2778=DIRECTION('',(0.,1.,0.));
#2779=DIRECTION('',(1.,0.,0.));
#2780=DIRECTION('',(0.,0.,-1.));
#2781=DIRECTION('',(0.,1.,0.));
#2782=DIRECTION('',(1.,0.,0.));
#2783=DIRECTION('',(0.,-1.,0.));
#2784=DIRECTION('',(0.,0.,1.));
#2785=DIRECTION('',(0.,0.,1.));
#2786=DIRECTION('',(1.,0.,0.));
#2787=DIRECTION('',(0.,-1.,0.));
#2788=DIRECTION('',(0.,-1.,0.));
#2789=DIRECTION('',(0.,0.,1.));
#2790=DIRECTION('',(0.,0.,1.));
#2791=DIRECTION('',(0.,0.,-1.));
#2792=DIRECTION('',(0.,1.,0.));
#2793=DIRECTION('',(0.,0.,1.));
#2794=DIRECTION('',(0.,-1.,0.));
#2795=DIRECTION('',(0.,0.,-1.));
#2796=DIRECTION('',(0.,1.,0.));
#2797=DIRECTION('',(0.,0.,-1.));
#2798=DIRECTION('',(0.,1.,0.));
#2799=DIRECTION('',(1.,0.,0.));
#2800=DIRECTION('',(0.,0.,-1.));
#2801=DIRECTION('',(0.,1.,0.));
#2802=DIRECTION('',(0.,0.,-1.));
#2803=DIRECTION('',(0.,1.,0.));
#2804=DIRECTION('',(0.,1.,0.));
#2805=DIRECTION('',(1.,0.,0.));
#2806=DIRECTION('',(0.,0.,1.));
#2807=DIRECTION('',(-1.,0.,0.));
#2808=DIRECTION('',(-1.82602471155453E-16,0.,-1.));
#2809=DIRECTION('',(-1.,0.,0.));
#2810=DIRECTION('',(0.,0.,-1.));
#2811=DIRECTION('',(0.,0.,-1.));
#2812=DIRECTION('',(-1.,0.,0.));
#2813=DIRECTION('',(0.,0.,-1.));
#2814=DIRECTION('',(0.,0.,-1.));
#2815=DIRECTION('',(-1.,0.,0.));
#2816=DIRECTION('',(-1.82602471155453E-16,0.,-1.));
#2817=DIRECTION('',(-1.,0.,0.));
#2818=DIRECTION('',(0.,0.,1.));
#2819=DIRECTION('',(0.,0.,1.));
#2820=DIRECTION('',(-1.,0.,0.));
#2821=DIRECTION('',(0.,0.,1.));
#2822=DIRECTION('',(-1.9939350298584E-16,0.,-1.));
#2823=DIRECTION('',(-1.,0.,1.9939350298584E-16));
#2824=DIRECTION('',(-1.9939350298584E-16,0.,-1.));
#2825=DIRECTION('',(-1.,0.,1.9939350298584E-16));
#2826=DIRECTION('',(-1.9939350298584E-16,0.,-1.));
#2827=DIRECTION('',(-1.,0.,1.9939350298584E-16));
#2828=DIRECTION('',(-1.9939350298584E-16,0.,-1.));
#2829=DIRECTION('',(-1.,0.,1.9939350298584E-16));
#2830=DIRECTION('',(-1.9939350298584E-16,0.,-1.));
#2831=DIRECTION('',(-1.,0.,1.9939350298584E-16));
#2832=DIRECTION('',(-1.,0.,0.));
#2833=DIRECTION('',(-1.9939350298584E-16,0.,-1.));
#2834=DIRECTION('',(-1.,0.,1.9939350298584E-16));
#2835=DIRECTION('',(1.,0.,-1.9939350298584E-16));
#2836=DIRECTION('',(-1.9939350298584E-16,0.,-1.));
#2837=DIRECTION('',(-1.,0.,1.9939350298584E-16));
#2838=DIRECTION('',(1.,0.,0.));
#2839=DIRECTION('',(-1.9939350298584E-16,0.,-1.));
#2840=DIRECTION('',(-1.,0.,1.9939350298584E-16));
#2841=DIRECTION('',(-1.9939350298584E-16,0.,-1.));
#2842=DIRECTION('',(-1.,0.,1.9939350298584E-16));
#2843=DIRECTION('',(0.,0.,1.));
#2844=DIRECTION('',(0.,-1.,0.));
#2845=DIRECTION('',(0.,0.,-1.));
#2846=DIRECTION('',(0.,1.,0.));
#2847=DIRECTION('',(0.,0.,-1.));
#2848=DIRECTION('',(0.,1.,0.));
#2849=DIRECTION('',(0.,0.,1.));
#2850=DIRECTION('',(0.,-1.,0.));
#2851=DIRECTION('',(0.,0.,-1.));
#2852=DIRECTION('',(0.,1.,0.));
#2853=DIRECTION('',(0.,0.,1.));
#2854=DIRECTION('',(0.,-1.,0.));
#2855=DIRECTION('',(0.,0.,-1.));
#2856=DIRECTION('',(0.,1.,0.));
#2857=DIRECTION('',(0.,0.,1.));
#2858=DIRECTION('',(0.,-1.,0.));
#2859=DIRECTION('',(0.,0.,1.));
#2860=DIRECTION('',(0.,-1.,0.));
#2861=DIRECTION('',(0.,0.,1.));
#2862=DIRECTION('',(0.,-1.,0.));
#2863=DIRECTION('',(0.,0.,-1.));
#2864=DIRECTION('',(0.,1.,0.));
#2865=DIRECTION('',(0.,0.,-1.));
#2866=DIRECTION('',(0.,1.,0.));
#2867=DIRECTION('',(0.,1.,0.));
#2868=DIRECTION('',(1.,0.,0.));
#2869=DIRECTION('',(0.,0.,-1.));
#2870=DIRECTION('',(1.57702134179709E-16,0.,1.));
#2871=DIRECTION('',(0.,1.,0.));
#2872=DIRECTION('',(1.,0.,0.));
#2873=DIRECTION('',(0.,0.,1.));
#2874=DIRECTION('',(-1.57702134179709E-16,0.,-1.));
#2875=DIRECTION('',(0.,1.,0.));
#2876=DIRECTION('',(1.,0.,0.));
#2877=DIRECTION('',(-1.57702134179709E-16,0.,-1.));
#2878=DIRECTION('',(0.,0.,1.));
#2879=DIRECTION('',(0.,1.,0.));
#2880=DIRECTION('',(1.,0.,0.));
#2881=DIRECTION('',(1.57702134179709E-16,0.,1.));
#2882=DIRECTION('',(0.,0.,-1.));
#2883=DIRECTION('',(0.,0.,-1.));
#2884=DIRECTION('',(0.,1.,0.));
#2885=DIRECTION('',(0.,0.,1.));
#2886=DIRECTION('',(0.,-1.,0.));
#2887=DIRECTION('',(0.,0.,1.));
#2888=DIRECTION('',(0.,-1.,0.));
#2889=DIRECTION('',(0.,0.,-1.));
#2890=DIRECTION('',(0.,1.,0.));
#2891=DIRECTION('',(0.,0.,1.));
#2892=DIRECTION('',(0.,-1.,0.));
#2893=DIRECTION('',(0.,0.,-1.));
#2894=DIRECTION('',(0.,1.,0.));
#2895=DIRECTION('',(0.,0.,1.));
#2896=DIRECTION('',(0.,-1.,0.));
#2897=DIRECTION('',(0.,0.,-1.));
#2898=DIRECTION('',(0.,1.,0.));
#2899=DIRECTION('',(0.,1.,0.));
#2900=DIRECTION('',(1.,0.,0.));
#2901=DIRECTION('',(1.,0.,-1.82602471155453E-16));
#2902=DIRECTION('',(-1.82602471155453E-16,0.,-1.));
#2903=DIRECTION('',(-1.,0.,0.));
#2904=DIRECTION('',(0.,1.,0.));
#2905=DIRECTION('',(-1.,0.,1.57702134179709E-16));
#2906=DIRECTION('',(1.57702134179709E-16,0.,1.));
#2907=DIRECTION('',(1.,0.,-1.82602471155453E-16));
#2908=DIRECTION('',(-1.82602471155453E-16,0.,-1.));
#2909=DIRECTION('',(-1.,0.,0.));
#2910=DIRECTION('',(0.,1.,0.));
#2911=DIRECTION('',(-1.,0.,1.57702134179709E-16));
#2912=DIRECTION('',(1.57702134179709E-16,0.,1.));
#2913=DIRECTION('',(-1.,0.,0.));
#2914=DIRECTION('',(0.,1.,0.));
#2915=DIRECTION('',(-0.707106781186548,0.,0.707106781186548));
#2916=DIRECTION('',(0.707106781186548,0.,0.707106781186548));
#2917=DIRECTION('',(1.82602471155453E-16,0.,1.));
#2918=DIRECTION('',(1.,0.,-1.82602471155453E-16));
#2919=DIRECTION('',(0.707106781186548,0.,0.707106781186548));
#2920=DIRECTION('',(-0.707106781186548,0.,0.707106781186548));
#2921=DIRECTION('',(1.,0.,0.));
#2922=DIRECTION('',(0.,-1.,0.));
#2923=DIRECTION('',(1.,0.,0.));
#2924=DIRECTION('',(0.,-1.,0.));
#2925=DIRECTION('',(0.707106781186548,0.,-0.707106781186548));
#2926=DIRECTION('',(-0.707106781186548,0.,-0.707106781186548));
#2927=DIRECTION('',(-1.82602471155453E-16,0.,-1.));
#2928=DIRECTION('',(-1.,0.,1.82602471155453E-16));
#2929=DIRECTION('',(-0.707106781186548,0.,-0.707106781186548));
#2930=DIRECTION('',(0.707106781186548,0.,-0.707106781186548));
#2931=DIRECTION('',(-1.,0.,0.));
#2932=DIRECTION('',(0.,1.,0.));
#2933=DIRECTION('',(-1.,0.,0.));
#2934=DIRECTION('',(0.,1.,0.));
#2935=DIRECTION('',(1.,0.,0.));
#2936=DIRECTION('',(0.,-1.,0.));
#2937=DIRECTION('',(0.,0.,-1.));
#2938=DIRECTION('',(0.,1.,0.));
#2939=DIRECTION('',(0.,0.,1.));
#2940=DIRECTION('',(0.,-1.,0.));
#2941=DIRECTION('',(0.,0.,1.));
#2942=DIRECTION('',(0.,-1.,0.));
#2943=DIRECTION('',(-1.57702134179709E-16,0.,-1.));
#2944=DIRECTION('',(-1.,0.,1.57702134179709E-16));
#2945=DIRECTION('',(1.57702134179709E-16,0.,1.));
#2946=DIRECTION('',(1.,0.,-1.57702134179709E-16));
#2947=DIRECTION('',(0.,0.,-1.));
#2948=DIRECTION('',(0.,1.,0.));
#2949=DIRECTION('',(0.,0.,1.));
#2950=DIRECTION('',(0.,-1.,0.));
#2951=DIRECTION('',(-1.57702134179709E-16,0.,-1.));
#2952=DIRECTION('',(-1.,0.,1.57702134179709E-16));
#2953=DIRECTION('',(-1.57702134179709E-16,0.,-1.));
#2954=DIRECTION('',(-1.,0.,1.57702134179709E-16));
#2955=DIRECTION('',(0.,0.,1.));
#2956=DIRECTION('',(0.,-1.,0.));
#2957=DIRECTION('',(1.57702134179709E-16,0.,1.));
#2958=DIRECTION('',(1.,0.,-1.57702134179709E-16));
#2959=DIRECTION('',(0.,0.,-1.));
#2960=DIRECTION('',(0.,1.,0.));
#2961=DIRECTION('',(0.,0.,-1.));
#2962=DIRECTION('',(0.,1.,0.));
#2963=DIRECTION('',(1.57702134179709E-16,0.,1.));
#2964=DIRECTION('',(1.,0.,-1.57702134179709E-16));
#2965=DIRECTION('',(-1.,0.,1.82602471155453E-16));
#2966=DIRECTION('',(1.82602471155453E-16,0.,1.));
#2967=DIRECTION('',(-1.,0.,1.82602471155453E-16));
#2968=DIRECTION('',(1.82602471155453E-16,0.,1.));
#2969=DIRECTION('',(-1.,0.,1.82602471155453E-16));
#2970=DIRECTION('',(-1.,0.,1.82602471155453E-16));
#2971=DIRECTION('',(-1.82602471155453E-16,-1.60622544071926E-16,-1.));
#2972=DIRECTION('',(-1.,0.,1.82602471155453E-16));
#2973=DIRECTION('',(-1.,0.,1.82602471155453E-16));
#2974=DIRECTION('',(-1.82602471155453E-16,-1.60622544071926E-16,-1.));
#2975=DIRECTION('',(-1.,0.,1.82602471155453E-16));
#2976=DIRECTION('',(-1.,0.,1.82602471155453E-16));
#2977=DIRECTION('',(-1.,0.,1.82602471155453E-16));
#2978=DIRECTION('',(1.82602471155453E-16,0.,1.));
#2979=DIRECTION('',(-1.,0.,1.82602471155453E-16));
#2980=DIRECTION('',(1.82602471155453E-16,0.,1.));
#2981=DIRECTION('',(1.,0.,-1.82602471155453E-16));
#2982=DIRECTION('',(-1.82602471155453E-16,0.,-1.));
#2983=DIRECTION('',(1.,0.,-1.82602471155453E-16));
#2984=DIRECTION('',(-1.82602471155453E-16,0.,-1.));
#2985=DIRECTION('',(1.,0.,-1.82602471155453E-16));
#2986=DIRECTION('',(-1.82602471155453E-16,0.,-1.));
#2987=DIRECTION('',(0.,1.,0.));
#2988=DIRECTION('',(1.,0.,0.));
#2989=DIRECTION('',(-1.9939350298584E-16,0.,-1.));
#2990=DIRECTION('',(1.,0.,-1.9939350298584E-16));
#2991=DIRECTION('',(-1.9939350298584E-16,0.,-1.));
#2992=DIRECTION('',(1.,0.,-1.9939350298584E-16));
#2993=DIRECTION('',(-1.9939350298584E-16,0.,-1.));
#2994=DIRECTION('',(1.40992498085828E-16,0.707106781186547,0.707106781186549));
#2995=DIRECTION('',(0.,-1.,0.));
#2996=DIRECTION('',(1.,0.,-1.9939350298584E-16));
#2997=DIRECTION('',(-1.9939350298584E-16,0.,-1.));
#2998=DIRECTION('',(0.,-1.,0.));
#2999=DIRECTION('',(-1.40992498085828E-16,-0.707106781186547,-0.707106781186549));
#3000=DIRECTION('',(1.9939350298584E-16,0.,1.));
#3001=DIRECTION('',(1.,0.,-1.9939350298584E-16));
#3002=DIRECTION('',(1.,0.,-1.9939350298584E-16));
#3003=DIRECTION('',(0.,-1.,0.));
#3004=DIRECTION('',(-1.,0.,0.));
#3005=DIRECTION('',(0.,1.,0.));
#3006=DIRECTION('',(1.,0.,0.));
#3007=DIRECTION('',(0.,1.,0.));
#3008=DIRECTION('',(1.,0.,0.));
#3009=DIRECTION('',(0.,-1.,0.));
#3010=DIRECTION('',(-1.,0.,0.));
#3011=DIRECTION('',(0.,1.,0.));
#3012=DIRECTION('',(1.,0.,0.));
#3013=DIRECTION('',(0.,1.,0.));
#3014=DIRECTION('',(1.,0.,0.));
#3015=DIRECTION('',(0.,1.,0.));
#3016=DIRECTION('',(1.,0.,0.));
#3017=DIRECTION('',(0.,1.,0.));
#3018=DIRECTION('',(1.,0.,0.));
#3019=DIRECTION('',(0.,-1.,0.));
#3020=DIRECTION('',(-1.,0.,0.));
#3021=DIRECTION('',(0.,1.,0.));
#3022=DIRECTION('',(1.,0.,0.));
#3023=DIRECTION('',(0.,1.,0.));
#3024=DIRECTION('',(1.,0.,0.));
#3025=DIRECTION('',(0.,-1.,0.));
#3026=DIRECTION('',(-1.,0.,0.));
#3027=DIRECTION('',(0.,1.,0.));
#3028=DIRECTION('',(1.,0.,0.));
#3029=DIRECTION('',(0.,1.,0.));
#3030=DIRECTION('',(1.,0.,0.));
#3031=DIRECTION('',(0.,1.,0.));
#3032=DIRECTION('',(1.,0.,0.));
#3033=DIRECTION('',(0.,1.,0.));
#3034=DIRECTION('',(1.,0.,0.));
#3035=DIRECTION('',(-1.40992498085827E-16,0.707106781186549,-0.707106781186547));
#3036=DIRECTION('',(1.,0.,-1.9939350298584E-16));
#3037=DIRECTION('',(0.,-1.,0.));
#3038=DIRECTION('',(-1.,0.,0.));
#3039=DIRECTION('',(0.,-1.,0.));
#3040=DIRECTION('',(-1.,0.,0.));
#3041=DIRECTION('',(1.,0.,-1.57702134179709E-16));
#3042=DIRECTION('',(-1.57702134179709E-16,0.,-1.));
#3043=DIRECTION('',(-1.,0.,1.57702134179709E-16));
#3044=DIRECTION('',(1.57702134179709E-16,0.,1.));
#3045=DIRECTION('',(-1.,0.,1.57702134179709E-16));
#3046=DIRECTION('',(1.57702134179709E-16,0.,1.));
#3047=DIRECTION('',(1.,0.,-1.57702134179709E-16));
#3048=DIRECTION('',(-1.57702134179709E-16,0.,-1.));
#3049=DIRECTION('',(-1.,0.,1.57702134179709E-16));
#3050=DIRECTION('',(1.57702134179709E-16,0.,1.));
#3051=DIRECTION('',(-1.,0.,1.57702134179709E-16));
#3052=DIRECTION('',(1.57702134179709E-16,0.,1.));
#3053=DIRECTION('',(1.,0.,0.));
#3054=DIRECTION('',(0.,-1.,0.));
#3055=DIRECTION('',(1.,0.,0.));
#3056=DIRECTION('',(0.,-1.,0.));
#3057=DIRECTION('',(0.,0.,1.));
#3058=DIRECTION('',(0.,-1.,0.));
#3059=DIRECTION('',(0.,0.,1.));
#3060=DIRECTION('',(0.,-1.,0.));
#3061=DIRECTION('',(0.,0.,1.));
#3062=DIRECTION('',(0.,-1.,0.));
#3063=DIRECTION('',(0.,0.,1.));
#3064=DIRECTION('',(0.,-1.,0.));
#3065=DIRECTION('',(0.,0.,1.));
#3066=DIRECTION('',(0.,-1.,0.));
#3067=DIRECTION('',(0.,0.,1.));
#3068=DIRECTION('',(0.,-1.,0.));
#3069=DIRECTION('',(0.,0.,1.));
#3070=DIRECTION('',(0.,-1.,0.));
#3071=DIRECTION('',(0.,0.,1.));
#3072=DIRECTION('',(0.,-1.,0.));
#3073=DIRECTION('',(0.,0.,-1.));
#3074=DIRECTION('',(0.,1.,0.));
#3075=DIRECTION('',(0.,0.,-1.));
#3076=DIRECTION('',(0.,1.,0.));
#3077=DIRECTION('',(0.,0.,1.));
#3078=DIRECTION('',(0.,-1.,0.));
#3079=DIRECTION('',(0.,0.,1.));
#3080=DIRECTION('',(0.,-1.,0.));
#3081=CARTESIAN_POINT('',(0.,0.,0.));
#3082=CARTESIAN_POINT('',(0.,0.0148,-0.0352));
#3083=CARTESIAN_POINT('',(-0.0432,0.0255,-0.0352));
#3084=CARTESIAN_POINT('',(-0.042,0.0255,-0.0352));
#3085=CARTESIAN_POINT('',(0.0432,0.0255,-0.0352));
#3086=CARTESIAN_POINT('',(0.0444,0.0255,-0.0352));
#3087=CARTESIAN_POINT('',(0.0330734952585771,0.0223359254912356,-0.0352));
#3088=CARTESIAN_POINT('',(0.0330734952585771,0.0233359254912355,-0.0352));
#3089=CARTESIAN_POINT('',(0.0330734952585771,0.0193359254912355,-0.0352));
#3090=CARTESIAN_POINT('',(0.,0.0193359254912355,-0.0352));
#3091=CARTESIAN_POINT('',(-0.0106373438611627,0.0193359254912355,-0.0352));
#3092=CARTESIAN_POINT('',(-0.0106373438611627,0.0223359254912356,-0.0352));
#3093=CARTESIAN_POINT('',(-0.0106373438611627,0.0233359254912355,-0.0352));
#3094=CARTESIAN_POINT('',(0.0112180756987072,0.0233359254912355,-0.0352));
#3095=CARTESIAN_POINT('',(-0.0267308030097075,0.0233379254912356,-0.0352));
#3096=CARTESIAN_POINT('',(-0.0267308030097075,0.0233359254912355,-0.0352));
#3097=CARTESIAN_POINT('',(-0.0267308030097075,0.0048,-0.0352));
#3098=CARTESIAN_POINT('',(-0.0267308030097075,0.0048,-0.0352));
#3099=CARTESIAN_POINT('',(-0.0261735793000883,0.0041839660103011,-0.0352));
#3100=CARTESIAN_POINT('',(-0.0257131147375157,0.00349709529714117,-0.0352));
#3101=CARTESIAN_POINT('',(-0.025266616405686,0.0028,-0.0352));
#3102=CARTESIAN_POINT('',(-0.025266616405686,0.0028,-0.0352));
#3103=CARTESIAN_POINT('',(0.,0.0028,-0.0352));
#3104=CARTESIAN_POINT('',(0.036,0.0028,-0.0352));
#3105=CARTESIAN_POINT('',(0.036,0.004,-0.0352));
#3106=CARTESIAN_POINT('',(0.0348,0.004,-0.0352));
#3107=CARTESIAN_POINT('',(0.0348,0.0148,-0.0352));
#3108=CARTESIAN_POINT('',(0.0348,0.012,-0.0352));
#3109=CARTESIAN_POINT('',(0.0358,0.012,-0.0352));
#3110=CARTESIAN_POINT('',(0.0358,0.013,-0.0352));
#3111=CARTESIAN_POINT('',(0.041,0.013,-0.0352));
#3112=CARTESIAN_POINT('',(0.0462,0.013,-0.0352));
#3113=CARTESIAN_POINT('',(0.0462,0.012,-0.0352));
#3114=CARTESIAN_POINT('',(0.0472,0.012,-0.0352));
#3115=CARTESIAN_POINT('',(0.0472,0.013,-0.0352));
#3116=CARTESIAN_POINT('',(0.0472,0.0288,-0.0352));
#3117=CARTESIAN_POINT('',(0.,0.0288,-0.0352));
#3118=CARTESIAN_POINT('',(-0.0472,0.0288,-0.0352));
#3119=CARTESIAN_POINT('',(-0.0472,0.013,-0.0352));
#3120=CARTESIAN_POINT('',(-0.0472,0.012,-0.0352));
#3121=CARTESIAN_POINT('',(-0.0462,0.012,-0.0352));
#3122=CARTESIAN_POINT('',(-0.0462,0.013,-0.0352));
#3123=CARTESIAN_POINT('',(-0.041,0.013,-0.0352));
#3124=CARTESIAN_POINT('',(-0.0358,0.013,-0.0352));
#3125=CARTESIAN_POINT('',(-0.0358,0.012,-0.0352));
#3126=CARTESIAN_POINT('',(-0.0348,0.012,-0.0352));
#3127=CARTESIAN_POINT('',(-0.0348,0.0148,-0.0352));
#3128=CARTESIAN_POINT('',(-0.0348,0.004,-0.0352));
#3129=CARTESIAN_POINT('',(-0.036,0.004,-0.0352));
#3130=CARTESIAN_POINT('',(-0.036,0.0028,-0.0352));
#3131=CARTESIAN_POINT('',(0.,0.0028,-0.0352));
#3132=CARTESIAN_POINT('',(-0.0315116144040843,0.0028,-0.0352));
#3133=CARTESIAN_POINT('',(-0.0315116144040843,0.0028,-0.0352));
#3134=CARTESIAN_POINT('',(-0.0310651160722546,0.00349709529714118,-0.0352));
#3135=CARTESIAN_POINT('',(-0.030604651509682,0.00418396601030109,-0.0352));
#3136=CARTESIAN_POINT('',(-0.0300474278000628,0.0048,-0.0352));
#3137=CARTESIAN_POINT('',(-0.0300474278000628,0.0048,-0.0352));
#3138=CARTESIAN_POINT('',(-0.0300474278000628,0.0233379254912356,-0.0352));
#3139=CARTESIAN_POINT('',(-0.0300474278000628,0.0233359254912355,-0.0352));
#3140=CARTESIAN_POINT('',(0.,0.0233359254912355,-0.0352));
#3141=CARTESIAN_POINT('',(0.,0.0028,2.08166817117217E-17));
#3142=CARTESIAN_POINT('',(-0.0283891154048851,0.0028,0.0223));
#3143=CARTESIAN_POINT('',(-0.0243891154048851,0.0028,0.0223));
#3144=CARTESIAN_POINT('',(-0.0283891154048852,0.0028,-0.0327));
#3145=CARTESIAN_POINT('',(-0.036,0.0028,-0.044));
#3146=CARTESIAN_POINT('',(-0.036,0.0028,-0.044));
#3147=CARTESIAN_POINT('',(-0.041,0.0028,-0.044));
#3148=CARTESIAN_POINT('',(-0.046,0.0028,-0.044));
#3149=CARTESIAN_POINT('',(-0.046,0.0028,0.044));
#3150=CARTESIAN_POINT('',(-0.046,0.0028,0.044));
#3151=CARTESIAN_POINT('',(-0.041,0.0028,0.044));
#3152=CARTESIAN_POINT('',(-0.036,0.0028,0.044));
#3153=CARTESIAN_POINT('',(-0.036,0.0028,0.0352));
#3154=CARTESIAN_POINT('',(-0.036,0.0028,0.0352));
#3155=CARTESIAN_POINT('',(1.38777878078145E-17,0.0028,0.0352));
#3156=CARTESIAN_POINT('',(0.036,0.0028,0.0352));
#3157=CARTESIAN_POINT('',(0.036,0.0028,0.044));
#3158=CARTESIAN_POINT('',(0.036,0.0028,0.044));
#3159=CARTESIAN_POINT('',(0.041,0.0028,0.044));
#3160=CARTESIAN_POINT('',(0.046,0.0028,0.044));
#3161=CARTESIAN_POINT('',(0.046,0.0028,-0.044));
#3162=CARTESIAN_POINT('',(0.046,0.0028,-0.044));
#3163=CARTESIAN_POINT('',(0.041,0.0028,-0.044));
#3164=CARTESIAN_POINT('',(0.036,0.0028,-0.044));
#3165=CARTESIAN_POINT('',(0.036,0.0028,-0.0352));
#3166=CARTESIAN_POINT('',(0.047198,0.0117075604258925,3.11373733814279E-18));
#3167=CARTESIAN_POINT('',(0.0472,0.0117075604258925,3.11337213320048E-18));
#3168=CARTESIAN_POINT('',(0.0472,0.0117075604258925,0.00393758375798948));
#3169=CARTESIAN_POINT('',(0.0488,0.0117075604258925,2.82120817935175E-18));
#3170=CARTESIAN_POINT('',(0.0488,0.0117075604258925,-0.00393758375798947));
#3171=CARTESIAN_POINT('',(0.,0.0148,2.08166817117217E-17));
#3172=CARTESIAN_POINT('',(-0.0464,0.0148,2.08166817117217E-17));
#3173=CARTESIAN_POINT('',(-0.0464,0.0148,-0.0452));
#3174=CARTESIAN_POINT('',(-0.0464,0.0148,-0.038));
#3175=CARTESIAN_POINT('',(-6.93889390390723E-18,0.0148,-0.038));
#3176=CARTESIAN_POINT('',(-0.0356,0.0148,-0.038));
#3177=CARTESIAN_POINT('',(-0.0356,0.0148,-0.0452));
#3178=CARTESIAN_POINT('',(-0.0356,0.0148,-0.0452));
#3179=CARTESIAN_POINT('',(-0.041,0.0148,-0.0452));
#3180=CARTESIAN_POINT('',(0.,0.0148,2.08166817117217E-17));
#3181=CARTESIAN_POINT('',(0.0356,0.0148,2.08166817117217E-17));
#3182=CARTESIAN_POINT('',(0.0356,0.0148,-0.0452));
#3183=CARTESIAN_POINT('',(0.0356,0.0148,-0.038));
#3184=CARTESIAN_POINT('',(-6.93889390390723E-18,0.0148,-0.038));
#3185=CARTESIAN_POINT('',(0.0464,0.0148,-0.038));
#3186=CARTESIAN_POINT('',(0.0464,0.0148,-0.0452));
#3187=CARTESIAN_POINT('',(0.0464,0.0148,-0.0452));
#3188=CARTESIAN_POINT('',(0.041,0.0148,-0.0452));
#3189=CARTESIAN_POINT('',(0.,0.0148,2.08166817117217E-17));
#3190=CARTESIAN_POINT('',(0.0464,0.0148,2.08166817117217E-17));
#3191=CARTESIAN_POINT('',(0.0464,0.0148,0.0452));
#3192=CARTESIAN_POINT('',(0.0464,0.0148,0.038));
#3193=CARTESIAN_POINT('',(-0.0492,0.0148,0.038));
#3194=CARTESIAN_POINT('',(0.0356,0.0148,0.038));
#3195=CARTESIAN_POINT('',(0.0356,0.0148,0.0452));
#3196=CARTESIAN_POINT('',(0.0356,0.0148,0.0452));
#3197=CARTESIAN_POINT('',(0.041,0.0148,0.0452));
#3198=CARTESIAN_POINT('',(0.,0.0148,2.08166817117217E-17));
#3199=CARTESIAN_POINT('',(-0.0356,0.0148,2.08166817117217E-17));
#3200=CARTESIAN_POINT('',(-0.0356,0.0148,0.0452));
#3201=CARTESIAN_POINT('',(-0.0356,0.0148,0.038));
#3202=CARTESIAN_POINT('',(-0.0492,0.0148,0.038));
#3203=CARTESIAN_POINT('',(-0.0464,0.0148,0.038));
#3204=CARTESIAN_POINT('',(-0.0464,0.0148,0.0452));
#3205=CARTESIAN_POINT('',(-0.0464,0.0148,0.0452));
#3206=CARTESIAN_POINT('',(-0.041,0.0148,0.0452));
#3207=CARTESIAN_POINT('',(-0.0472,0.0148,2.08166817117217E-17));
#3208=CARTESIAN_POINT('',(-0.0472,0.0199391003698111,-0.0170505847781896));
#3209=CARTESIAN_POINT('',(-0.0472,0.0199391003698111,-0.0211005847781897));
#3210=CARTESIAN_POINT('',(-0.0472,0.0116556854918599,1.0764415674614E-17));
#3211=CARTESIAN_POINT('',(-0.0472,0.0143556854918599,0.00546991773247095));
#3212=CARTESIAN_POINT('',(-0.0472,0.0143556854918599,-0.00546991773247093));
#3213=CARTESIAN_POINT('',(-0.0472,0.0116556854918599,-0.00546991773247093));
#3214=CARTESIAN_POINT('',(-0.0472,0.00895568549185992,-0.00546991773247093));
#3215=CARTESIAN_POINT('',(-0.0472,0.0116556854918599,7.29496872266037E-18));
#3216=CARTESIAN_POINT('',(-0.0472,0.00895568549185992,0.00546991773247094));
#3217=CARTESIAN_POINT('',(-0.0472,0.0116556854918599,0.00546991773247095));
#3218=CARTESIAN_POINT('',(-0.0472,0.0199391003698111,0.0170505847781896));
#3219=CARTESIAN_POINT('',(-0.0472,0.0199391003698111,0.0130005847781896));
#3220=CARTESIAN_POINT('',(-0.0472,0.0148,-0.044));
#3221=CARTESIAN_POINT('',(-0.0472,0.012,-0.044));
#3222=CARTESIAN_POINT('',(-0.0472,0.004,-0.044));
#3223=CARTESIAN_POINT('',(-0.0472,0.012,2.08166817117217E-17));
#3224=CARTESIAN_POINT('',(-0.0472,0.0288,2.08166817117217E-17));
#3225=CARTESIAN_POINT('',(-0.0472,0.0288,0.0352));
#3226=CARTESIAN_POINT('',(-0.0472,0.013,0.0352));
#3227=CARTESIAN_POINT('',(-0.0472,0.012,0.0352));
#3228=CARTESIAN_POINT('',(-0.0472,0.012,2.08166817117217E-17));
#3229=CARTESIAN_POINT('',(-0.0472,0.012,0.044));
#3230=CARTESIAN_POINT('',(-0.0472,0.0148,0.044));
#3231=CARTESIAN_POINT('',(-0.0472,0.004,0.044));
#3232=CARTESIAN_POINT('',(-0.0472,0.004,-0.044));
#3233=CARTESIAN_POINT('',(-0.041,0.0148,-0.044));
#3234=CARTESIAN_POINT('',(-0.041,0.00779999917837975,-0.044));
#3235=CARTESIAN_POINT('',(-0.041,0.00569999917837975,-0.044));
#3236=CARTESIAN_POINT('',(-0.041,0.013,-0.044));
#3237=CARTESIAN_POINT('',(-0.0358,0.013,-0.044));
#3238=CARTESIAN_POINT('',(-0.0462,0.013,-0.044));
#3239=CARTESIAN_POINT('',(-0.0462,0.012,-0.044));
#3240=CARTESIAN_POINT('',(-0.046,0.004,-0.044));
#3241=CARTESIAN_POINT('',(-0.036,0.004,-0.044));
#3242=CARTESIAN_POINT('',(-0.0348,0.004,-0.044));
#3243=CARTESIAN_POINT('',(-0.0348,0.0148,-0.044));
#3244=CARTESIAN_POINT('',(-0.0348,0.012,-0.044));
#3245=CARTESIAN_POINT('',(-0.0358,0.012,-0.044));
#3246=CARTESIAN_POINT('',(-0.0348,0.0148,-0.0396));
#3247=CARTESIAN_POINT('',(-0.0348,0.012,-0.0396));
#3248=CARTESIAN_POINT('',(-0.0348,0.004,-0.0352));
#3249=CARTESIAN_POINT('',(0.0348,0.0148,-0.0396));
#3250=CARTESIAN_POINT('',(0.0348,0.0148,-0.044));
#3251=CARTESIAN_POINT('',(0.0348,0.012,-0.044));
#3252=CARTESIAN_POINT('',(0.0348,0.004,-0.044));
#3253=CARTESIAN_POINT('',(0.0348,0.012,-0.0396));
#3254=CARTESIAN_POINT('',(0.0348,0.004,-0.044));
#3255=CARTESIAN_POINT('',(0.041,0.0148,-0.044));
#3256=CARTESIAN_POINT('',(0.041,0.00779999917837974,-0.044));
#3257=CARTESIAN_POINT('',(0.041,0.00569999917837974,-0.044));
#3258=CARTESIAN_POINT('',(0.0472,0.0148,-0.044));
#3259=CARTESIAN_POINT('',(0.0472,0.012,-0.044));
#3260=CARTESIAN_POINT('',(0.0472,0.004,-0.044));
#3261=CARTESIAN_POINT('',(0.0462,0.012,-0.044));
#3262=CARTESIAN_POINT('',(0.0462,0.013,-0.044));
#3263=CARTESIAN_POINT('',(0.041,0.013,-0.044));
#3264=CARTESIAN_POINT('',(0.0358,0.013,-0.044));
#3265=CARTESIAN_POINT('',(0.0358,0.012,-0.044));
#3266=CARTESIAN_POINT('',(0.036,0.004,-0.044));
#3267=CARTESIAN_POINT('',(0.046,0.004,-0.044));
#3268=CARTESIAN_POINT('',(0.0472,0.0148,1.38777878078145E-17));
#3269=CARTESIAN_POINT('',(0.0472,0.016112670302391,-0.0254997592419386));
#3270=CARTESIAN_POINT('',(0.0472,0.016112670302391,-0.0218997592419386));
#3271=CARTESIAN_POINT('',(0.0472,0.016112670302391,0.0254997592419386));
#3272=CARTESIAN_POINT('',(0.0472,0.016112670302391,0.0290997592419386));
#3273=CARTESIAN_POINT('',(0.0472,0.0148,0.044));
#3274=CARTESIAN_POINT('',(0.0472,0.012,0.044));
#3275=CARTESIAN_POINT('',(0.0472,0.004,0.044));
#3276=CARTESIAN_POINT('',(0.0472,0.012,1.38777878078145E-17));
#3277=CARTESIAN_POINT('',(0.0472,0.012,0.0352));
#3278=CARTESIAN_POINT('',(0.0472,0.013,0.0352));
#3279=CARTESIAN_POINT('',(0.0472,0.0288,0.0352));
#3280=CARTESIAN_POINT('',(0.0472,0.0288,1.38777878078145E-17));
#3281=CARTESIAN_POINT('',(0.0472,0.012,1.38777878078145E-17));
#3282=CARTESIAN_POINT('',(0.0472,0.004,0.044));
#3283=CARTESIAN_POINT('',(0.041,0.0148,0.044));
#3284=CARTESIAN_POINT('',(0.041,0.00779999917837988,0.044));
#3285=CARTESIAN_POINT('',(0.041,0.00989999917837988,0.044));
#3286=CARTESIAN_POINT('',(0.0348,0.0148,0.044));
#3287=CARTESIAN_POINT('',(0.0348,0.012,0.044));
#3288=CARTESIAN_POINT('',(0.0348,0.004,0.044));
#3289=CARTESIAN_POINT('',(0.0358,0.012,0.044));
#3290=CARTESIAN_POINT('',(0.0358,0.013,0.044));
#3291=CARTESIAN_POINT('',(0.041,0.013,0.044));
#3292=CARTESIAN_POINT('',(0.0462,0.013,0.044));
#3293=CARTESIAN_POINT('',(0.0462,0.012,0.044));
#3294=CARTESIAN_POINT('',(0.046,0.004,0.044));
#3295=CARTESIAN_POINT('',(0.036,0.004,0.044));
#3296=CARTESIAN_POINT('',(0.0348,0.0148,0.0396));
#3297=CARTESIAN_POINT('',(0.0348,0.0148,0.0352));
#3298=CARTESIAN_POINT('',(0.0348,0.012,0.0352));
#3299=CARTESIAN_POINT('',(0.0348,0.004,0.0352));
#3300=CARTESIAN_POINT('',(0.0348,0.012,0.0396));
#3301=CARTESIAN_POINT('',(0.0348,0.004,0.0352));
#3302=CARTESIAN_POINT('',(-0.0348,0.0148,0.0396));
#3303=CARTESIAN_POINT('',(-0.0348,0.0148,0.044));
#3304=CARTESIAN_POINT('',(-0.0348,0.012,0.044));
#3305=CARTESIAN_POINT('',(-0.0348,0.004,0.044));
#3306=CARTESIAN_POINT('',(-0.0348,0.012,0.0396));
#3307=CARTESIAN_POINT('',(-0.0348,0.012,0.0352));
#3308=CARTESIAN_POINT('',(-0.0348,0.0148,0.0352));
#3309=CARTESIAN_POINT('',(-0.0348,0.004,0.0352));
#3310=CARTESIAN_POINT('',(-0.0348,0.004,0.044));
#3311=CARTESIAN_POINT('',(-0.041,0.0148,0.044));
#3312=CARTESIAN_POINT('',(-0.041,0.00779999917837985,0.044));
#3313=CARTESIAN_POINT('',(-0.041,0.00989999917837985,0.044));
#3314=CARTESIAN_POINT('',(-0.041,0.013,0.044));
#3315=CARTESIAN_POINT('',(-0.0462,0.013,0.044));
#3316=CARTESIAN_POINT('',(-0.0358,0.013,0.044));
#3317=CARTESIAN_POINT('',(-0.0358,0.012,0.044));
#3318=CARTESIAN_POINT('',(-0.036,0.004,0.044));
#3319=CARTESIAN_POINT('',(-0.046,0.004,0.044));
#3320=CARTESIAN_POINT('',(-0.0462,0.012,0.044));
#3321=CARTESIAN_POINT('',(0.0484,0.0028,0.0416));
#3322=CARTESIAN_POINT('',(0.0484,0.0028,0.038));
#3323=CARTESIAN_POINT('',(0.0484,0.0128,0.038));
#3324=CARTESIAN_POINT('',(0.0484,0.002,0.038));
#3325=CARTESIAN_POINT('',(0.0484,0.0128,0.0416));
#3326=CARTESIAN_POINT('',(0.0484,0.0128,0.0452));
#3327=CARTESIAN_POINT('',(0.0484,0.0028,0.0452));
#3328=CARTESIAN_POINT('',(0.0484,0.002,0.0452));
#3329=CARTESIAN_POINT('',(0.0484,0.002,0.038));
#3330=CARTESIAN_POINT('',(0.05,0.0028,6.93889390390723E-18));
#3331=CARTESIAN_POINT('',(0.05,0.016112670302391,-0.0254997592419386));
#3332=CARTESIAN_POINT('',(0.05,0.016112670302391,-0.0220997592419386));
#3333=CARTESIAN_POINT('',(0.05,0.016112670302391,0.0254997592419386));
#3334=CARTESIAN_POINT('',(0.05,0.016112670302391,0.0288997592419386));
#3335=CARTESIAN_POINT('',(0.05,0.0028,0.038));
#3336=CARTESIAN_POINT('',(0.05,0.0288,0.038));
#3337=CARTESIAN_POINT('',(0.05,0.0012,0.038));
#3338=CARTESIAN_POINT('',(0.05,0.0012,6.93889390390723E-18));
#3339=CARTESIAN_POINT('',(0.05,0.0012,-0.038));
#3340=CARTESIAN_POINT('',(0.05,0.0028,-0.038));
#3341=CARTESIAN_POINT('',(0.05,0.0288,-0.038));
#3342=CARTESIAN_POINT('',(0.05,0.0288,6.93889390390723E-18));
#3343=CARTESIAN_POINT('',(0.05,0.0117075604258925,2.60208521396521E-18));
#3344=CARTESIAN_POINT('',(0.05,0.0117075604258925,-0.00315));
#3345=CARTESIAN_POINT('',(0.0484,0.0028,-0.0416));
#3346=CARTESIAN_POINT('',(0.0484,0.0028,-0.0452));
#3347=CARTESIAN_POINT('',(0.0484,0.0128,-0.0452));
#3348=CARTESIAN_POINT('',(0.0484,0.002,-0.0452));
#3349=CARTESIAN_POINT('',(0.0484,0.0128,-0.038));
#3350=CARTESIAN_POINT('',(0.0484,0.0128,-0.038));
#3351=CARTESIAN_POINT('',(0.0484,0.0028,-0.038));
#3352=CARTESIAN_POINT('',(0.0484,0.002,-0.038));
#3353=CARTESIAN_POINT('',(0.0484,0.002,-0.0416));
#3354=CARTESIAN_POINT('',(0.041,0.0028,-0.0452));
#3355=CARTESIAN_POINT('',(0.041,0.00779999917837974,-0.0452));
#3356=CARTESIAN_POINT('',(0.041,0.00989999917837974,-0.0452));
#3357=CARTESIAN_POINT('',(0.0464,0.0128,-0.0452));
#3358=CARTESIAN_POINT('',(0.0464,0.002,-0.0452));
#3359=CARTESIAN_POINT('',(0.0464,0.,-0.0452));
#3360=CARTESIAN_POINT('',(0.041,0.,-0.0452));
#3361=CARTESIAN_POINT('',(0.0356,0.,-0.0452));
#3362=CARTESIAN_POINT('',(0.0356,0.002,-0.0452));
#3363=CARTESIAN_POINT('',(0.0336,0.002,-0.0452));
#3364=CARTESIAN_POINT('',(0.0336,0.0028,-0.0452));
#3365=CARTESIAN_POINT('',(0.0336,0.0128,-0.0452));
#3366=CARTESIAN_POINT('',(0.0356,0.0128,-0.0452));
#3367=CARTESIAN_POINT('',(0.0336,0.0028,-0.0416));
#3368=CARTESIAN_POINT('',(0.0336,0.0028,-0.038));
#3369=CARTESIAN_POINT('',(0.0336,0.0128,-0.038));
#3370=CARTESIAN_POINT('',(0.0336,0.002,-0.038));
#3371=CARTESIAN_POINT('',(0.0336,0.0128,-0.0416));
#3372=CARTESIAN_POINT('',(0.0336,0.002,-0.038));
#3373=CARTESIAN_POINT('',(-0.0336,0.0028,-0.0416));
#3374=CARTESIAN_POINT('',(-0.0336,0.0028,-0.0452));
#3375=CARTESIAN_POINT('',(-0.0336,0.0128,-0.0452));
#3376=CARTESIAN_POINT('',(-0.0336,0.002,-0.0452));
#3377=CARTESIAN_POINT('',(-0.0336,0.0128,-0.038));
#3378=CARTESIAN_POINT('',(-0.0336,0.0128,-0.038));
#3379=CARTESIAN_POINT('',(-0.0336,0.0028,-0.038));
#3380=CARTESIAN_POINT('',(-0.0336,0.002,-0.038));
#3381=CARTESIAN_POINT('',(-0.0336,0.002,-0.0416));
#3382=CARTESIAN_POINT('',(-0.041,0.0028,-0.0452));
#3383=CARTESIAN_POINT('',(-0.041,0.00779999917837975,-0.0452));
#3384=CARTESIAN_POINT('',(-0.041,0.00989999917837975,-0.0452));
#3385=CARTESIAN_POINT('',(-0.0356,0.0128,-0.0452));
#3386=CARTESIAN_POINT('',(-0.0356,0.002,-0.0452));
#3387=CARTESIAN_POINT('',(-0.0356,0.,-0.0452));
#3388=CARTESIAN_POINT('',(-0.041,0.,-0.0452));
#3389=CARTESIAN_POINT('',(-0.0464,0.,-0.0452));
#3390=CARTESIAN_POINT('',(-0.0464,0.002,-0.0452));
#3391=CARTESIAN_POINT('',(-0.0484,0.002,-0.0452));
#3392=CARTESIAN_POINT('',(-0.0484,0.0028,-0.0452));
#3393=CARTESIAN_POINT('',(-0.0484,0.0128,-0.0452));
#3394=CARTESIAN_POINT('',(-0.0464,0.0128,-0.0452));
#3395=CARTESIAN_POINT('',(-0.0484,0.0028,-0.0416));
#3396=CARTESIAN_POINT('',(-0.0484,0.0028,-0.038));
#3397=CARTESIAN_POINT('',(-0.0484,0.0128,-0.038));
#3398=CARTESIAN_POINT('',(-0.0484,0.002,-0.038));
#3399=CARTESIAN_POINT('',(-0.0484,0.0128,-0.0416));
#3400=CARTESIAN_POINT('',(-0.0484,0.002,-0.038));
#3401=CARTESIAN_POINT('',(-0.0492,0.0028,-0.038));
#3402=CARTESIAN_POINT('',(0.0432,0.0255,-0.038));
#3403=CARTESIAN_POINT('',(0.0432,0.0231,-0.038));
#3404=CARTESIAN_POINT('',(-0.0432,0.0255,-0.038));
#3405=CARTESIAN_POINT('',(-0.0432,0.0231,-0.038));
#3406=CARTESIAN_POINT('',(-0.0492,0.0012,-0.038));
#3407=CARTESIAN_POINT('',(0.0482330302779823,0.0012,-0.038));
#3408=CARTESIAN_POINT('',(0.0464,0.002,-0.038));
#3409=CARTESIAN_POINT('',(0.0464,0.0128,-0.038));
#3410=CARTESIAN_POINT('',(0.0356,0.0128,-0.038));
#3411=CARTESIAN_POINT('',(0.0356,0.002,-0.038));
#3412=CARTESIAN_POINT('',(0.0337669697220177,0.0012,-0.038));
#3413=CARTESIAN_POINT('',(-0.0492,0.0012,-0.038));
#3414=CARTESIAN_POINT('',(-0.0337669697220177,0.0012,-0.038));
#3415=CARTESIAN_POINT('',(-0.0356,0.002,-0.038));
#3416=CARTESIAN_POINT('',(-0.0356,0.0128,-0.038));
#3417=CARTESIAN_POINT('',(-0.0464,0.0128,-0.038));
#3418=CARTESIAN_POINT('',(-0.0464,0.002,-0.038));
#3419=CARTESIAN_POINT('',(-0.0482330302779823,0.0012,-0.038));
#3420=CARTESIAN_POINT('',(-0.0492,0.0012,-0.038));
#3421=CARTESIAN_POINT('',(-0.05,0.0012,-0.038));
#3422=CARTESIAN_POINT('',(-0.05,0.0028,-0.038));
#3423=CARTESIAN_POINT('',(-0.05,0.0288,-0.038));
#3424=CARTESIAN_POINT('',(-6.93889390390723E-18,0.0288,-0.038));
#3425=CARTESIAN_POINT('',(-0.05,0.0028,6.93889390390723E-18));
#3426=CARTESIAN_POINT('',(-0.05,0.0199391003698111,-0.0170505847781896));
#3427=CARTESIAN_POINT('',(-0.05,0.0199391003698111,-0.0130005847781896));
#3428=CARTESIAN_POINT('',(-0.05,0.0116556854918599,1.12757025938492E-17));
#3429=CARTESIAN_POINT('',(-0.05,0.0143556854918599,0.00546991773247095));
#3430=CARTESIAN_POINT('',(-0.05,0.0143556854918599,-0.00546991773247093));
#3431=CARTESIAN_POINT('',(-0.05,0.0116556854918599,0.00546991773247095));
#3432=CARTESIAN_POINT('',(-0.05,0.00895568549185992,0.00546991773247094));
#3433=CARTESIAN_POINT('',(-0.05,0.0116556854918599,7.80625564189563E-18));
#3434=CARTESIAN_POINT('',(-0.05,0.00895568549185992,-0.00546991773247093));
#3435=CARTESIAN_POINT('',(-0.05,0.0116556854918599,-0.00546991773247093));
#3436=CARTESIAN_POINT('',(-0.05,0.0199391003698111,0.0170505847781896));
#3437=CARTESIAN_POINT('',(-0.05,0.0199391003698111,0.0211005847781897));
#3438=CARTESIAN_POINT('',(-0.05,0.0012,0.038));
#3439=CARTESIAN_POINT('',(-0.05,0.0012,0.038));
#3440=CARTESIAN_POINT('',(-0.05,0.0028,0.038));
#3441=CARTESIAN_POINT('',(-0.05,0.0288,0.038));
#3442=CARTESIAN_POINT('',(-0.05,0.0288,6.93889390390723E-18));
#3443=CARTESIAN_POINT('',(-0.0492,0.0028,0.038));
#3444=CARTESIAN_POINT('',(0.0432,0.0255,0.038));
#3445=CARTESIAN_POINT('',(0.0432,0.0231,0.038));
#3446=CARTESIAN_POINT('',(-0.0432,0.0255,0.038));
#3447=CARTESIAN_POINT('',(-0.0432,0.0231,0.038));
#3448=CARTESIAN_POINT('',(-0.0464,0.0012,0.038));
#3449=CARTESIAN_POINT('',(-0.0482330302779823,0.0012,0.038));
#3450=CARTESIAN_POINT('',(-0.0464,0.002,0.038));
#3451=CARTESIAN_POINT('',(-0.0484,0.002,0.038));
#3452=CARTESIAN_POINT('',(-0.0484,0.0028,0.038));
#3453=CARTESIAN_POINT('',(-0.0484,0.0128,0.038));
#3454=CARTESIAN_POINT('',(-0.0464,0.0128,0.038));
#3455=CARTESIAN_POINT('',(-0.0356,0.0128,0.038));
#3456=CARTESIAN_POINT('',(-0.0336,0.0128,0.038));
#3457=CARTESIAN_POINT('',(-0.0336,0.0028,0.038));
#3458=CARTESIAN_POINT('',(-0.0336,0.002,0.038));
#3459=CARTESIAN_POINT('',(-0.0356,0.002,0.038));
#3460=CARTESIAN_POINT('',(-0.0337669697220177,0.0012,0.038));
#3461=CARTESIAN_POINT('',(0.0356,0.0012,0.038));
#3462=CARTESIAN_POINT('',(0.0337669697220177,0.0012,0.038));
#3463=CARTESIAN_POINT('',(0.0356,0.002,0.038));
#3464=CARTESIAN_POINT('',(0.0336,0.002,0.038));
#3465=CARTESIAN_POINT('',(0.0336,0.0028,0.038));
#3466=CARTESIAN_POINT('',(0.0336,0.0128,0.038));
#3467=CARTESIAN_POINT('',(0.0356,0.0128,0.038));
#3468=CARTESIAN_POINT('',(0.0464,0.0128,0.038));
#3469=CARTESIAN_POINT('',(0.0464,0.002,0.038));
#3470=CARTESIAN_POINT('',(0.0482330302779823,0.0012,0.038));
#3471=CARTESIAN_POINT('',(0.05,0.0012,0.038));
#3472=CARTESIAN_POINT('',(-0.0492,0.0288,0.038));
#3473=CARTESIAN_POINT('',(-0.0484,0.0028,0.0416));
#3474=CARTESIAN_POINT('',(-0.0484,0.0028,0.0452));
#3475=CARTESIAN_POINT('',(-0.0484,0.0128,0.0452));
#3476=CARTESIAN_POINT('',(-0.0484,0.002,0.0452));
#3477=CARTESIAN_POINT('',(-0.0484,0.0128,0.038));
#3478=CARTESIAN_POINT('',(-0.0484,0.002,0.0416));
#3479=CARTESIAN_POINT('',(-0.041,0.0028,0.0452));
#3480=CARTESIAN_POINT('',(-0.041,0.00779999917837985,0.0452));
#3481=CARTESIAN_POINT('',(-0.041,0.00569999917837985,0.0452));
#3482=CARTESIAN_POINT('',(-0.0336,0.0028,0.0452));
#3483=CARTESIAN_POINT('',(-0.0336,0.0128,0.0452));
#3484=CARTESIAN_POINT('',(-0.0336,0.002,0.0452));
#3485=CARTESIAN_POINT('',(-0.0356,0.0128,0.0452));
#3486=CARTESIAN_POINT('',(-0.0464,0.0128,0.0452));
#3487=CARTESIAN_POINT('',(-0.0464,0.002,0.0452));
#3488=CARTESIAN_POINT('',(-0.0464,0.,0.0452));
#3489=CARTESIAN_POINT('',(-0.041,0.,0.0452));
#3490=CARTESIAN_POINT('',(-0.0356,0.,0.0452));
#3491=CARTESIAN_POINT('',(-0.0356,0.002,0.0452));
#3492=CARTESIAN_POINT('',(-0.0336,0.0028,0.0416));
#3493=CARTESIAN_POINT('',(-0.0336,0.0128,0.0416));
#3494=CARTESIAN_POINT('',(-0.0336,0.002,0.038));
#3495=CARTESIAN_POINT('',(0.0336,0.0028,0.0416));
#3496=CARTESIAN_POINT('',(0.0336,0.0028,0.0452));
#3497=CARTESIAN_POINT('',(0.0336,0.0128,0.0452));
#3498=CARTESIAN_POINT('',(0.0336,0.002,0.0452));
#3499=CARTESIAN_POINT('',(0.0336,0.0128,0.038));
#3500=CARTESIAN_POINT('',(0.0336,0.002,0.0416));
#3501=CARTESIAN_POINT('',(0.041,0.0028,0.0452));
#3502=CARTESIAN_POINT('',(0.041,0.00779999917837988,0.0452));
#3503=CARTESIAN_POINT('',(0.041,0.00569999917837988,0.0452));
#3504=CARTESIAN_POINT('',(0.0356,0.0128,0.0452));
#3505=CARTESIAN_POINT('',(0.0356,0.002,0.0452));
#3506=CARTESIAN_POINT('',(0.0356,0.,0.0452));
#3507=CARTESIAN_POINT('',(0.041,0.,0.0452));
#3508=CARTESIAN_POINT('',(0.0464,0.,0.0452));
#3509=CARTESIAN_POINT('',(0.0464,0.002,0.0452));
#3510=CARTESIAN_POINT('',(0.0464,0.0128,0.0452));
#3511=CARTESIAN_POINT('',(0.,0.,2.08166817117217E-17));
#3512=CARTESIAN_POINT('',(-0.0464,0.,2.08166817117217E-17));
#3513=CARTESIAN_POINT('',(-0.0464,0.,0.0368));
#3514=CARTESIAN_POINT('',(-0.05,0.,0.0368));
#3515=CARTESIAN_POINT('',(-0.0488,0.,0.0368));
#3516=CARTESIAN_POINT('',(-0.0488,0.,-0.038));
#3517=CARTESIAN_POINT('',(-0.0488,0.,-0.0368));
#3518=CARTESIAN_POINT('',(0.,0.,-0.0368));
#3519=CARTESIAN_POINT('',(-0.0464,0.,-0.0368));
#3520=CARTESIAN_POINT('',(-0.0464,0.,-0.0452));
#3521=CARTESIAN_POINT('',(-0.0356,0.,2.08166817117217E-17));
#3522=CARTESIAN_POINT('',(-0.0356,0.,-0.0368));
#3523=CARTESIAN_POINT('',(0.,0.,-0.0368));
#3524=CARTESIAN_POINT('',(0.0356,0.,-0.0368));
#3525=CARTESIAN_POINT('',(0.0356,0.,-0.0452));
#3526=CARTESIAN_POINT('',(0.0464,0.,2.08166817117217E-17));
#3527=CARTESIAN_POINT('',(0.0464,0.,-0.0368));
#3528=CARTESIAN_POINT('',(0.,0.,-0.0368));
#3529=CARTESIAN_POINT('',(0.0488,0.,-0.0368));
#3530=CARTESIAN_POINT('',(0.0488,0.,1.19056811193356E-17));
#3531=CARTESIAN_POINT('',(0.0488,0.,0.0368));
#3532=CARTESIAN_POINT('',(0.0464,0.,0.0368));
#3533=CARTESIAN_POINT('',(0.0464,0.,0.0368));
#3534=CARTESIAN_POINT('',(0.0464,0.,0.0452));
#3535=CARTESIAN_POINT('',(0.0356,0.,2.08166817117217E-17));
#3536=CARTESIAN_POINT('',(0.0356,0.,0.0368));
#3537=CARTESIAN_POINT('',(-0.0356,0.,0.0368));
#3538=CARTESIAN_POINT('',(-0.0356,0.,0.0368));
#3539=CARTESIAN_POINT('',(-0.0356,0.,0.0452));
#3540=CARTESIAN_POINT('',(1.38777878078145E-17,0.0148,0.0352));
#3541=CARTESIAN_POINT('',(-0.0432,0.0255,0.0352));
#3542=CARTESIAN_POINT('',(-0.0444,0.0255,0.0352));
#3543=CARTESIAN_POINT('',(0.0432,0.0255,0.0352));
#3544=CARTESIAN_POINT('',(0.042,0.0255,0.0352));
#3545=CARTESIAN_POINT('',(-0.036,0.004,0.0352));
#3546=CARTESIAN_POINT('',(-0.0358,0.012,0.0352));
#3547=CARTESIAN_POINT('',(-0.0358,0.013,0.0352));
#3548=CARTESIAN_POINT('',(-0.041,0.013,0.0352));
#3549=CARTESIAN_POINT('',(-0.0462,0.013,0.0352));
#3550=CARTESIAN_POINT('',(-0.0462,0.012,0.0352));
#3551=CARTESIAN_POINT('',(1.38777878078145E-17,0.0288,0.0352));
#3552=CARTESIAN_POINT('',(0.0462,0.012,0.0352));
#3553=CARTESIAN_POINT('',(0.0462,0.013,0.0352));
#3554=CARTESIAN_POINT('',(0.041,0.013,0.0352));
#3555=CARTESIAN_POINT('',(0.0358,0.013,0.0352));
#3556=CARTESIAN_POINT('',(0.0358,0.012,0.0352));
#3557=CARTESIAN_POINT('',(0.036,0.004,0.0352));
#3558=CARTESIAN_POINT('',(-0.0464,0.002,2.08166817117217E-17));
#3559=CARTESIAN_POINT('',(-0.0482330302779823,0.0012,-0.038));
#3560=CARTESIAN_POINT('',(-0.0480534380724409,0.000788502561941302,-0.038));
#3561=CARTESIAN_POINT('',(-0.0474490569412294,0.00017114878543341,-0.037612187643239));
#3562=CARTESIAN_POINT('',(-0.0467489471835676,0.,-0.0370702930858358));
#3563=CARTESIAN_POINT('',(-0.0464,0.,-0.0368));
#3564=CARTESIAN_POINT('',(-0.0356,0.002,-0.0416));
#3565=CARTESIAN_POINT('',(-0.0337669697220177,0.0012,-0.038));
#3566=CARTESIAN_POINT('',(-0.0339465619275591,0.000788502561941302,-0.038));
#3567=CARTESIAN_POINT('',(-0.0345509430587701,0.00017114878543341,-0.0376121876432383));
#3568=CARTESIAN_POINT('',(-0.0352510528164334,0.,-0.0370702930858371));
#3569=CARTESIAN_POINT('',(-0.0356,0.,-0.0368));
#3570=CARTESIAN_POINT('',(0.0464,0.002,-0.0416));
#3571=CARTESIAN_POINT('',(0.0482330302779823,0.0012,-0.038));
#3572=CARTESIAN_POINT('',(0.0480534380724409,0.000788502561941302,-0.038));
#3573=CARTESIAN_POINT('',(0.0474490569412303,0.00017114878543341,-0.0376121876432377));
#3574=CARTESIAN_POINT('',(0.0467489471835657,0.,-0.0370702930858383));
#3575=CARTESIAN_POINT('',(0.0464,0.,-0.0368));
#3576=CARTESIAN_POINT('',(0.0356,0.002,2.08166817117217E-17));
#3577=CARTESIAN_POINT('',(0.0337669697220177,0.0012,-0.038));
#3578=CARTESIAN_POINT('',(0.0339465619275591,0.000788502561941302,-0.038));
#3579=CARTESIAN_POINT('',(0.0345509430587701,0.00017114878543341,-0.0376121876432383));
#3580=CARTESIAN_POINT('',(0.0352510528164334,0.,-0.0370702930858371));
#3581=CARTESIAN_POINT('',(0.0356,0.,-0.0368));
#3582=CARTESIAN_POINT('',(0.0464,0.002,2.08166817117217E-17));
#3583=CARTESIAN_POINT('',(0.0482330302779823,0.0012,0.038));
#3584=CARTESIAN_POINT('',(0.0480534380724409,0.000788502561941304,0.038));
#3585=CARTESIAN_POINT('',(0.0474490569412294,0.000171148785433409,0.037612187643239));
#3586=CARTESIAN_POINT('',(0.0467489471835676,0.,0.0370702930858358));
#3587=CARTESIAN_POINT('',(0.0464,0.,0.0368));
#3588=CARTESIAN_POINT('',(0.0356,0.002,0.0416));
#3589=CARTESIAN_POINT('',(0.0337669697220177,0.0012,0.038));
#3590=CARTESIAN_POINT('',(0.0339465619275591,0.000788502561941304,0.038));
#3591=CARTESIAN_POINT('',(0.0345509430587697,0.000171148785433409,0.0376121876432377));
#3592=CARTESIAN_POINT('',(0.0352510528164343,0.,0.0370702930858383));
#3593=CARTESIAN_POINT('',(0.0356,0.,0.0368));
#3594=CARTESIAN_POINT('',(-0.0356,0.002,2.08166817117217E-17));
#3595=CARTESIAN_POINT('',(-0.0337669697220177,0.0012,0.038));
#3596=CARTESIAN_POINT('',(-0.033946561927559,0.000788502561941292,0.038));
#3597=CARTESIAN_POINT('',(-0.0345509430587701,0.000171148785433425,0.0376121876432383));
#3598=CARTESIAN_POINT('',(-0.0352510528164334,0.,0.0370702930858371));
#3599=CARTESIAN_POINT('',(-0.0356,0.,0.0368));
#3600=CARTESIAN_POINT('',(-0.0464,0.002,0.0416));
#3601=CARTESIAN_POINT('',(-0.0482330302779823,0.0012,0.038));
#3602=CARTESIAN_POINT('',(-0.0480534380724409,0.000788502561941304,0.038));
#3603=CARTESIAN_POINT('',(-0.0474490569412294,0.000171148785433409,0.037612187643239));
#3604=CARTESIAN_POINT('',(-0.0467489471835676,0.,0.0370702930858358));
#3605=CARTESIAN_POINT('',(-0.0464,0.,0.0368));
#3606=CARTESIAN_POINT('',(-0.041,0.00779999917837985,0.043998));
#3607=CARTESIAN_POINT('',(0.041,0.00779999917837988,0.043998));
#3608=CARTESIAN_POINT('',(0.041,0.00779999917837974,-0.043998));
#3609=CARTESIAN_POINT('',(-0.041,0.00779999917837975,-0.043998));
#3610=CARTESIAN_POINT('',(0.,0.013,2.08166817117217E-17));
#3611=CARTESIAN_POINT('',(-0.0358,0.013,2.08166817117217E-17));
#3612=CARTESIAN_POINT('',(-0.0462,0.013,2.81025203108243E-17));
#3613=CARTESIAN_POINT('',(0.,0.013,2.08166817117217E-17));
#3614=CARTESIAN_POINT('',(0.0358,0.013,2.08166817117217E-17));
#3615=CARTESIAN_POINT('',(0.0462,0.013,1.35308431126191E-17));
#3616=CARTESIAN_POINT('',(0.,0.013,2.08166817117217E-17));
#3617=CARTESIAN_POINT('',(0.0462,0.013,1.35308431126191E-17));
#3618=CARTESIAN_POINT('',(0.0358,0.013,2.08166817117217E-17));
#3619=CARTESIAN_POINT('',(0.,0.013,2.08166817117217E-17));
#3620=CARTESIAN_POINT('',(-0.0462,0.013,2.81025203108243E-17));
#3621=CARTESIAN_POINT('',(-0.0358,0.013,2.08166817117217E-17));
#3622=CARTESIAN_POINT('',(0.0356,0.0128,2.08166817117217E-17));
#3623=CARTESIAN_POINT('',(0.0464,0.0128,0.0416));
#3624=CARTESIAN_POINT('',(-0.0356,0.0128,0.0416));
#3625=CARTESIAN_POINT('',(-0.0464,0.0128,2.08166817117217E-17));
#3626=CARTESIAN_POINT('',(0.0464,0.0128,2.08166817117217E-17));
#3627=CARTESIAN_POINT('',(0.0356,0.0128,-0.0416));
#3628=CARTESIAN_POINT('',(-0.0356,0.0128,2.08166817117217E-17));
#3629=CARTESIAN_POINT('',(-0.0464,0.0128,-0.0416));
#3630=CARTESIAN_POINT('',(0.,0.0288,2.08166817117217E-17));
#3631=CARTESIAN_POINT('',(0.047198,0.016112670302391,0.0254997592419386));
#3632=CARTESIAN_POINT('',(0.0492,0.016112670302391,0.0254997592419386));
#3633=CARTESIAN_POINT('',(0.0492,0.0187126703023911,0.0254997592419386));
#3634=CARTESIAN_POINT('',(0.046,0.016112670302391,0.0254997592419386));
#3635=CARTESIAN_POINT('',(0.046,0.016112670302391,0.0280997592419386));
#3636=CARTESIAN_POINT('',(0.047198,0.016112670302391,-0.0254997592419386));
#3637=CARTESIAN_POINT('',(0.0492,0.016112670302391,-0.0254997592419386));
#3638=CARTESIAN_POINT('',(0.0492,0.0187126703023911,-0.0254997592419386));
#3639=CARTESIAN_POINT('',(0.046,0.016112670302391,-0.0254997592419386));
#3640=CARTESIAN_POINT('',(0.046,0.016112670302391,-0.0228997592419386));
#3641=CARTESIAN_POINT('',(-0.0492,0.0012,-0.0368));
#3642=CARTESIAN_POINT('',(-0.0488,0.0012,-0.0368));
#3643=CARTESIAN_POINT('',(-0.0488,0.0012,2.97276823041078E-17));
#3644=CARTESIAN_POINT('',(-0.0488,0.0012,0.0368));
#3645=CARTESIAN_POINT('',(0.,0.0012,0.0368));
#3646=CARTESIAN_POINT('',(0.,0.0012,0.0368));
#3647=CARTESIAN_POINT('',(0.0488,0.0012,0.0368));
#3648=CARTESIAN_POINT('',(0.0488,0.0012,7.15801686929377E-18));
#3649=CARTESIAN_POINT('',(0.0488,0.0012,-0.0368));
#3650=CARTESIAN_POINT('',(-0.0492,0.0012,-0.0368));
#3651=CARTESIAN_POINT('',(-0.0492,0.0012,-0.0368));
#3652=CARTESIAN_POINT('',(0.,0.0012,0.0368));
#3653=CARTESIAN_POINT('',(0.036,0.004,2.08166817117217E-17));
#3654=CARTESIAN_POINT('',(-0.036,0.004,2.08166817117217E-17));
#3655=CARTESIAN_POINT('',(-0.036,0.004,2.08166817117217E-17));
#3656=CARTESIAN_POINT('',(-0.046,0.004,2.80709798839883E-17));
#3657=CARTESIAN_POINT('',(0.046,0.004,1.3562383539455E-17));
#3658=CARTESIAN_POINT('',(0.036,0.004,2.08166817117217E-17));
#3659=CARTESIAN_POINT('',(0.0358,0.012,0.0396));
#3660=CARTESIAN_POINT('',(0.0462,0.012,1.40354899419942E-17));
#3661=CARTESIAN_POINT('',(0.0462,0.012,1.40354899419942E-17));
#3662=CARTESIAN_POINT('',(0.0358,0.012,-0.0396));
#3663=CARTESIAN_POINT('',(-0.0462,0.012,2.0658979577542E-17));
#3664=CARTESIAN_POINT('',(-0.0358,0.012,-0.0396));
#3665=CARTESIAN_POINT('',(-0.0358,0.012,0.0396));
#3666=CARTESIAN_POINT('',(-0.0462,0.012,2.0658979577542E-17));
#3667=CARTESIAN_POINT('',(-0.047198,0.0199391003698111,0.0170505847781896));
#3668=CARTESIAN_POINT('',(-0.047198,0.0116556854918599,1.07640504696717E-17));
#3669=CARTESIAN_POINT('',(-0.047198,0.0143556854918599,0.00546991773247095));
#3670=CARTESIAN_POINT('',(-0.047198,0.0143556854918599,-0.00546991773247093));
#3671=CARTESIAN_POINT('',(-0.047198,0.0116556854918599,0.00546991773247095));
#3672=CARTESIAN_POINT('',(-0.047198,0.00895568549185992,0.00546991773247094));
#3673=CARTESIAN_POINT('',(-0.047198,0.0116556854918599,-0.00546991773247093));
#3674=CARTESIAN_POINT('',(-0.047198,0.00895568549185992,-0.00546991773247093));
#3675=CARTESIAN_POINT('',(-0.047198,0.0116556854918599,7.29460351771805E-18));
#3676=CARTESIAN_POINT('',(-0.047198,0.0199391003698111,-0.0170505847781896));
#3677=CARTESIAN_POINT('',(0.0488,0.0117075604258925,2.82120817935175E-18));
#3678=CARTESIAN_POINT('',(0.0488,0.0117075604258925,2.82120817935175E-18));
#3679=CARTESIAN_POINT('',(0.0488,0.0117075604258925,-0.00315));
#3680=CARTESIAN_POINT('',(0.0488,0.0144,-1.9721066884789E-18));
#3681=CARTESIAN_POINT('',(0.0112180756987072,0.0233359254912355,-0.0332));
#3682=CARTESIAN_POINT('',(-0.0106373438611627,0.0233359254912355,-0.0332));
#3683=CARTESIAN_POINT('',(-0.0106373438611627,0.0233359254912355,-0.0332));
#3684=CARTESIAN_POINT('',(0.0112180756987072,0.0233359254912355,-0.0332));
#3685=CARTESIAN_POINT('',(0.0330734952585771,0.0233359254912355,-0.0332));
#3686=CARTESIAN_POINT('',(0.0330734952585771,0.0233359254912355,-0.0332));
#3687=CARTESIAN_POINT('',(-0.0106373438611627,0.0223359254912356,-0.0332));
#3688=CARTESIAN_POINT('',(-0.0106373438611627,0.0218359254912356,-0.0327));
#3689=CARTESIAN_POINT('',(-0.0106373438611627,0.0213359254912356,-0.0332));
#3690=CARTESIAN_POINT('',(-0.0106373438611627,0.0223359254912356,-0.0332));
#3691=CARTESIAN_POINT('',(0.0330734952585771,0.0223359254912356,-0.0332));
#3692=CARTESIAN_POINT('',(0.0330734952585771,0.0223359254912356,-0.0332));
#3693=CARTESIAN_POINT('',(0.0330734952585771,0.0213359254912356,-0.0332));
#3694=CARTESIAN_POINT('',(0.0330734952585771,0.0213359254912356,-0.0332));
#3695=CARTESIAN_POINT('',(-6.61986429912988E-18,0.0158,-0.0332));
#3696=CARTESIAN_POINT('',(0.0112180756987072,0.0213359254912356,-0.0332));
#3697=CARTESIAN_POINT('',(-0.0283891154048851,0.0233379254912356,0.0223));
#3698=CARTESIAN_POINT('',(-0.0283891154048851,0.0028,0.0223));
#3699=CARTESIAN_POINT('',(-0.0273891154048851,0.0028,0.0223));
#3700=CARTESIAN_POINT('',(-0.0283891154048851,0.0233359254912355,0.0223));
#3701=CARTESIAN_POINT('',(-0.0273891154048851,0.0233359254912355,0.0223));
#3702=CARTESIAN_POINT('',(-0.0283891154048851,0.0233379254912356,0.0223));
#3703=CARTESIAN_POINT('',(-0.0283891154048851,0.0048,0.0223));
#3704=CARTESIAN_POINT('',(-0.0253891154048851,0.0048,0.0223));
#3705=CARTESIAN_POINT('',(-0.0283891154048851,0.0233359254912355,0.0223));
#3706=CARTESIAN_POINT('',(-0.0253891154048851,0.0233359254912355,0.0223));
#3707=CARTESIAN_POINT('',(0.0112180756987072,0.0233359254912355,-0.0332));
#3708=CARTESIAN_POINT('',(0.,0.0028,2.08166817117217E-17));
#3709=CARTESIAN_POINT('',(-0.0283891154048852,0.0233379254912356,-0.0327));
#3710=CARTESIAN_POINT('',(-0.0283891154048852,0.0028,-0.0327));
#3711=CARTESIAN_POINT('',(-0.0273891154048852,0.0028,-0.0327));
#3712=CARTESIAN_POINT('',(-0.0283891154048852,0.0233359254912355,-0.0327));
#3713=CARTESIAN_POINT('',(-0.0273891154048852,0.0233359254912355,-0.0327));
#3714=CARTESIAN_POINT('',(-0.0283891154048852,0.0233379254912356,-0.0327));
#3715=CARTESIAN_POINT('',(-0.0283891154048852,0.0048,-0.0327));
#3716=CARTESIAN_POINT('',(-0.0283891154048852,0.0233359254912355,-0.0327));
#3717=CARTESIAN_POINT('',(0.0112180756987072,0.0233359254912355,-0.0332));
#3718=CARTESIAN_POINT('',(0.,0.0028,2.08166817117217E-17));
#3719=CARTESIAN_POINT('',(0.0112180756987072,0.0213359254912356,-0.0332));
#3720=CARTESIAN_POINT('',(-0.0283891154048851,0.0048,0.0223));
#3721=CARTESIAN_POINT('',(-0.0283891154048852,0.0048,-0.0327));
#3722=CARTESIAN_POINT('',(0.046,0.016112670302391,-0.0254997592419386));
#3723=CARTESIAN_POINT('',(0.046,0.016112670302391,-0.0254997592419386));
#3724=CARTESIAN_POINT('',(0.046,0.016112670302391,-0.0218997592419386));
#3725=CARTESIAN_POINT('',(0.046,0.0164,1.3562383539455E-17));
#3726=CARTESIAN_POINT('',(0.046,0.016112670302391,0.0254997592419386));
#3727=CARTESIAN_POINT('',(0.046,0.016112670302391,0.0254997592419386));
#3728=CARTESIAN_POINT('',(0.046,0.016112670302391,0.0290997592419386));
#3729=CARTESIAN_POINT('',(0.046,0.0164,1.3562383539455E-17));
#3730=CARTESIAN_POINT('',(0.0492,0.016112670302391,-0.0254997592419386));
#3731=CARTESIAN_POINT('',(0.0492,0.016112670302391,0.0254997592419386));
#3732=CARTESIAN_POINT('',(0.0432,0.0255,-0.038002));
#3733=CARTESIAN_POINT('',(0.0432,0.0255,0.0372));
#3734=CARTESIAN_POINT('',(0.0432,0.0243,0.0372));
#3735=CARTESIAN_POINT('',(-0.0432,0.0255,-0.038002));
#3736=CARTESIAN_POINT('',(-0.0432,0.0255,0.0372));
#3737=CARTESIAN_POINT('',(-0.0432,0.0243,0.0372));
#3738=CARTESIAN_POINT('',(0.0432,0.0255,-0.038002));
#3739=CARTESIAN_POINT('',(0.0432,0.0255,-0.0372));
#3740=CARTESIAN_POINT('',(0.0432,0.0243,-0.0372));
#3741=CARTESIAN_POINT('',(-0.0432,0.0255,-0.038002));
#3742=CARTESIAN_POINT('',(-0.0432,0.0255,-0.0372));
#3743=CARTESIAN_POINT('',(-0.0432,0.0243,-0.0372));
#3744=CARTESIAN_POINT('',(0.0432,0.0255,-0.0372));
#3745=CARTESIAN_POINT('',(-0.0432,0.0255,-0.0372));
#3746=CARTESIAN_POINT('',(0.0432,0.0255,0.0372));
#3747=CARTESIAN_POINT('',(-0.0432,0.0255,0.0372));
#3748=MECHANICAL_DESIGN_GEOMETRIC_PRESENTATION_REPRESENTATION('',(#2186),
#3749);
#3749=(
GEOMETRIC_REPRESENTATION_CONTEXT(3)
GLOBAL_UNCERTAINTY_ASSIGNED_CONTEXT((#3750))
GLOBAL_UNIT_ASSIGNED_CONTEXT((#3753,#3752,#3751))
REPRESENTATION_CONTEXT('Car - Body','TOP_LEVEL_ASSEMBLY_PART')
);
#3750=UNCERTAINTY_MEASURE_WITH_UNIT(LENGTH_MEASURE(2.E-5),#3753,
'DISTANCE_ACCURACY_VALUE','Maximum Tolerance applied to model');
#3751=(
NAMED_UNIT(*)
SI_UNIT($,.STERADIAN.)
SOLID_ANGLE_UNIT()
);
#3752=(
NAMED_UNIT(*)
PLANE_ANGLE_UNIT()
SI_UNIT($,.RADIAN.)
);
#3753=(
LENGTH_UNIT()
NAMED_UNIT(*)
SI_UNIT($,.METRE.)
);
#3754=PRODUCT_DEFINITION_SHAPE('','',#3755);
#3755=PRODUCT_DEFINITION('','',#3757,#3756);
#3756=PRODUCT_DEFINITION_CONTEXT('',#3763,'design');
#3757=PRODUCT_DEFINITION_FORMATION_WITH_SPECIFIED_SOURCE('','',#3759,
 .NOT_KNOWN.);
#3758=PRODUCT_RELATED_PRODUCT_CATEGORY('','',(#3759));
#3759=PRODUCT('Car - Body','Car - Body','Car - Body',(#3761));
#3760=PRODUCT_CATEGORY('','');
#3761=PRODUCT_CONTEXT('',#3763,'mechanical');
#3762=APPLICATION_PROTOCOL_DEFINITION('international standard',
'ap242_managed_model_based_3d_engineering',2020,#3763);
#3763=APPLICATION_CONTEXT('managed model based 3d engineering');
ENDSEC;
END-ISO-10303-21;
